global_id,name,object_type,type_name,type_predefined_type,occurrence_predefined_type,materials,current_status,current_load_bearing,candidate_status,basis,confidence,review_required,visible_in_wall_plan,min_x_mm,min_y_mm,min_z_mm,max_x_mm,max_y_mm,max_z_mm,size_x_mm,size_y_mm,size_z_mm,source_ifc_sha256
0$9uFhN9v7tw5pryslitkb,Wall,,WAL200,PARTITIONING,,Aircrete,EXISTING,False,CONFIRMED_EXISTING_NON_LOAD_BEARING,IFC Pset_WallCommon.Status=EXISTING and LoadBearing=false; user-confirmed orange group,1.0,no,True,0.000000,3200.000000,0.000000,3200.000000,3400.000000,3000.000000,3200.000000,200.000000,3000.000000,7a5537da3e356ba167e68a41ef6ca8fc01e9c637af42d9ef26a7cd54c35a1e7e
04rs0EDjn2EvxytEQSxWRB,Wall,,WAL170,PARTITIONING,,Unknown,NEW,,CONFIRMED_NEW,IFC Pset_WallCommon.Status=NEW,1.0,no,True,-6500.000000,-70.000000,0.000000,-6020.000000,100.000000,2480.000000,480.000000,170.000000,2480.000000,7a5537da3e356ba167e68a41ef6ca8fc01e9c637af42d9ef26a7cd54c35a1e7e
05LSYayab3n9CDi01pw9K$,Wall,,WAL200B,SHEAR,,Concrete,EXISTING,True,CONFIRMED_EXISTING_LOAD_BEARING,IFC Pset_WallCommon.Status=EXISTING and LoadBearing=true; user-confirmed blue-gray group,1.0,no,True,-6700.000000,-4200.000000,0.000000,-6500.000000,-1100.000000,3000.000000,200.000000,3100.000000,3000.000000,7a5537da3e356ba167e68a41ef6ca8fc01e9c637af42d9ef26a7cd54c35a1e7e
0LbcMYbS508RMhWL3dk51Z,Wall,,BWW01,PARAPET,,Aircrete,EXISTING,False,CONFIRMED_EXISTING_NON_LOAD_BEARING,IFC Pset_WallCommon.Status=EXISTING and LoadBearing=false; user-confirmed orange group,1.0,no,False,-4899.987000,3399.999990,2450.014893,-4699.990082,4000.005021,2750.010818,199.996917,600.005031,299.995926,7a5537da3e356ba167e68a41ef6ca8fc01e9c637af42d9ef26a7cd54c35a1e7e
0WeXy0Nt55NxHgOrArxZd8,Wall,,WAL200,PARTITIONING,,Aircrete,EXISTING,False,CONFIRMED_EXISTING_NON_LOAD_BEARING,IFC Pset_WallCommon.Status=EXISTING and LoadBearing=false; user-confirmed orange group,1.0,no,True,-1900.000000,3200.000000,580.000000,-1700.000000,4000.000000,2480.000000,200.000000,800.000000,1900.000000,7a5537da3e356ba167e68a41ef6ca8fc01e9c637af42d9ef26a7cd54c35a1e7e
0a6glteMX7_x6fU36rB7Xa,Wall,,WAL100,PARTITIONING,,Aircrete,EXISTING,False,CONFIRMED_EXISTING_NON_LOAD_BEARING,IFC Pset_WallCommon.Status=EXISTING and LoadBearing=false; user-confirmed orange group,1.0,no,True,-1900.000000,200.000000,0.000000,-1800.000000,3200.000000,2600.000000,100.000000,3000.000000,2600.000000,7a5537da3e356ba167e68a41ef6ca8fc01e9c637af42d9ef26a7cd54c35a1e7e
0ekISWRMjETQVsONKhC0oM,Wall,,WAL200S,SOLIDWALL,,Aircrete,EXISTING,False,CONFIRMED_EXISTING_NON_LOAD_BEARING,IFC Pset_WallCommon.Status=EXISTING and LoadBearing=false; user-confirmed orange group,1.0,no,True,-6300.000462,2600.000000,580.000000,-6100.000000,2800.000462,2480.000000,200.000462,200.000462,1900.000000,7a5537da3e356ba167e68a41ef6ca8fc01e9c637af42d9ef26a7cd54c35a1e7e
0hKdvAZkn1TejLgJhK_vDp,Wall,,WAL100,PARTITIONING,,Aircrete,EXISTING,False,CONFIRMED_EXISTING_NON_LOAD_BEARING,IFC Pset_WallCommon.Status=EXISTING and LoadBearing=false; user-confirmed orange group,1.0,no,True,-1800.000000,1273.000000,0.000000,-200.000000,1373.000000,2870.000000,1600.000000,100.000000,2870.000000,7a5537da3e356ba167e68a41ef6ca8fc01e9c637af42d9ef26a7cd54c35a1e7e
0jLabLY_9C18Pu7tVszuIs,Wall,,WAL200B,SHEAR,,Concrete,EXISTING,True,CONFIRMED_EXISTING_LOAD_BEARING,IFC Pset_WallCommon.Status=EXISTING and LoadBearing=true; user-confirmed blue-gray group,1.0,no,True,3200.000000,3200.000000,0.000000,4000.000000,3400.000000,3000.000000,800.000000,200.000000,3000.000000,7a5537da3e356ba167e68a41ef6ca8fc01e9c637af42d9ef26a7cd54c35a1e7e
0jhVMe5nn9b8xNJphVwucj,Wall,,WAL200,PARTITIONING,,Aircrete,EXISTING,False,CONFIRMED_EXISTING_NON_LOAD_BEARING,IFC Pset_WallCommon.Status=EXISTING and LoadBearing=false; user-confirmed orange group,1.0,no,True,-3000.000000,-5200.000000,650.000000,-200.000000,-5000.000000,2450.000000,2800.000000,200.000000,1800.000000,7a5537da3e356ba167e68a41ef6ca8fc01e9c637af42d9ef26a7cd54c35a1e7e
0nNkP2k99BqQJilK0$E7fQ,Wall,,WAL200B,SHEAR,,Concrete,EXISTING,True,CONFIRMED_EXISTING_LOAD_BEARING,IFC Pset_WallCommon.Status=EXISTING and LoadBearing=true; user-confirmed blue-gray group,1.0,no,True,3200.000000,-1600.000000,0.000000,6700.000000,-1400.000000,3000.000000,3500.000000,200.000000,3000.000000,7a5537da3e356ba167e68a41ef6ca8fc01e9c637af42d9ef26a7cd54c35a1e7e
0qZZv8B9b9SQk3mAPTXSfP,Wall,,BWW01,PARAPET,,Aircrete,EXISTING,False,CONFIRMED_EXISTING_NON_LOAD_BEARING,IFC Pset_WallCommon.Status=EXISTING and LoadBearing=false; user-confirmed orange group,1.0,no,True,-6749.982300,-5250.000000,447.000000,-6499.987316,-4599.949958,647.000000,249.994984,650.050042,200.000000,7a5537da3e356ba167e68a41ef6ca8fc01e9c637af42d9ef26a7cd54c35a1e7e
0rj$xpoALDGQ3T1Tw9NAOA,Wall,,WAL200,PARTITIONING,,Aircrete,EXISTING,False,CONFIRMED_EXISTING_NON_LOAD_BEARING,IFC Pset_WallCommon.Status=EXISTING and LoadBearing=false; user-confirmed orange group,1.0,no,True,-5250.000000,2800.000000,580.000000,-5050.000000,3200.000000,2480.000000,200.000000,400.000000,1900.000000,7a5537da3e356ba167e68a41ef6ca8fc01e9c637af42d9ef26a7cd54c35a1e7e
0vMU_9TZXEV8GPr46AYxhu,Wall,,BWW01,PARAPET,,Aircrete,EXISTING,False,CONFIRMED_EXISTING_NON_LOAD_BEARING,IFC Pset_WallCommon.Status=EXISTING and LoadBearing=false; user-confirmed orange group,1.0,no,False,-3000.000000,-5199.987000,2450.014893,-200.000000,-4400.000000,3000.013721,2800.000000,799.987000,549.998828,7a5537da3e356ba167e68a41ef6ca8fc01e9c637af42d9ef26a7cd54c35a1e7e
122leYIbHFFBi0YE3uzZDV,Wall,,BWW03,PARAPET,,Aircrete,EXISTING,False,CONFIRMED_EXISTING_NON_LOAD_BEARING,IFC Pset_WallCommon.Status=EXISTING and LoadBearing=false; user-confirmed orange group,1.0,no,True,-6300.000000,2600.000000,0.000000,-5050.000000,3450.020386,680.000000,1250.000000,850.020386,680.000000,7a5537da3e356ba167e68a41ef6ca8fc01e9c637af42d9ef26a7cd54c35a1e7e
15OpJLVNT1KBzxIDjBV7yp,Wall,,WAL200S,SOLIDWALL,,Aircrete,EXISTING,False,CONFIRMED_EXISTING_NON_LOAD_BEARING,IFC Pset_WallCommon.Status=EXISTING and LoadBearing=false; user-confirmed orange group,1.0,no,True,-1700.000462,3200.000000,580.000000,-1500.000000,3400.000462,2480.000000,200.000462,200.000462,1900.000000,7a5537da3e356ba167e68a41ef6ca8fc01e9c637af42d9ef26a7cd54c35a1e7e
18Qhf59crDCAy$scVOCK92,Wall,,WAL350B,SHEAR,,Concrete,EXISTING,True,CONFIRMED_EXISTING_LOAD_BEARING,IFC Pset_WallCommon.Status=EXISTING and LoadBearing=true; user-confirmed blue-gray group,1.0,no,True,-5050.000000,2600.000000,0.000000,-4700.000000,3400.000000,3000.000000,350.000000,800.000000,3000.000000,7a5537da3e356ba167e68a41ef6ca8fc01e9c637af42d9ef26a7cd54c35a1e7e
18eimQPoDDKg_QKo2uX5el,Wall,,WAL200B,SHEAR,,Concrete,EXISTING,True,CONFIRMED_EXISTING_LOAD_BEARING,IFC Pset_WallCommon.Status=EXISTING and LoadBearing=true; user-confirmed blue-gray group,1.0,no,True,-200.011331,-5200.000000,0.000000,-0.000000,-3699.998489,3000.000000,200.011331,1500.001511,3000.000000,7a5537da3e356ba167e68a41ef6ca8fc01e9c637af42d9ef26a7cd54c35a1e7e
1AEziWa0DAR8TEFYF8unFF,Wall,,BWW03,PARAPET,,Aircrete,EXISTING,False,CONFIRMED_EXISTING_NON_LOAD_BEARING,IFC Pset_WallCommon.Status=EXISTING and LoadBearing=false; user-confirmed orange group,1.0,no,False,-1900.000000,3200.000000,2480.000000,-650.000000,3999.958069,3000.000000,1250.000000,799.958069,520.000000,7a5537da3e356ba167e68a41ef6ca8fc01e9c637af42d9ef26a7cd54c35a1e7e
1AxFP7vkD30Q3ZdxDr_l4l,Wall,,WAL200,PARTITIONING,,Aircrete,EXISTING,False,CONFIRMED_EXISTING_NON_LOAD_BEARING,IFC Pset_WallCommon.Status=EXISTING and LoadBearing=false; user-confirmed orange group,1.0,no,True,4000.000000,3800.000000,650.000000,6300.000000,4000.000000,2450.000000,2300.000000,200.000000,1800.000000,7a5537da3e356ba167e68a41ef6ca8fc01e9c637af42d9ef26a7cd54c35a1e7e
1GT_8LA1P1AQ20xisLLbMN,Wall,,WAL400B,SHEAR,,Concrete,EXISTING,True,CONFIRMED_EXISTING_LOAD_BEARING,IFC Pset_WallCommon.Status=EXISTING and LoadBearing=true; user-confirmed blue-gray group,1.0,no,True,-3400.000000,-5199.999995,0.000000,-2999.909152,-4399.954575,3000.000000,400.090848,800.045420,3000.000000,7a5537da3e356ba167e68a41ef6ca8fc01e9c637af42d9ef26a7cd54c35a1e7e
1Jfv0e_IDCLRJN$vloEl97,Wall,,WAL200,PARTITIONING,,Aircrete,EXISTING,False,CONFIRMED_EXISTING_NON_LOAD_BEARING,IFC Pset_WallCommon.Status=EXISTING and LoadBearing=false; user-confirmed orange group,1.0,no,True,-6700.000000,-5200.000000,647.000000,-3400.000000,-5000.000000,2447.000000,3300.000000,200.000000,1800.000000,7a5537da3e356ba167e68a41ef6ca8fc01e9c637af42d9ef26a7cd54c35a1e7e
1KEHQ8njvClveqqoC3Ygq$,Wall,,WAL200,PARTITIONING,,Aircrete,EXISTING,False,CONFIRMED_EXISTING_NON_LOAD_BEARING,IFC Pset_WallCommon.Status=EXISTING and LoadBearing=false; user-confirmed orange group,1.0,no,True,-650.000000,3400.000000,0.000000,-450.000000,4000.000000,3000.000000,200.000000,600.000000,3000.000000,7a5537da3e356ba167e68a41ef6ca8fc01e9c637af42d9ef26a7cd54c35a1e7e
1NPW7kpY90ofCA3b1oDHTr,Wall,,WAL200,PARTITIONING,,Aircrete,EXISTING,False,CONFIRMED_EXISTING_NON_LOAD_BEARING,IFC Pset_WallCommon.Status=EXISTING and LoadBearing=false; user-confirmed orange group,1.0,no,True,-6300.000000,2800.000000,580.000000,-6100.000000,3200.000000,2480.000000,200.000000,400.000000,1900.000000,7a5537da3e356ba167e68a41ef6ca8fc01e9c637af42d9ef26a7cd54c35a1e7e
1W_SysTb9CJQGS7TZtcqax,Wall,,WAL400B,SHEAR,,Concrete,EXISTING,True,CONFIRMED_EXISTING_LOAD_BEARING,IFC Pset_WallCommon.Status=EXISTING and LoadBearing=true; user-confirmed blue-gray group,1.0,no,True,-200.000000,-6000.000000,0.000000,200.000000,-5200.000000,3000.000000,400.000000,800.000000,3000.000000,7a5537da3e356ba167e68a41ef6ca8fc01e9c637af42d9ef26a7cd54c35a1e7e
1YQyOdKDnFiOaH$X4tK5dp,Wall,,BWW03,PARAPET,,Aircrete,EXISTING,False,CONFIRMED_EXISTING_NON_LOAD_BEARING,IFC Pset_WallCommon.Status=EXISTING and LoadBearing=false; user-confirmed orange group,1.0,no,False,-6300.000000,2600.000000,2480.000000,-5050.000000,3399.958069,3000.000000,1250.000000,799.958069,520.000000,7a5537da3e356ba167e68a41ef6ca8fc01e9c637af42d9ef26a7cd54c35a1e7e
1ZVH2UdTP3dRvnG0LRbYIR,Wall,,WAL200,PARTITIONING,,Aircrete,EXISTING,False,CONFIRMED_EXISTING_NON_LOAD_BEARING,IFC Pset_WallCommon.Status=EXISTING and LoadBearing=false; user-confirmed orange group,1.0,no,True,-6700.000000,-5200.000000,647.000000,-6500.000000,-4600.000000,2447.000000,200.000000,600.000000,1800.000000,7a5537da3e356ba167e68a41ef6ca8fc01e9c637af42d9ef26a7cd54c35a1e7e
1aQiUP$CH5uhQBoEX8NjwK,Wall,,WAL450B,SHEAR,,Concrete,EXISTING,True,CONFIRMED_EXISTING_LOAD_BEARING,IFC Pset_WallCommon.Status=EXISTING and LoadBearing=true; user-confirmed blue-gray group,1.0,no,True,-450.000000,3200.000000,0.000000,0.000000,4000.000000,3000.000000,450.000000,800.000000,3000.000000,7a5537da3e356ba167e68a41ef6ca8fc01e9c637af42d9ef26a7cd54c35a1e7e
1haxNPS0P1FxP1VZiCTIFV,Wall,,WAL200S,SOLIDWALL,,Aircrete,EXISTING,False,CONFIRMED_EXISTING_NON_LOAD_BEARING,IFC Pset_WallCommon.Status=EXISTING and LoadBearing=false; user-confirmed orange group,1.0,no,True,-3000.000000,-4600.000468,550.000000,-2799.999532,-4400.000000,2450.000000,200.000468,200.000468,1900.000000,7a5537da3e356ba167e68a41ef6ca8fc01e9c637af42d9ef26a7cd54c35a1e7e
1kB9zQpv94vO1NObylFPcP,Wall,,BWW01,PARAPET,,Aircrete,EXISTING,False,CONFIRMED_EXISTING_NON_LOAD_BEARING,IFC Pset_WallCommon.Status=EXISTING and LoadBearing=false; user-confirmed orange group,1.0,no,True,4000.000000,3200.000000,0.000000,6300.000000,4049.982300,650.000000,2300.000000,849.982300,650.000000,7a5537da3e356ba167e68a41ef6ca8fc01e9c637af42d9ef26a7cd54c35a1e7e
1oa6zGXK1CeuV$1tRZM9Ob,Wall,,WAL200B,SHEAR,,Concrete,EXISTING,True,CONFIRMED_EXISTING_LOAD_BEARING,IFC Pset_WallCommon.Status=EXISTING and LoadBearing=true; user-confirmed blue-gray group,1.0,no,True,3200.000000,-3850.000000,0.000000,3400.000000,-1400.000000,3000.000000,200.000000,2450.000000,3000.000000,7a5537da3e356ba167e68a41ef6ca8fc01e9c637af42d9ef26a7cd54c35a1e7e
1q9EfwGKLByPI32Mi7AhWS,Wall,,WAL200,PARTITIONING,,Aircrete,EXISTING,False,CONFIRMED_EXISTING_NON_LOAD_BEARING,IFC Pset_WallCommon.Status=EXISTING and LoadBearing=false; user-confirmed orange group,1.0,no,True,5900.000000,103.000000,0.000000,6700.000000,303.000000,3000.000000,800.000000,200.000000,3000.000000,7a5537da3e356ba167e68a41ef6ca8fc01e9c637af42d9ef26a7cd54c35a1e7e
1qTZAO3FXD8uU5_b8nP56O,Wall,,WAL200,PARTITIONING,,Aircrete,EXISTING,False,CONFIRMED_EXISTING_NON_LOAD_BEARING,IFC Pset_WallCommon.Status=EXISTING and LoadBearing=false; user-confirmed orange group,1.0,no,True,4000.000000,3400.000000,550.000000,4200.000000,3800.000000,2650.000000,200.000000,400.000000,2100.000000,7a5537da3e356ba167e68a41ef6ca8fc01e9c637af42d9ef26a7cd54c35a1e7e
1vyfckSCz8Fww8vTAKGqom,Wall,,WAL200B,SHEAR,,Concrete,EXISTING,True,CONFIRMED_EXISTING_LOAD_BEARING,IFC Pset_WallCommon.Status=EXISTING and LoadBearing=true; user-confirmed blue-gray group,1.0,no,True,-4901.000000,3.000000,0.000000,-4701.000000,400.000000,3000.000000,200.000000,397.000000,3000.000000,7a5537da3e356ba167e68a41ef6ca8fc01e9c637af42d9ef26a7cd54c35a1e7e
1yuWIPQdP3uuPJnZhwUAcx,Wall,,WAL400B,SHEAR,,Concrete,EXISTING,True,CONFIRMED_EXISTING_LOAD_BEARING,IFC Pset_WallCommon.Status=EXISTING and LoadBearing=true; user-confirmed blue-gray group,1.0,no,True,-6900.000000,-4600.000000,0.000000,-6500.000000,-4200.000000,3000.000000,400.000000,400.000000,3000.000000,7a5537da3e356ba167e68a41ef6ca8fc01e9c637af42d9ef26a7cd54c35a1e7e
21rLg3DBL3dupCGoi2RsUf,Wall,,WAL200B,SHEAR,,Concrete,EXISTING,True,CONFIRMED_EXISTING_LOAD_BEARING,IFC Pset_WallCommon.Status=EXISTING and LoadBearing=true; user-confirmed blue-gray group,1.0,no,True,3800.000000,3200.000000,0.000000,4000.000000,4100.000000,3000.000000,200.000000,900.000000,3000.000000,7a5537da3e356ba167e68a41ef6ca8fc01e9c637af42d9ef26a7cd54c35a1e7e
21vcsFmEvC2xpOEhH31C0E,Wall,,WAL200,PARTITIONING,,Aircrete,EXISTING,False,CONFIRMED_EXISTING_NON_LOAD_BEARING,IFC Pset_WallCommon.Status=EXISTING and LoadBearing=false; user-confirmed orange group,1.0,no,True,3200.000000,-5200.000000,0.000000,3400.000000,-3850.000000,3000.000000,200.000000,1350.000000,3000.000000,7a5537da3e356ba167e68a41ef6ca8fc01e9c637af42d9ef26a7cd54c35a1e7e
23tK4hWyjBMvcAx0XfRa09,Wall,,WAL400B,SHEAR,,Concrete,EXISTING,True,CONFIRMED_EXISTING_LOAD_BEARING,IFC Pset_WallCommon.Status=EXISTING and LoadBearing=true; user-confirmed blue-gray group,1.0,no,True,-6700.000000,2600.000000,0.000000,-6300.000000,3400.000000,3000.000000,400.000000,800.000000,3000.000000,7a5537da3e356ba167e68a41ef6ca8fc01e9c637af42d9ef26a7cd54c35a1e7e
24AqfsAbz9a9uOPQhRX75e,Wall,,WAL200B,SHEAR,,Concrete,EXISTING,True,CONFIRMED_EXISTING_LOAD_BEARING,IFC Pset_WallCommon.Status=EXISTING and LoadBearing=true; user-confirmed blue-gray group,1.0,no,True,-4901.000000,3.000000,0.000000,-3001.000000,203.000000,3000.000000,1900.000000,200.000000,3000.000000,7a5537da3e356ba167e68a41ef6ca8fc01e9c637af42d9ef26a7cd54c35a1e7e
24TAYXjcD4EQjzT1RbeRjW,Wall,,WAL200,PARTITIONING,,Aircrete,EXISTING,False,CONFIRMED_EXISTING_NON_LOAD_BEARING,IFC Pset_WallCommon.Status=EXISTING and LoadBearing=false; user-confirmed orange group,1.0,no,True,-6300.000000,3200.000000,680.000000,-5050.000000,3400.000000,2480.000000,1250.000000,200.000000,1800.000000,7a5537da3e356ba167e68a41ef6ca8fc01e9c637af42d9ef26a7cd54c35a1e7e
26tBNOs75EH9eZKZJlkRH3,Wall,,WAL200,PARTITIONING,,Aircrete,EXISTING,False,CONFIRMED_EXISTING_NON_LOAD_BEARING,IFC Pset_WallCommon.Status=EXISTING and LoadBearing=false; user-confirmed orange group,1.0,no,True,-3000.000000,-5000.000000,550.000000,-2800.000000,-4600.000000,2650.000000,200.000000,400.000000,2100.000000,7a5537da3e356ba167e68a41ef6ca8fc01e9c637af42d9ef26a7cd54c35a1e7e
26z2GfGaTA$RfZRO_HdeCI,Wall,,BWW01,PARAPET,,Aircrete,EXISTING,False,CONFIRMED_EXISTING_NON_LOAD_BEARING,IFC Pset_WallCommon.Status=EXISTING and LoadBearing=false; user-confirmed orange group,1.0,no,True,-4949.982300,3399.999990,450.000000,-4699.990077,4050.000000,650.000000,249.992222,650.000010,200.000000,7a5537da3e356ba167e68a41ef6ca8fc01e9c637af42d9ef26a7cd54c35a1e7e
27xkga6Qr2v8HW65geRw7i,Wall,,BWW01,PARAPET,,Aircrete,EXISTING,False,CONFIRMED_EXISTING_NON_LOAD_BEARING,IFC Pset_WallCommon.Status=EXISTING and LoadBearing=false; user-confirmed orange group,1.0,no,False,-6700.005183,-5199.987000,2450.014893,-6500.000000,-4999.982042,2750.010818,200.005183,200.004957,299.995926,7a5537da3e356ba167e68a41ef6ca8fc01e9c637af42d9ef26a7cd54c35a1e7e
28l5JUTGT3r8kMzEzzSngn,Wall,,WAL200,PARTITIONING,,Aircrete,EXISTING,False,CONFIRMED_EXISTING_NON_LOAD_BEARING,IFC Pset_WallCommon.Status=EXISTING and LoadBearing=false; user-confirmed orange group,1.0,no,True,-4900.000000,3400.000000,650.000000,-4700.000000,4000.000000,2450.000000,200.000000,600.000000,1800.000000,7a5537da3e356ba167e68a41ef6ca8fc01e9c637af42d9ef26a7cd54c35a1e7e
2Ca2tGerPBj8kvUTjlUtDl,厨房移门门垛墙,全屋定制门垛及调料收纳,,,USERDEFINED,,NEW,,CONFIRMED_NEW,IFC Pset_WallCommon.Status=NEW,1.0,no,True,2550.000000,-3832.000000,0.000000,3200.000000,-3678.000000,2400.000000,650.000000,154.000000,2400.000000,7a5537da3e356ba167e68a41ef6ca8fc01e9c637af42d9ef26a7cd54c35a1e7e
2D8TYZqFD9ou0OP0wZWxih,Wall,,WAL200,PARTITIONING,,Aircrete,EXISTING,False,CONFIRMED_EXISTING_NON_LOAD_BEARING,IFC Pset_WallCommon.Status=EXISTING and LoadBearing=false; user-confirmed orange group,1.0,no,True,6100.000000,3400.000000,550.000000,6300.000000,3800.000000,2650.000000,200.000000,400.000000,2100.000000,7a5537da3e356ba167e68a41ef6ca8fc01e9c637af42d9ef26a7cd54c35a1e7e
2Hzb2UxozCF9TjOK5nW1XC,Wall,,WAL200,PARTITIONING,,Aircrete,EXISTING,False,CONFIRMED_EXISTING_NON_LOAD_BEARING,IFC Pset_WallCommon.Status=EXISTING and LoadBearing=false; user-confirmed orange group,1.0,no,True,5900.000000,-1400.000000,0.000000,6100.000000,303.000000,3000.000000,200.000000,1703.000000,3000.000000,7a5537da3e356ba167e68a41ef6ca8fc01e9c637af42d9ef26a7cd54c35a1e7e
2IZwo0dYv0p8B0RhP1oOtT,Wall,,BWW01,PARAPET,,Aircrete,EXISTING,False,CONFIRMED_EXISTING_NON_LOAD_BEARING,IFC Pset_WallCommon.Status=EXISTING and LoadBearing=false; user-confirmed orange group,1.0,no,True,-6500.000000,-5249.982300,0.027276,-3400.000000,-4400.000000,647.000000,3100.000000,849.982300,646.972724,7a5537da3e356ba167e68a41ef6ca8fc01e9c637af42d9ef26a7cd54c35a1e7e
2KjLxctsH7ShdaODr66Wg0,Wall,,BWW01,PARAPET,,Aircrete,EXISTING,False,CONFIRMED_EXISTING_NON_LOAD_BEARING,IFC Pset_WallCommon.Status=EXISTING and LoadBearing=false; user-confirmed orange group,1.0,no,False,-4899.986066,3800.000000,2450.014893,-4699.999092,3999.987000,2750.010818,199.986975,199.987000,299.995926,7a5537da3e356ba167e68a41ef6ca8fc01e9c637af42d9ef26a7cd54c35a1e7e
2NAJrrSQb2twKjQ2V6lQI6,Wall,,WAL200,PARTITIONING,,Aircrete,EXISTING,False,CONFIRMED_EXISTING_NON_LOAD_BEARING,IFC Pset_WallCommon.Status=EXISTING and LoadBearing=false; user-confirmed orange group,1.0,no,True,3800.000000,4100.000000,0.000000,4000.000000,4900.000000,3000.000000,200.000000,800.000000,3000.000000,7a5537da3e356ba167e68a41ef6ca8fc01e9c637af42d9ef26a7cd54c35a1e7e
2OyR0O$o90F9hKvgkw30Em,Wall,,BWW01,PARAPET,,Aircrete,EXISTING,False,CONFIRMED_EXISTING_NON_LOAD_BEARING,IFC Pset_WallCommon.Status=EXISTING and LoadBearing=false; user-confirmed orange group,1.0,no,False,-6699.987000,-5199.986797,2450.014893,-6499.987316,-4599.949958,2750.010818,199.999683,600.036839,299.995926,7a5537da3e356ba167e68a41ef6ca8fc01e9c637af42d9ef26a7cd54c35a1e7e
2QGNuB0B16IeBRoltmvWce,Wall,,WAL200,PARTITIONING,,Aircrete,EXISTING,False,CONFIRMED_EXISTING_NON_LOAD_BEARING,IFC Pset_WallCommon.Status=EXISTING and LoadBearing=false; user-confirmed orange group,1.0,no,True,-1700.000000,3800.000000,674.000000,-650.000000,4000.000000,2474.000000,1050.000000,200.000000,1800.000000,7a5537da3e356ba167e68a41ef6ca8fc01e9c637af42d9ef26a7cd54c35a1e7e
2QL0HI22bBP9QJHhfY1YLK,Wall,,BWW01,PARAPET,,Aircrete,EXISTING,False,CONFIRMED_EXISTING_NON_LOAD_BEARING,IFC Pset_WallCommon.Status=EXISTING and LoadBearing=false; user-confirmed orange group,1.0,no,False,-6500.000000,-5199.987000,2450.014893,-3400.000000,-4400.000000,3000.000000,3100.000000,799.987000,549.985107,7a5537da3e356ba167e68a41ef6ca8fc01e9c637af42d9ef26a7cd54c35a1e7e
2TMU7718r0mAuJUNlb2SYn,Wall,,WAL400B,SHEAR,,Concrete,EXISTING,True,CONFIRMED_EXISTING_LOAD_BEARING,IFC Pset_WallCommon.Status=EXISTING and LoadBearing=true; user-confirmed blue-gray group,1.0,no,True,3000.000000,-6000.000000,0.000000,3400.000000,-5200.000000,3000.000000,400.000000,800.000000,3000.000000,7a5537da3e356ba167e68a41ef6ca8fc01e9c637af42d9ef26a7cd54c35a1e7e
2WAa5VUzT7ROWsWFxg38yH,Wall,,WAL200,PARTITIONING,,Aircrete,EXISTING,False,CONFIRMED_EXISTING_NON_LOAD_BEARING,IFC Pset_WallCommon.Status=EXISTING and LoadBearing=false; user-confirmed orange group,1.0,no,True,-200.000000,4000.000000,0.000000,0.000000,4903.000000,3000.000000,200.000000,903.000000,3000.000000,7a5537da3e356ba167e68a41ef6ca8fc01e9c637af42d9ef26a7cd54c35a1e7e
2XslZd4419P8dGGPeAflZX,Wall,,WAL200,PARTITIONING,,Aircrete,EXISTING,False,CONFIRMED_EXISTING_NON_LOAD_BEARING,IFC Pset_WallCommon.Status=EXISTING and LoadBearing=false; user-confirmed orange group,1.0,no,True,-400.000000,-5000.000000,550.000000,-200.000000,-4600.000000,2650.000000,200.000000,400.000000,2100.000000,7a5537da3e356ba167e68a41ef6ca8fc01e9c637af42d9ef26a7cd54c35a1e7e
2amSzxJIb9ceddTJOslmHk,Wall,,WAL200,PARTITIONING,,Aircrete,EXISTING,False,CONFIRMED_EXISTING_NON_LOAD_BEARING,IFC Pset_WallCommon.Status=EXISTING and LoadBearing=false; user-confirmed orange group,1.0,no,True,-6700.000000,-1100.000000,0.000000,-6500.000000,0.000000,3000.000000,200.000000,1100.000000,3000.000000,7a5537da3e356ba167e68a41ef6ca8fc01e9c637af42d9ef26a7cd54c35a1e7e
2cAQkZskLDv8hZ_cW77VS1,Wall,,WAL200S,SOLIDWALL,,Aircrete,EXISTING,False,CONFIRMED_EXISTING_NON_LOAD_BEARING,IFC Pset_WallCommon.Status=EXISTING and LoadBearing=false; user-confirmed orange group,1.0,no,True,-650.000000,3199.999532,0.000000,-449.999532,3400.000000,3000.000000,200.000468,200.000468,3000.000000,7a5537da3e356ba167e68a41ef6ca8fc01e9c637af42d9ef26a7cd54c35a1e7e
2h_R7XgCnEihwQ9xO2qxEJ,Wall,,WAL400B,SHEAR,,Concrete,EXISTING,True,CONFIRMED_EXISTING_LOAD_BEARING,IFC Pset_WallCommon.Status=EXISTING and LoadBearing=true; user-confirmed blue-gray group,1.0,no,True,6300.000000,3200.000000,0.000000,6700.001014,4000.000507,3000.000000,400.001014,800.000507,3000.000000,7a5537da3e356ba167e68a41ef6ca8fc01e9c637af42d9ef26a7cd54c35a1e7e
2nUpG$tzj0vR6tg5N9FJJ_,Wall,,WAL100,PARTITIONING,,Aircrete,EXISTING,False,CONFIRMED_EXISTING_NON_LOAD_BEARING,IFC Pset_WallCommon.Status=EXISTING and LoadBearing=false; user-confirmed orange group,1.0,no,True,-5001.000000,2.999770,0.000000,-4900.999770,103.000000,2400.000000,100.000230,100.000230,2400.000000,7a5537da3e356ba167e68a41ef6ca8fc01e9c637af42d9ef26a7cd54c35a1e7e
322GWgwy5EpfjZYxs3LRoD,Wall,,WAL200,PARTITIONING,,Aircrete,EXISTING,False,CONFIRMED_EXISTING_NON_LOAD_BEARING,IFC Pset_WallCommon.Status=EXISTING and LoadBearing=false; user-confirmed orange group,1.0,no,True,-200.000000,4700.000000,0.000000,4000.000000,4900.000000,3000.000000,4200.000000,200.000000,3000.000000,7a5537da3e356ba167e68a41ef6ca8fc01e9c637af42d9ef26a7cd54c35a1e7e
34MraFd1nFsep2QMO2kY48,Wall,,BWW01,PARAPET,,Aircrete,EXISTING,False,CONFIRMED_EXISTING_NON_LOAD_BEARING,IFC Pset_WallCommon.Status=EXISTING and LoadBearing=false; user-confirmed orange group,1.0,no,True,-3000.000000,-5249.982300,0.014257,-200.000000,-4400.000000,650.000000,2800.000000,849.982300,649.985743,7a5537da3e356ba167e68a41ef6ca8fc01e9c637af42d9ef26a7cd54c35a1e7e
37ZsdMPsnFCwBzj_WFlAfy,Wall,,WAL200S,SOLIDWALL,,Aircrete,EXISTING,False,CONFIRMED_EXISTING_NON_LOAD_BEARING,IFC Pset_WallCommon.Status=EXISTING and LoadBearing=false; user-confirmed orange group,1.0,no,True,6099.999538,3200.000000,550.000000,6300.000000,3400.000462,2450.000000,200.000462,200.000462,1900.000000,7a5537da3e356ba167e68a41ef6ca8fc01e9c637af42d9ef26a7cd54c35a1e7e
3DDP4nbdn6AApndIK6kkR4,Wall,,WAL200,PARTITIONING,,Aircrete,EXISTING,False,CONFIRMED_EXISTING_NON_LOAD_BEARING,IFC Pset_WallCommon.Status=EXISTING and LoadBearing=false; user-confirmed orange group,1.0,no,True,-1700.000000,3400.000000,580.000000,-1500.000000,3800.000000,2480.000000,200.000000,400.000000,1900.000000,7a5537da3e356ba167e68a41ef6ca8fc01e9c637af42d9ef26a7cd54c35a1e7e
3I1CMx2brDHRAqSOCI6eq6,Wall,,WAL200,PARTITIONING,,Aircrete,EXISTING,False,CONFIRMED_EXISTING_NON_LOAD_BEARING,IFC Pset_WallCommon.Status=EXISTING and LoadBearing=false; user-confirmed orange group,1.0,no,True,-4700.000000,3800.000000,650.000000,-1900.000000,4000.000000,2450.000000,2800.000000,200.000000,1800.000000,7a5537da3e356ba167e68a41ef6ca8fc01e9c637af42d9ef26a7cd54c35a1e7e
3IOZ8Z$$5DH9cGih34wZt$,Wall,,WAL200B,SHEAR,,Concrete,EXISTING,True,CONFIRMED_EXISTING_LOAD_BEARING,IFC Pset_WallCommon.Status=EXISTING and LoadBearing=true; user-confirmed blue-gray group,1.0,no,True,-3200.000000,-4400.001446,0.000000,-2999.989881,-3000.000000,3000.000000,200.010119,1400.001446,3000.000000,7a5537da3e356ba167e68a41ef6ca8fc01e9c637af42d9ef26a7cd54c35a1e7e
3Iwtjib290RgoxOZXiXjY_,Wall,,WAL200B,SHEAR,,Concrete,EXISTING,True,CONFIRMED_EXISTING_LOAD_BEARING,IFC Pset_WallCommon.Status=EXISTING and LoadBearing=true; user-confirmed blue-gray group,1.0,no,True,-200.000000,0.000000,0.000000,0.000000,3200.000000,3000.000000,200.000000,3200.000000,3000.000000,7a5537da3e356ba167e68a41ef6ca8fc01e9c637af42d9ef26a7cd54c35a1e7e
3JyOUPuivAwvLvV8DSz6CD,Wall,,BWW01,PARAPET,,Aircrete,EXISTING,False,CONFIRMED_EXISTING_NON_LOAD_BEARING,IFC Pset_WallCommon.Status=EXISTING and LoadBearing=false; user-confirmed orange group,1.0,no,False,4000.000000,3200.000000,2450.014893,6300.000000,3999.987000,3000.000000,2300.000000,799.987000,549.985107,7a5537da3e356ba167e68a41ef6ca8fc01e9c637af42d9ef26a7cd54c35a1e7e
3Ks3Ov9p5EJ93H8eLBmiyy,Wall,,WAL200S,SOLIDWALL,,Aircrete,EXISTING,False,CONFIRMED_EXISTING_NON_LOAD_BEARING,IFC Pset_WallCommon.Status=EXISTING and LoadBearing=false; user-confirmed orange group,1.0,no,True,4000.000000,3199.999532,550.000000,4200.000468,3400.000000,2450.000000,200.000468,200.000468,1900.000000,7a5537da3e356ba167e68a41ef6ca8fc01e9c637af42d9ef26a7cd54c35a1e7e
3KxJ$jTjT69vr2qwa3swbL,Wall,,BWW01,PARAPET,,Aircrete,EXISTING,False,CONFIRMED_EXISTING_NON_LOAD_BEARING,IFC Pset_WallCommon.Status=EXISTING and LoadBearing=false; user-confirmed orange group,1.0,no,False,-4700.000000,3200.000000,2450.014893,-1900.000000,3999.987000,3000.014365,2800.000000,799.987000,549.999473,7a5537da3e356ba167e68a41ef6ca8fc01e9c637af42d9ef26a7cd54c35a1e7e
3NM8wlQfDDFB3rAZF1Mq_N,Wall,,WAL200,PARTITIONING,,Aircrete,EXISTING,False,CONFIRMED_EXISTING_NON_LOAD_BEARING,IFC Pset_WallCommon.Status=EXISTING and LoadBearing=false; user-confirmed orange group,1.0,no,True,6500.000000,103.000000,0.000000,6700.000000,600.000000,3000.000000,200.000000,497.000000,3000.000000,7a5537da3e356ba167e68a41ef6ca8fc01e9c637af42d9ef26a7cd54c35a1e7e
3OVQygdDn17huGOgJJFTOY,Wall,,WAL100P,PLUMBINGWALL,,Aircrete,EXISTING,False,CONFIRMED_EXISTING_NON_LOAD_BEARING,IFC Pset_WallCommon.Status=EXISTING and LoadBearing=false; user-confirmed orange group,1.0,no,True,-6480.000000,-1030.000000,0.000000,-6380.000000,-70.000000,700.000000,100.000000,960.000000,700.000000,7a5537da3e356ba167e68a41ef6ca8fc01e9c637af42d9ef26a7cd54c35a1e7e
3TV2zkQdH3QRCAFhe47WOL,Wall,,BWW02,PARAPET,,Aircrete,EXISTING,False,CONFIRMED_EXISTING_NON_LOAD_BEARING,IFC Pset_WallCommon.Status=EXISTING and LoadBearing=false; user-confirmed orange group,1.0,no,False,200.000000,-6050.000000,2470.010803,3000.000000,-5200.000000,3000.010386,2800.000000,850.000000,529.999583,7a5537da3e356ba167e68a41ef6ca8fc01e9c637af42d9ef26a7cd54c35a1e7e
3VgMpCodXEA9ViTVPIQmcR,Wall,,WAL200,PARTITIONING,,Aircrete,EXISTING,False,CONFIRMED_EXISTING_NON_LOAD_BEARING,IFC Pset_WallCommon.Status=EXISTING and LoadBearing=false; user-confirmed orange group,1.0,no,True,-4901.000000,400.000000,0.000000,-4701.000000,2600.000000,2520.000000,200.000000,2200.000000,2520.000000,7a5537da3e356ba167e68a41ef6ca8fc01e9c637af42d9ef26a7cd54c35a1e7e
3W8L7rd6vBx9Y_wSLIYlqb,Wall,,WAL100,PARTITIONING,,Aircrete,EXISTING,False,CONFIRMED_EXISTING_NON_LOAD_BEARING,IFC Pset_WallCommon.Status=EXISTING and LoadBearing=false; user-confirmed orange group,1.0,no,True,-1900.000000,3.000000,0.000000,-1800.000000,203.000000,2600.000000,100.000000,200.000000,2600.000000,7a5537da3e356ba167e68a41ef6ca8fc01e9c637af42d9ef26a7cd54c35a1e7e
3gksf1Sxz5TRfXh5l$12xr,Wall,,BWW02,PARAPET,,Aircrete,EXISTING,False,CONFIRMED_EXISTING_NON_LOAD_BEARING,IFC Pset_WallCommon.Status=EXISTING and LoadBearing=false; user-confirmed orange group,1.0,no,True,200.000000,-6050.000000,0.012377,3000.000000,-5200.000000,1070.000000,2800.000000,850.000000,1069.987623,7a5537da3e356ba167e68a41ef6ca8fc01e9c637af42d9ef26a7cd54c35a1e7e
3hKNxGFpT1NPjsqhFgHhOQ,Wall,,BWW03,PARAPET,,Aircrete,EXISTING,False,CONFIRMED_EXISTING_NON_LOAD_BEARING,IFC Pset_WallCommon.Status=EXISTING and LoadBearing=false; user-confirmed orange group,1.0,no,True,-1900.000000,3200.000000,-0.000536,-650.000000,4050.020386,680.000000,1250.000000,850.020386,680.000536,7a5537da3e356ba167e68a41ef6ca8fc01e9c637af42d9ef26a7cd54c35a1e7e
3jha5L04zBjh0$pMl_tHLy,Wall,,WAL170,PARTITIONING,,Unknown,NEW,,CONFIRMED_NEW,IFC Pset_WallCommon.Status=NEW,1.0,no,True,-6500.000000,-1200.000000,0.000000,-6020.000000,-1030.000000,2480.000000,480.000000,170.000000,2480.000000,7a5537da3e356ba167e68a41ef6ca8fc01e9c637af42d9ef26a7cd54c35a1e7e
3kCjg_sZ1EF85Nip_y67gy,Wall,,BWW01,PARAPET,,Aircrete,EXISTING,False,CONFIRMED_EXISTING_NON_LOAD_BEARING,IFC Pset_WallCommon.Status=EXISTING and LoadBearing=false; user-confirmed orange group,1.0,no,True,-4700.000000,3200.000000,0.014455,-1900.000000,4049.982300,650.000000,2800.000000,849.982300,649.985545,7a5537da3e356ba167e68a41ef6ca8fc01e9c637af42d9ef26a7cd54c35a1e7e
3pAfMJYxPBlwR30CstZ4kK,Cube,,,,MOVABLE,WhiteWall,NEW,,CONFIRMED_NEW,IFC Pset_WallCommon.Status=NEW,1.0,no,True,0.000000,-3848.000000,0.000000,1360.000000,-3698.000000,2400.000000,1360.000000,150.000000,2400.000000,7a5537da3e356ba167e68a41ef6ca8fc01e9c637af42d9ef26a7cd54c35a1e7e
3pq6QdkHHDZR3RR1nYivCC,Wall,,WAL200,PARTITIONING,,Aircrete,EXISTING,False,CONFIRMED_EXISTING_NON_LOAD_BEARING,IFC Pset_WallCommon.Status=EXISTING and LoadBearing=false; user-confirmed orange group,1.0,no,True,200.000000,-6000.000000,1070.000000,3000.000000,-5800.000000,2470.000000,2800.000000,200.000000,1400.000000,7a5537da3e356ba167e68a41ef6ca8fc01e9c637af42d9ef26a7cd54c35a1e7e
3q92bI3TT78eG2hJbura4B,Wall,,WAL200S,SOLIDWALL,,Aircrete,EXISTING,False,CONFIRMED_EXISTING_NON_LOAD_BEARING,IFC Pset_WallCommon.Status=EXISTING and LoadBearing=false; user-confirmed orange group,1.0,no,True,-5250.000000,2600.000000,580.000000,-5050.000000,2800.000000,2480.000000,200.000000,200.000000,1900.000000,7a5537da3e356ba167e68a41ef6ca8fc01e9c637af42d9ef26a7cd54c35a1e7e
3qz3zPw_r7nf0mYn_Jv805,Wall,,WAL200S,SOLIDWALL,,Aircrete,EXISTING,False,CONFIRMED_EXISTING_NON_LOAD_BEARING,IFC Pset_WallCommon.Status=EXISTING and LoadBearing=false; user-confirmed orange group,1.0,no,True,-400.000000,-4600.000000,550.000000,-200.000000,-4400.000000,2450.000000,200.000000,200.000000,1900.000000,7a5537da3e356ba167e68a41ef6ca8fc01e9c637af42d9ef26a7cd54c35a1e7e
3s$BGbHSj8hxQSeUdUDGfx,Wall,,BWW01,PARAPET,,Aircrete,EXISTING,False,CONFIRMED_EXISTING_NON_LOAD_BEARING,IFC Pset_WallCommon.Status=EXISTING and LoadBearing=false; user-confirmed orange group,1.0,no,True,-6750.000000,-5249.982300,447.000000,-6500.000000,-4999.982101,647.000000,250.000000,250.000199,200.000000,7a5537da3e356ba167e68a41ef6ca8fc01e9c637af42d9ef26a7cd54c35a1e7e
3tvnsnioX7PQZ7u8kENvQd,Wall,,BWW01,PARAPET,,Aircrete,EXISTING,False,CONFIRMED_EXISTING_NON_LOAD_BEARING,IFC Pset_WallCommon.Status=EXISTING and LoadBearing=false; user-confirmed orange group,1.0,no,True,-4950.000000,3800.000000,450.000000,-4699.999048,4049.982300,650.000000,250.000952,249.982300,200.000000,7a5537da3e356ba167e68a41ef6ca8fc01e9c637af42d9ef26a7cd54c35a1e7e
3ty1lUpQfD3fY1yf0Dxo53,Wall,,WAL200B,SHEAR,,Concrete,EXISTING,True,CONFIRMED_EXISTING_LOAD_BEARING,IFC Pset_WallCommon.Status=EXISTING and LoadBearing=true; user-confirmed blue-gray group,1.0,no,True,-6700.000000,0.000000,0.000000,-6500.000000,2600.000000,3000.000000,200.000000,2600.000000,3000.000000,7a5537da3e356ba167e68a41ef6ca8fc01e9c637af42d9ef26a7cd54c35a1e7e
3uxUxvIOTAHOul$htmNuGA,Wall,,WAL100,PARTITIONING,,Aircrete,EXISTING,False,CONFIRMED_EXISTING_NON_LOAD_BEARING,IFC Pset_WallCommon.Status=EXISTING and LoadBearing=false; user-confirmed orange group,1.0,no,True,-3001.000000,3.000000,0.000000,-1800.000000,103.000000,2600.000000,1201.000000,100.000000,2600.000000,7a5537da3e356ba167e68a41ef6ca8fc01e9c637af42d9ef26a7cd54c35a1e7e
3wW32FPxv45Ac3yhuS2W5U,Wall,,WAL200B,SHEAR,,Concrete,EXISTING,True,CONFIRMED_EXISTING_LOAD_BEARING,IFC Pset_WallCommon.Status=EXISTING and LoadBearing=true; user-confirmed blue-gray group,1.0,no,True,6500.000000,600.000000,0.000000,6700.000000,3200.000000,3000.000000,200.000000,2600.000000,3000.000000,7a5537da3e356ba167e68a41ef6ca8fc01e9c637af42d9ef26a7cd54c35a1e7e
