candidate_id,global_id,name,current_tag,material,kind,container,primary_space,primary_space_overlap_ratio,space_overlaps,bbox,top_plane,confirmed_material,review_group,review_required,review_question,basis,confidence,formal_ifc_write_allowed
F01,13bntpeVvD48VefEcWQ_CL,Covering,,TerrazzoMosaicTile,sloped_wet_tile,BATHG,客卫,0.5108465212384152,"[{""global_id"":""3bF9ub5u5FFgmXQtSgfWnW"",""long_name"":""客卫"",""overlap_area_mm2"":327009.4387483704,""covering_overlap_ratio"":0.5108465212384152},{""global_id"":""3I284j2FzFG9RguqlzYOH2"",""long_name"":""客卫飘窗"",""overlap_area_mm2"":313123.01816964947,""covering_overlap_ratio"":0.4891534787615841}]","{""min_mm"":[-1799.8986482620203,2891.238201564537,-22.645194107175595],""max_mm"":[-999.8986482620201,3691.403772712062,5.73113470067239],""dimensions_mm"":[800.0000000000002,800.165571147525,28.376328807847983],""centre_mm"":[-1399.8986482620203,3291.3209871382996,-8.457029703251603]}","{""point_count"":4,""a_dz_dx"":1.5058510081994842e-17,""b_dz_dy"":0.010472355980666564,""c_mm"":-32.92436639069085,""slope_percent"":1.0472355980666563,""downhill_direction"":""S"",""top_min_z_mm"":-2.646290719,""top_max_z_mm"":5.731134701,""maximum_fit_residual_mm"":8.881784197001252e-15}",,A105-R02,no,1.047% 坡度及箭头所示下坡方向已由用户在 Blender 确认；现有坡面世界几何保持。,formal IFC Body geometry + material association + current Space overlap audit + confirmed A-105 decisions,1.0,no
F02,3wm6Ng2YT52BiRfqPP7E4N,Covering,,TerrazzoMosaicTile,sloped_wet_tile,BATHG,客卫,0.5108465212384152,"[{""global_id"":""3bF9ub5u5FFgmXQtSgfWnW"",""long_name"":""客卫"",""overlap_area_mm2"":327009.4387483704,""covering_overlap_ratio"":0.5108465212384152},{""global_id"":""3I284j2FzFG9RguqlzYOH2"",""long_name"":""客卫飘窗"",""overlap_area_mm2"":313123.01816964947,""covering_overlap_ratio"":0.4891534787615841}]","{""min_mm"":[-997.8985428810121,2891.238201564537,-22.645194107175595],""max_mm"":[-197.89854288101182,3691.403772712062,5.73113470067239],""dimensions_mm"":[800.0000000000002,800.165571147525,28.376328807847983],""centre_mm"":[-597.898542881012,3291.3209871382996,-8.457029703251603]}","{""point_count"":4,""a_dz_dx"":9.141945879649724e-18,""b_dz_dy"":0.010472355980666558,""c_mm"":-32.924366390690835,""slope_percent"":1.0472355980666557,""downhill_direction"":""S"",""top_min_z_mm"":-2.646290719,""top_max_z_mm"":5.731134701,""maximum_fit_residual_mm"":1.5987211554602254e-14}",,A105-R02,no,1.047% 坡度及箭头所示下坡方向已由用户在 Blender 确认；现有坡面世界几何保持。,formal IFC Body geometry + material association + current Space overlap audit + confirmed A-105 decisions,1.0,no
F03,3k9cT8nxj3o8yzLjoQc_Yt,Covering,,TerrazzoMosaicTile,sloped_wet_tile,BATHM,客卫,1.0,"[{""global_id"":""3bF9ub5u5FFgmXQtSgfWnW"",""long_name"":""客卫"",""overlap_area_mm2"":560528.9108902288,""covering_overlap_ratio"":1.0}]","{""min_mm"":[-1799.8990058898903,2188.787411015858,-30.00152467540824],""max_mm"":[-999.8990058897821,2889.4485496285947,-2.667241702409683],""dimensions_mm"":[800.0000000001082,700.6611386127365,27.334282972998558],""centre_mm"":[-1399.8990058898362,2539.1179803222267,-16.334383188908962]}","{""point_count"":4,""a_dz_dx"":-6.249961246881387e-12,""b_dz_dy"":0.010472355980896055,""c_mm"":-32.924382228912705,""slope_percent"":1.0472355980896055,""downhill_direction"":""S"",""top_min_z_mm"":-10.002621288,""top_max_z_mm"":-2.667241702,""maximum_fit_residual_mm"":3.68594044175552e-14}",,A105-R02,no,1.047% 坡度及箭头所示下坡方向已由用户在 Blender 确认；现有坡面世界几何保持。,formal IFC Body geometry + material association + current Space overlap audit + confirmed A-105 decisions,1.0,no
F04,0AN5MRpZ16dRCAg1l5TOyz,Covering,,TerrazzoMosaicTile,sloped_wet_tile,BATHM,客卫,1.0,"[{""global_id"":""3bF9ub5u5FFgmXQtSgfWnW"",""long_name"":""客卫"",""overlap_area_mm2"":560528.9108902288,""covering_overlap_ratio"":1.0}]","{""min_mm"":[-997.8989601135253,2188.787411015858,-30.00152467540824],""max_mm"":[-197.89896011341708,2889.4485496285947,-2.667241702409683],""dimensions_mm"":[800.0000000001082,700.6611386127365,27.334282972998558],""centre_mm"":[-597.8989601134712,2539.1179803222267,-16.334383188908962]}","{""point_count"":4,""a_dz_dx"":-6.249972136513663e-12,""b_dz_dy"":0.010472355980896055,""c_mm"":-32.92438222390025,""slope_percent"":1.0472355980896055,""downhill_direction"":""S"",""top_min_z_mm"":-10.002621288,""top_max_z_mm"":-2.667241702,""maximum_fit_residual_mm"":2.2648549702353193e-14}",,A105-R02,no,1.047% 坡度及箭头所示下坡方向已由用户在 Blender 确认；现有坡面世界几何保持。,formal IFC Body geometry + material association + current Space overlap audit + confirmed A-105 decisions,1.0,no
F05,0gTPiPQhvFcumlS52PtTnD,Covering,,TerrazzoMosaicTile,sloped_wet_tile,BATHM,主卫湿区,0.9973639908800396,"[{""global_id"":""3a4COIs5X7lgDirMBDT4Vs"",""long_name"":""主卫湿区"",""overlap_area_mm2"":638445.061940873,""covering_overlap_ratio"":0.9973639908800396},{""global_id"":""2QIFZrZIr8GQwOQOo0KVFP"",""long_name"":""主卫湿区飘窗"",""overlap_area_mm2"":1687.3949944641954,""covering_overlap_ratio"":0.002636009119960382}]","{""min_mm"":[-6499.812507629391,1901.9436725739097,-38.77925577143636],""max_mm"":[-5699.81250762939,2702.1092437430802,-10.402925474026729],""dimensions_mm"":[800.0000000000009,800.1655711691706,28.37633029740963],""centre_mm"":[-6099.812507629391,2302.026458158495,-24.591090622731546]}","{""point_count"":4,""a_dz_dx"":-3.572152206652866e-18,""b_dz_dy"":0.010472357843478145,""c_mm"":-38.69818712133397,""slope_percent"":1.0472357843478144,""downhill_direction"":""S"",""top_min_z_mm"":-18.780352384,""top_max_z_mm"":-10.402925474,""maximum_fit_residual_mm"":7.105427357601002e-15}",,A105-R02,no,1.047% 坡度及箭头所示下坡方向已由用户在 Blender 确认；现有坡面世界几何保持。,formal IFC Body geometry + material association + current Space overlap audit + confirmed A-105 decisions,1.0,no
F06,1exwKOUpD1tO93c2_9MojK,Covering,,TerrazzoMosaicTile,sloped_wet_tile,BATHM,主卫湿区,0.9973639908800397,"[{""global_id"":""3a4COIs5X7lgDirMBDT4Vs"",""long_name"":""主卫湿区"",""overlap_area_mm2"":638445.0619408723,""covering_overlap_ratio"":0.9973639908800397},{""global_id"":""2QIFZrZIr8GQwOQOo0KVFP"",""long_name"":""主卫湿区飘窗"",""overlap_area_mm2"":1687.3949944641936,""covering_overlap_ratio"":0.0026360091199603823}]","{""min_mm"":[-5697.81246185303,1901.9436725739097,-38.77925577143636],""max_mm"":[-4897.81246185303,2702.1092437430802,-10.402925474026729],""dimensions_mm"":[800.0,800.1655711691706,28.37633029740963],""centre_mm"":[-5297.81246185303,2302.026458158495,-24.591090622731546]}","{""point_count"":4,""a_dz_dx"":4.713205773499871e-18,""b_dz_dy"":0.010472357843478155,""c_mm"":-38.698187121333966,""slope_percent"":1.0472357843478155,""downhill_direction"":""S"",""top_min_z_mm"":-18.780352384,""top_max_z_mm"":-10.402925474,""maximum_fit_residual_mm"":1.4210854715202004e-14}",,A105-R02,no,1.047% 坡度及箭头所示下坡方向已由用户在 Blender 确认；现有坡面世界几何保持。,formal IFC Body geometry + material association + current Space overlap audit + confirmed A-105 decisions,1.0,no
F07,38mTGSlgvAK8S$ghNqax$m,Covering,,TerrazzoMosaicTile,sloped_wet_tile,BATHM,客卫,0.9999999999999998,"[{""global_id"":""3bF9ub5u5FFgmXQtSgfWnW"",""long_name"":""客卫"",""overlap_area_mm2"":79755.12776222876,""covering_overlap_ratio"":0.9999999999999998}]","{""min_mm"":[-1799.8990058899155,2074.493501313065,-29.834876906720282],""max_mm"":[-999.89900588989,2174.187411015858,-8.794136506390535],""dimensions_mm"":[800.0000000000256,99.69390970279301,21.040740400329746],""centre_mm"":[-1399.8990058899028,2124.340456164461,-19.31450670655541]}","{""point_count"":4,""a_dz_dx"":1.2500119213538177e-12,""b_dz_dy"":-0.010472357844359011,""c_mm"":12.932895072109906,""slope_percent"":1.047235784435901,""downhill_direction"":""N"",""top_min_z_mm"":-9.835973519,""top_max_z_mm"":-8.794136506,""maximum_fit_residual_mm"":8.881784197001252e-15}",,A105-R02,no,1.047% 坡度及箭头所示下坡方向已由用户在 Blender 确认；现有坡面世界几何保持。,formal IFC Body geometry + material association + current Space overlap audit + confirmed A-105 decisions,1.0,no
F08,1CcaP1Bo53phkUAss7qLPT,Covering,,TerrazzoMosaicTile,sloped_wet_tile,BATHM,客卫,1.0000000000000002,"[{""global_id"":""3bF9ub5u5FFgmXQtSgfWnW"",""long_name"":""客卫"",""overlap_area_mm2"":79755.12776222876,""covering_overlap_ratio"":1.0000000000000002}]","{""min_mm"":[-997.8989601135504,2074.493501313065,-29.834876906720282],""max_mm"":[-197.89896011352494,2174.187411015858,-8.794136506390535],""dimensions_mm"":[800.0000000000255,99.69390970279301,21.040740400329746],""centre_mm"":[-597.8989601135377,2124.340456164461,-19.31450670655541]}","{""point_count"":4,""a_dz_dx"":1.1492840451946896e-12,""b_dz_dy"":-0.010472357844388607,""c_mm"":12.932895071107307,""slope_percent"":1.0472357844388607,""downhill_direction"":""N"",""top_min_z_mm"":-9.835973519,""top_max_z_mm"":-8.794136506,""maximum_fit_residual_mm"":4.4501291540655075e-11}",,A105-R02,no,1.047% 坡度及箭头所示下坡方向已由用户在 Blender 确认；现有坡面世界几何保持。,formal IFC Body geometry + material association + current Space overlap audit + confirmed A-105 decisions,1.0,no
F09,2dEG2g8YT6te1$zV2kUnlv,Covering,,TerrazzoMosaicTile,sloped_wet_tile,BATHM,主卫湿区,1.0,"[{""global_id"":""3a4COIs5X7lgDirMBDT4Vs"",""long_name"":""主卫湿区"",""overlap_area_mm2"":79755.2231171153,""covering_overlap_ratio"":1.0}]","{""min_mm"":[-6499.812507629391,1800.4591572981665,-39.842039801536245],""max_mm"":[-5699.81250762939,1900.1531861945605,-18.801298153975527],""dimensions_mm"":[800.0000000000009,99.694028896394,21.04074164756072],""centre_mm"":[-6099.812507629391,1850.3061717463634,-29.321668977755884]}","{""point_count"":4,""a_dz_dx"":-4.952326038954992e-18,""b_dz_dy"":0.010472357841924193,""c_mm"":-38.69818898899396,""slope_percent"":1.0472357841924194,""downhill_direction"":""S"",""top_min_z_mm"":-19.843136414,""top_max_z_mm"":-18.801298154,""maximum_fit_residual_mm"":7.105427357601002e-15}",,A105-R02,no,1.047% 坡度及箭头所示下坡方向已由用户在 Blender 确认；现有坡面世界几何保持。,formal IFC Body geometry + material association + current Space overlap audit + confirmed A-105 decisions,1.0,no
F10,18Hiw4PZP4rQrmw23BQQys,Covering,,TerrazzoMosaicTile,sloped_wet_tile,BATHM,主卫湿区,1.0,"[{""global_id"":""3a4COIs5X7lgDirMBDT4Vs"",""long_name"":""主卫湿区"",""overlap_area_mm2"":79755.22311711521,""covering_overlap_ratio"":1.0}]","{""min_mm"":[-5697.81246185303,1800.4591572981665,-39.842039801536245],""max_mm"":[-4897.81246185303,1900.1531861945605,-18.801298153975527],""dimensions_mm"":[800.0,99.694028896394,21.04074164756072],""centre_mm"":[-5297.81246185303,1850.3061717463634,-29.321668977755884]}","{""point_count"":4,""a_dz_dx"":5.696950478263811e-18,""b_dz_dy"":0.010472357841924256,""c_mm"":-38.69818898899403,""slope_percent"":1.0472357841924256,""downhill_direction"":""S"",""top_min_z_mm"":-19.843136414,""top_max_z_mm"":-18.801298154,""maximum_fit_residual_mm"":1.7763568394002505e-14}",,A105-R02,no,1.047% 坡度及箭头所示下坡方向已由用户在 Blender 确认；现有坡面世界几何保持。,formal IFC Body geometry + material association + current Space overlap audit + confirmed A-105 decisions,1.0,no
F11,1ogoq1VJP4vgBTqBCMFyCn,Plane,,,finish_reference_plane_material_pending,FFL,次卧,1.0,"[{""global_id"":""0WyQ2Z9pX5qgwfdTOZwAkw"",""long_name"":""次卧"",""overlap_area_mm2"":8247071.857388172,""covering_overlap_ratio"":1.0}]","{""min_mm"":[-4680.01079559326,212.58664131164994,0.0],""max_mm"":[-1900.9490013122502,3180.1607608795202,0.0],""dimensions_mm"":[2779.0617942810095,2967.57411956787,0.0],""centre_mm"":[-3290.479898452755,1696.3737010955851,0.0]}","{""point_count"":4,""a_dz_dx"":0.0,""b_dz_dy"":0.0,""c_mm"":0.0,""slope_percent"":0.0,""downhill_direction"":""LEVEL"",""top_min_z_mm"":0.0,""top_max_z_mm"":0.0,""maximum_fit_residual_mm"":0.0}",地板,A105-R01,no,材料和 50 mm 完成面构造区已确认；当前 IFC 仍只是零厚度 FFL 参考面，真实构造层尚未写入。,formal IFC Body geometry + material association + current Space overlap audit + confirmed A-105 decisions,1.0,no
F12,3L$xQZHiz7b8ws7de1jiZN,Covering,,TerrazzoMosaicTile,sloped_wet_tile,BATHG,客卫,0.9406827401362591,"[{""global_id"":""3bF9ub5u5FFgmXQtSgfWnW"",""long_name"":""客卫"",""overlap_area_mm2"":602161.5536400883,""covering_overlap_ratio"":0.9406827401362591},{""global_id"":""25Lcecvwn9lg6g3QKgRlJU"",""long_name"":""客卫干区"",""overlap_area_mm2"":37970.90329524837,""covering_overlap_ratio"":0.05931725986374102}]","{""min_mm"":[-1799.8986482620203,1272.5363708809396,-28.772079223194122],""max_mm"":[-999.8986482620201,2072.70194205011,-0.39574892578376],""dimensions_mm"":[800.0000000000002,800.1655711691706,28.376330297410362],""centre_mm"":[-1399.8986482620203,1672.6191564655248,-14.583914074488941]}","{""point_count"":4,""a_dz_dx"":-1.643143799771954e-16,""b_dz_dy"":-0.010472357843478275,""c_mm"":12.932900604019695,""slope_percent"":1.0472357843478275,""downhill_direction"":""N"",""top_min_z_mm"":-8.773175836,""top_max_z_mm"":-0.395748926,""maximum_fit_residual_mm"":1.2656542480726785e-13}",,A105-R02,no,1.047% 坡度及箭头所示下坡方向已由用户在 Blender 确认；现有坡面世界几何保持。,formal IFC Body geometry + material association + current Space overlap audit + confirmed A-105 decisions,1.0,no
F13,2uYGzJR3f1QO6LmO9Nq3Mf,Covering,,TerrazzoMosaicTile,sloped_wet_tile,BATHG,客卫,0.9406827401362591,"[{""global_id"":""3bF9ub5u5FFgmXQtSgfWnW"",""long_name"":""客卫"",""overlap_area_mm2"":602161.5536400883,""covering_overlap_ratio"":0.9406827401362591},{""global_id"":""25Lcecvwn9lg6g3QKgRlJU"",""long_name"":""客卫干区"",""overlap_area_mm2"":37970.90329524837,""covering_overlap_ratio"":0.05931725986374102}]","{""min_mm"":[-997.8985428810121,1272.5363708809396,-28.772079223194122],""max_mm"":[-197.89854288101182,2072.70194205011,-0.39574892578376],""dimensions_mm"":[800.0000000000002,800.1655711691706,28.376330297410362],""centre_mm"":[-597.898542881012,1672.6191564655248,-14.583914074488941]}","{""point_count"":4,""a_dz_dx"":-2.3336280886940396e-16,""b_dz_dy"":-0.01047235784347823,""c_mm"":12.9329006040197,""slope_percent"":1.047235784347823,""downhill_direction"":""N"",""top_min_z_mm"":-8.773175836,""top_max_z_mm"":-0.395748926,""maximum_fit_residual_mm"":1.3145040611561853e-13}",,A105-R02,no,1.047% 坡度及箭头所示下坡方向已由用户在 Blender 确认；现有坡面世界几何保持。,formal IFC Body geometry + material association + current Space overlap audit + confirmed A-105 decisions,1.0,no
F14,3bR3wts7vEBQHsVMX7kiaY,Covering,,TerrazzoMosaicTile,sloped_wet_tile,BATHM,主卫湿区,1.0,"[{""global_id"":""3a4COIs5X7lgDirMBDT4Vs"",""long_name"":""主卫湿区"",""overlap_area_mm2"":560529.0062639103,""covering_overlap_ratio"":1.0}]","{""min_mm"":[-6499.812507629391,1085.1978994682797,-40.00020564220447],""max_mm"":[-5699.81250762939,1785.859157298167,-12.665920121052727],""dimensions_mm"":[800.0000000000009,700.6612578298873,27.33428552115174],""centre_mm"":[-6099.812507629391,1435.5285283832234,-26.3330628816286]}","{""point_count"":4,""a_dz_dx"":-4.599695201832319e-18,""b_dz_dy"":-0.010472357843843032,""c_mm"":-1.2991461010713996,""slope_percent"":1.0472357843843032,""downhill_direction"":""N"",""top_min_z_mm"":-20.001302255,""top_max_z_mm"":-12.665920121,""maximum_fit_residual_mm"":1.7763568394002505e-14}",,A105-R02,no,1.047% 坡度及箭头所示下坡方向已由用户在 Blender 确认；现有坡面世界几何保持。,formal IFC Body geometry + material association + current Space overlap audit + confirmed A-105 decisions,1.0,no
F15,1XEnNJwc177xHjBydgoQFl,Covering,,TerrazzoMosaicTile,sloped_wet_tile,BATHM,主卫湿区,1.0,"[{""global_id"":""3a4COIs5X7lgDirMBDT4Vs"",""long_name"":""主卫湿区"",""overlap_area_mm2"":560529.0062639097,""covering_overlap_ratio"":1.0}]","{""min_mm"":[-5697.81246185303,1085.1978994682797,-40.00020564220447],""max_mm"":[-4897.81246185303,1785.859157298167,-12.665920121052727],""dimensions_mm"":[800.0,700.6612578298873,27.33428552115174],""centre_mm"":[-5297.81246185303,1435.5285283832234,-26.3330628816286]}","{""point_count"":4,""a_dz_dx"":5.5946490926335636e-18,""b_dz_dy"":-0.010472357843843014,""c_mm"":-1.2991461010713836,""slope_percent"":1.0472357843843014,""downhill_direction"":""N"",""top_min_z_mm"":-20.001302255,""top_max_z_mm"":-12.665920121,""maximum_fit_residual_mm"":1.0658141036401503e-14}",,A105-R02,no,1.047% 坡度及箭头所示下坡方向已由用户在 Blender 确认；现有坡面世界几何保持。,formal IFC Body geometry + material association + current Space overlap audit + confirmed A-105 decisions,1.0,no
F16,26f3RmUrL3KRqY8Zxzck1h,Covering,,TerrazzoMosaicTile,sloped_wet_tile,BATHM,主卫湿区,1.0,"[{""global_id"":""3a4COIs5X7lgDirMBDT4Vs"",""long_name"":""主卫湿区"",""overlap_area_mm2"":640132.4569353373,""covering_overlap_ratio"":1.0}]","{""min_mm"":[-6499.812507629391,283.24184191975866,-32.64388146380386],""max_mm"":[-5699.81250762939,1083.4074130889294,-4.2675511663942265],""dimensions_mm"":[800.0000000000009,800.1655711691708,28.37633029740963],""centre_mm"":[-6099.812507629391,683.324627504344,-18.455716315099043]}","{""point_count"":4,""a_dz_dx"":-1.365521394200514e-18,""b_dz_dy"":-0.010472357843478148,""c_mm"":-1.299147955855056,""slope_percent"":1.0472357843478148,""downhill_direction"":""N"",""top_min_z_mm"":-12.644978076,""top_max_z_mm"":-4.267551166,""maximum_fit_residual_mm"":8.881784197001252e-15}",,A105-R02,no,1.047% 坡度及箭头所示下坡方向已由用户在 Blender 确认；现有坡面世界几何保持。,formal IFC Body geometry + material association + current Space overlap audit + confirmed A-105 decisions,1.0,no
F17,2Y6G6pyqLCeQX77WhqqdEe,Covering,,TerrazzoMosaicTile,sloped_wet_tile,BATHM,主卫湿区,1.0,"[{""global_id"":""3a4COIs5X7lgDirMBDT4Vs"",""long_name"":""主卫湿区"",""overlap_area_mm2"":640132.4569353366,""covering_overlap_ratio"":1.0}]","{""min_mm"":[-5697.81246185303,283.24184191975866,-32.64388146380386],""max_mm"":[-4897.81246185303,1083.4074130889294,-4.2675511663942265],""dimensions_mm"":[800.0,800.1655711691708,28.37633029740963],""centre_mm"":[-5297.81246185303,683.324627504344,-18.455716315099043]}","{""point_count"":4,""a_dz_dx"":2.5529182397227213e-18,""b_dz_dy"":-0.010472357843478145,""c_mm"":-1.299147955855039,""slope_percent"":1.0472357843478144,""downhill_direction"":""N"",""top_min_z_mm"":-12.644978076,""top_max_z_mm"":-4.267551166,""maximum_fit_residual_mm"":1.0658141036401503e-14}",,A105-R02,no,1.047% 坡度及箭头所示下坡方向已由用户在 Blender 确认；现有坡面世界几何保持。,formal IFC Body geometry + material association + current Space overlap audit + confirmed A-105 decisions,1.0,no
F18,3BZcUm$uv91RVw2WGeaPxS,Covering,,TerrazzoMosaicTile,sloped_wet_tile,BATHM,主卫湿区,0.6452887945715716,"[{""global_id"":""3a4COIs5X7lgDirMBDT4Vs"",""long_name"":""主卫湿区"",""overlap_area_mm2"":145161.0844323252,""covering_overlap_ratio"":0.6452887945715716},{""global_id"":""3qDKVXWy5FxAT1_mcfnS37"",""long_name"":""主卫干区"",""overlap_area_mm2"":79794.1381803694,""covering_overlap_ratio"":0.35471120542842866}]","{""min_mm"":[-6499.812507629391,0.25732727453844917,-24.245510646500257],""max_mm"":[-5699.81250762939,281.4513555404063,-1.3040360569525484],""dimensions_mm"":[800.0000000000009,281.19402826586787,22.94147458954771],""centre_mm"":[-6099.812507629391,140.8543414074724,-12.774773351726402]}","{""point_count"":4,""a_dz_dx"":9.101765294828193e-18,""b_dz_dy"":-0.010472357842987248,""c_mm"":-1.2991479483911728,""slope_percent"":1.0472357842987248,""downhill_direction"":""N"",""top_min_z_mm"":-4.246607259,""top_max_z_mm"":-1.304036057,""maximum_fit_residual_mm"":6.394884621840902e-14}",,A105-R02,no,1.047% 坡度及箭头所示下坡方向已由用户在 Blender 确认；现有坡面世界几何保持。,formal IFC Body geometry + material association + current Space overlap audit + confirmed A-105 decisions,1.0,no
F19,1KOnGcN8n9k9NYzrvWTr4H,Covering,,TerrazzoMosaicTile,sloped_wet_tile,BATHM,主卫湿区,0.6452887945715717,"[{""global_id"":""3a4COIs5X7lgDirMBDT4Vs"",""long_name"":""主卫湿区"",""overlap_area_mm2"":145161.08443232506,""covering_overlap_ratio"":0.6452887945715717},{""global_id"":""3qDKVXWy5FxAT1_mcfnS37"",""long_name"":""主卫干区"",""overlap_area_mm2"":79794.13818036931,""covering_overlap_ratio"":0.35471120542842866}]","{""min_mm"":[-5697.81246185303,0.25732727453844917,-24.245510646500257],""max_mm"":[-4897.81246185303,281.4513555404063,-1.3040360569525484],""dimensions_mm"":[800.0,281.19402826586787,22.94147458954771],""centre_mm"":[-5297.81246185303,140.8543414074724,-12.774773351726402]}","{""point_count"":4,""a_dz_dx"":1.976086538513435e-17,""b_dz_dy"":-0.010472357842986946,""c_mm"":-1.2991479483911663,""slope_percent"":1.0472357842986946,""downhill_direction"":""N"",""top_min_z_mm"":-4.246607259,""top_max_z_mm"":-1.304036057,""maximum_fit_residual_mm"":1.1102230246251565e-13}",,A105-R02,no,1.047% 坡度及箭头所示下坡方向已由用户在 Blender 确认；现有坡面世界几何保持。,formal IFC Body geometry + material association + current Space overlap audit + confirmed A-105 decisions,1.0,no
F20,11c$NwzxL9hASgCgwDxM$w,Plane,,,finish_reference_plane_material_pending,FFL,客厅,0.22181319465738336,"[{""global_id"":""2wgBPVUpv2DvcZCfbe6fdv"",""long_name"":""客厅"",""overlap_area_mm2"":12089267.550983114,""covering_overlap_ratio"":0.22181319465738336},{""global_id"":""3_nZ2R79H1KBJ9M4f8Yxuj"",""long_name"":""西厨"",""overlap_area_mm2"":8270451.085290488,""covering_overlap_ratio"":0.15174576695812503},{""global_id"":""0XmeOOraz9tP2_CetH7YYh"",""long_name"":""书房"",""overlap_area_mm2"":7938637.325193984,""covering_overlap_ratio"":0.14565766692659757},{""global_id"":""3_0Iqe4h98T8fmNcI7e34S"",""long_name"":""走廊"",""overlap_area_mm2"":7339989.7445738325,""covering_overlap_ratio"":0.13467371510558995},{""global_id"":""2JnxeB$or6D8nffRg7GQbf"",""long_name"":""餐厅"",""overlap_area_mm2"":7290248.173798021,""covering_overlap_ratio"":0.13376105958907258},{""global_id"":""2fhEbDfK1EkhJwlPikNm$b"",""long_name"":""中厨"",""overlap_area_mm2"":4799511.706640977,""covering_overlap_ratio"":0.08806116830121533},{""global_id"":""36NNomu9TDP9xkhh6D2l8K"",""long_name"":""玄关"",""overlap_area_mm2"":3900499.033312467,""covering_overlap_ratio"":0.07156613481242013},{""global_id"":""25Lcecvwn9lg6g3QKgRlJU"",""long_name"":""客卫干区"",""overlap_area_mm2"":1876358.8008527851,""covering_overlap_ratio"":0.034427324747793114},{""global_id"":""3gHz6U6BfFXgV6PnRzfOf$"",""long_name"":""主卧"",""overlap_area_mm2"":639932.4816350423,""covering_overlap_ratio"":0.011741444840878955},{""global_id"":""1W_zE37d90uejTDgSPX_vS"",""long_name"":""主卧入口"",""overlap_area_mm2"":239986.72485351618,""covering_overlap_ratio"":0.004403262802368202},{""global_id"":""0WyQ2Z9pX5qgwfdTOZwAkw"",""long_name"":""次卧"",""overlap_area_mm2"":117139.08377622688,""covering_overlap_ratio"":0.0021492612585557987}]","{""min_mm"":[-2599.98893737793,-5199.83863830566,0.0],""max_mm"":[6500.10108947754,3199.95427131653,0.0],""dimensions_mm"":[9100.09002685547,8399.79290962219,0.0],""centre_mm"":[1950.056076049805,-999.9421834945651,0.0]}","{""point_count"":18,""a_dz_dx"":0.0,""b_dz_dy"":0.0,""c_mm"":0.0,""slope_percent"":0.0,""downhill_direction"":""LEVEL"",""top_min_z_mm"":0.0,""top_max_z_mm"":0.0,""maximum_fit_residual_mm"":0.0}",银白洞石岩板,A105-R01,no,材料和 50 mm 完成面构造区已确认；当前 IFC 仍只是零厚度 FFL 参考面，真实构造层尚未写入。,formal IFC Body geometry + material association + current Space overlap audit + confirmed A-105 decisions,1.0,no
F21,3BwA5Rnkf4Bf3v3vTmeWTw,Plane,,,finish_reference_plane_material_pending,FFL,主卧,0.7272366393696181,"[{""global_id"":""3gHz6U6BfFXgV6PnRzfOf$"",""long_name"":""主卧"",""overlap_area_mm2"":12479344.01465465,""covering_overlap_ratio"":0.7272366393696181},{""global_id"":""1W_zE37d90uejTDgSPX_vS"",""long_name"":""主卧入口"",""overlap_area_mm2"":2640561.0379891004,""covering_overlap_ratio"":0.15387930111250211},{""global_id"":""3qDKVXWy5FxAT1_mcfnS37"",""long_name"":""主卫干区"",""overlap_area_mm2"":2040044.459074979,""covering_overlap_ratio"":0.11888405951787961}]","{""min_mm"":[-6499.812126159671,-4399.84121322632,0.0],""max_mm"":[-2599.8236007690502,0.1587867736800863,0.0],""dimensions_mm"":[3899.9885253906205,4400.0,0.0],""centre_mm"":[-4549.817863464361,-2199.84121322632,0.0]}","{""point_count"":4,""a_dz_dx"":0.0,""b_dz_dy"":0.0,""c_mm"":0.0,""slope_percent"":0.0,""downhill_direction"":""LEVEL"",""top_min_z_mm"":0.0,""top_max_z_mm"":0.0,""maximum_fit_residual_mm"":0.0}",地板,A105-R01,no,材料和 50 mm 完成面构造区已确认；当前 IFC 仍只是零厚度 FFL 参考面，真实构造层尚未写入。,formal IFC Body geometry + material association + current Space overlap audit + confirmed A-105 decisions,1.0,no
