requirement_id,equipment_id,discipline,parameter_key,value_text,value_number,unit,datum,value_origin,status,source_id,source_locator,blocks_release,notes
REQ-0001,APP-001,ELEC,rated_power,,,W,,user_input,pending,,,yes,
REQ-0002,APP-001,ELEC,simultaneous_group,NS01-A,,,,user_input,confirmed,,,no,
REQ-0003,APP-001,PLUM,water_required,no,,,,user_input,confirmed,,,no,
REQ-0004,APP-001,PLUM,drain_required,no,,,,user_input,confirmed,,,no,
REQ-0005,APP-001,GAS,gas_required,no,,,,user_input,confirmed,,,no,
REQ-0006,APP-001,HVAC,ventilation_required,no,,,,user_input,confirmed,,,no,
REQ-0007,APP-002,ELEC,rated_power,,,W,,user_input,pending,,,yes,
REQ-0008,APP-002,ELEC,simultaneous_group,NS01-B,,,,user_input,confirmed,,,no,
REQ-0009,APP-002,PLUM,water_required,no,,,,user_input,confirmed,,,no,
REQ-0010,APP-002,PLUM,drain_required,no,,,,user_input,confirmed,,,no,
REQ-0011,APP-002,GAS,gas_required,no,,,,user_input,confirmed,,,no,
REQ-0012,APP-002,HVAC,ventilation_required,no,,,,user_input,confirmed,,,no,
REQ-0013,APP-003,ELEC,rated_power,,,W,,user_input,pending,,,yes,
REQ-0014,APP-003,ELEC,simultaneous_group,NS01-B,,,,user_input,confirmed,,,no,
REQ-0015,APP-003,PLUM,water_required,no,,,,user_input,confirmed,,,no,
REQ-0016,APP-003,PLUM,drain_required,no,,,,user_input,confirmed,,,no,
REQ-0017,APP-003,GAS,gas_required,no,,,,user_input,confirmed,,,no,
REQ-0018,APP-003,HVAC,ventilation_required,no,,,,user_input,confirmed,,,no,
REQ-0019,APP-004,ELEC,rated_power,,,W,,user_input,pending,,,yes,
REQ-0020,APP-004,ELEC,simultaneous_group,NS02-A,,,,user_input,confirmed,,,no,
REQ-0021,APP-004,PLUM,water_required,model_dependent,,,,user_input,pending,,,yes,
REQ-0022,APP-004,PLUM,drain_required,model_dependent,,,,user_input,pending,,,yes,
REQ-0023,APP-004,GAS,gas_required,no,,,,user_input,confirmed,,,no,
REQ-0024,APP-004,HVAC,ventilation_required,no,,,,user_input,confirmed,,,no,
REQ-0025,APP-005,ELEC,rated_power,,,W,,user_input,pending,,,yes,
REQ-0026,APP-005,ELEC,simultaneous_group,NS02-A,,,,user_input,confirmed,,,no,
REQ-0027,APP-005,PLUM,water_required,no,,,,user_input,confirmed,,,no,
REQ-0028,APP-005,PLUM,drain_required,no,,,,user_input,confirmed,,,no,
REQ-0029,APP-005,GAS,gas_required,no,,,,user_input,confirmed,,,no,
REQ-0030,APP-005,HVAC,ventilation_required,no,,,,user_input,confirmed,,,no,
REQ-0031,APP-006,ELEC,rated_power,,,W,,user_input,pending,,,yes,
REQ-0032,APP-006,ELEC,simultaneous_group,NS02-B,,,,user_input,confirmed,,,no,
REQ-0033,APP-006,PLUM,water_required,no,,,,user_input,confirmed,,,no,
REQ-0034,APP-006,PLUM,drain_required,no,,,,user_input,confirmed,,,no,
REQ-0035,APP-006,GAS,gas_required,no,,,,user_input,confirmed,,,no,
REQ-0036,APP-006,HVAC,ventilation_required,no,,,,user_input,confirmed,,,no,
REQ-0037,APP-007,ELEC,rated_power,,,W,,user_input,pending,,,yes,
REQ-0038,APP-007,ELEC,simultaneous_group,CONTINUOUS,,,,user_input,confirmed,,,no,
REQ-0039,APP-007,PLUM,water_required,no,,,,user_input,confirmed,,,no,
REQ-0040,APP-007,PLUM,drain_required,no,,,,user_input,confirmed,,,no,
REQ-0041,APP-007,GAS,gas_required,no,,,,user_input,confirmed,,,no,
REQ-0042,APP-007,HVAC,ventilation_required,yes,,,,user_input,confirmed,,,no,
REQ-0043,APP-008,ELEC,rated_power,,,W,,user_input,pending,,,yes,
REQ-0044,APP-008,ELEC,simultaneous_group,CONTINUOUS,,,,user_input,confirmed,,,no,
REQ-0045,APP-008,PLUM,water_required,no,,,,user_input,confirmed,,,no,
REQ-0046,APP-008,PLUM,drain_required,no,,,,user_input,confirmed,,,no,
REQ-0047,APP-008,GAS,gas_required,no,,,,user_input,confirmed,,,no,
REQ-0048,APP-008,HVAC,ventilation_required,yes,,,,user_input,confirmed,,,no,
REQ-0049,APP-009,ELEC,rated_power,,2000,W,,user_input,confirmed,,,no,
REQ-0050,APP-009,ELEC,simultaneous_group,DISHWASHER-A,,,,user_input,confirmed,,,no,
REQ-0051,APP-009,PLUM,water_required,yes,,,,user_input,confirmed,,,no,
REQ-0052,APP-009,PLUM,drain_required,yes,,,,user_input,confirmed,,,no,
REQ-0053,APP-009,GAS,gas_required,no,,,,user_input,confirmed,,,no,
REQ-0054,APP-009,HVAC,ventilation_required,no,,,,user_input,confirmed,,,no,
REQ-0055,APP-009,MULTI,rated_voltage,,220,V,,official_exact_model,confirmed,APP-DW-SPEC-001,,no,
REQ-0056,APP-009,MULTI,rated_current,,10,A,,official_exact_model,confirmed,APP-DW-SPEC-001,,no,
REQ-0057,APP-009,MULTI,product_height,,775,mm,,official_exact_model,confirmed,APP-DW-SPEC-001,,no,
REQ-0058,APP-009,MULTI,product_width,,598,mm,,official_exact_model,confirmed,APP-DW-SPEC-001,,no,
REQ-0059,APP-009,MULTI,product_depth,,550,mm,,official_exact_model,confirmed,APP-DW-SPEC-001,,no,
REQ-0060,APP-009,MULTI,niche_height_min,,780,mm,,official_exact_model,confirmed,APP-DW-INSTALL-001,,no,
REQ-0061,APP-009,MULTI,niche_height_max,,835,mm,,official_exact_model,confirmed,APP-DW-INSTALL-001,,no,
REQ-0062,APP-009,MULTI,niche_width_min,,600,mm,,official_exact_model,confirmed,APP-DW-INSTALL-001,,no,
REQ-0063,APP-009,MULTI,niche_width_max,,608,mm,,official_exact_model,confirmed,APP-DW-INSTALL-001,,no,
REQ-0064,APP-009,MULTI,niche_depth_min,,550,mm,,official_exact_model,confirmed,APP-DW-INSTALL-001,,no,
REQ-0065,APP-009,MULTI,service_opening_width_min,,100,mm,,official_exact_model,confirmed,APP-DW-INSTALL-001,,no,
REQ-0066,APP-009,MULTI,service_opening_height_min,,50,mm,,official_exact_model,confirmed,APP-DW-INSTALL-001,,no,
REQ-0067,APP-009,MULTI,water_connection,G3/4 cold water,,,,official_exact_model,confirmed,APP-DW-INSTALL-001,,no,
REQ-0068,APP-009,MULTI,drain_connection_od,,38,mm,,official_exact_model,confirmed,APP-DW-INSTALL-001,,no,
REQ-0069,APP-009,MULTI,water_pressure_min,,0.05,MPa,,official_exact_model,confirmed,APP-DW-INSTALL-001,,no,
REQ-0070,APP-009,MULTI,water_pressure_max,,1,MPa,,official_exact_model,confirmed,APP-DW-INSTALL-001,,no,
REQ-0071,APP-009,MULTI,water_flow_min,,10,L/min,,official_exact_model,confirmed,APP-DW-INSTALL-001,,no,
REQ-0072,APP-009,MULTI,cold_water_temperature_max,,25,°C,,official_exact_model,confirmed,APP-DW-INSTALL-001,,no,
REQ-0073,APP-009,MULTI,door_panel_width,,594,mm,,official_exact_model,confirmed,APP-DW-INSTALL-001,,no,
REQ-0074,APP-009,MULTI,door_panel_thickness_max,,20,mm,,official_exact_model,confirmed,APP-DW-INSTALL-001,,no,
REQ-0075,APP-009,MULTI,door_panel_weight_min,,3.5,kg,,official_exact_model,confirmed,APP-DW-INSTALL-001,,no,
REQ-0076,APP-009,MULTI,door_panel_weight_max,,8.5,kg,,official_exact_model,confirmed,APP-DW-INSTALL-001,,no,
REQ-0077,APP-010,ELEC,rated_power,,2000,W,,user_input,confirmed,,,no,
REQ-0078,APP-010,ELEC,simultaneous_group,DISHWASHER-B,,,,user_input,confirmed,,,no,
REQ-0079,APP-010,PLUM,water_required,yes,,,,user_input,confirmed,,,no,
REQ-0080,APP-010,PLUM,drain_required,yes,,,,user_input,confirmed,,,no,
REQ-0081,APP-010,GAS,gas_required,no,,,,user_input,confirmed,,,no,
REQ-0082,APP-010,HVAC,ventilation_required,no,,,,user_input,confirmed,,,no,
REQ-0083,APP-010,MULTI,rated_voltage,,220,V,,official_exact_model,confirmed,APP-DW-SPEC-001,,no,
REQ-0084,APP-010,MULTI,rated_current,,10,A,,official_exact_model,confirmed,APP-DW-SPEC-001,,no,
REQ-0085,APP-010,MULTI,product_height,,775,mm,,official_exact_model,confirmed,APP-DW-SPEC-001,,no,
REQ-0086,APP-010,MULTI,product_width,,598,mm,,official_exact_model,confirmed,APP-DW-SPEC-001,,no,
REQ-0087,APP-010,MULTI,product_depth,,550,mm,,official_exact_model,confirmed,APP-DW-SPEC-001,,no,
REQ-0088,APP-010,MULTI,niche_height_min,,780,mm,,official_exact_model,confirmed,APP-DW-INSTALL-001,,no,
REQ-0089,APP-010,MULTI,niche_height_max,,835,mm,,official_exact_model,confirmed,APP-DW-INSTALL-001,,no,
REQ-0090,APP-010,MULTI,niche_width_min,,600,mm,,official_exact_model,confirmed,APP-DW-INSTALL-001,,no,
REQ-0091,APP-010,MULTI,niche_width_max,,608,mm,,official_exact_model,confirmed,APP-DW-INSTALL-001,,no,
REQ-0092,APP-010,MULTI,niche_depth_min,,550,mm,,official_exact_model,confirmed,APP-DW-INSTALL-001,,no,
REQ-0093,APP-010,MULTI,service_opening_width_min,,100,mm,,official_exact_model,confirmed,APP-DW-INSTALL-001,,no,
REQ-0094,APP-010,MULTI,service_opening_height_min,,50,mm,,official_exact_model,confirmed,APP-DW-INSTALL-001,,no,
REQ-0095,APP-010,MULTI,water_connection,G3/4 cold water,,,,official_exact_model,confirmed,APP-DW-INSTALL-001,,no,
REQ-0096,APP-010,MULTI,drain_connection_od,,38,mm,,official_exact_model,confirmed,APP-DW-INSTALL-001,,no,
REQ-0097,APP-010,MULTI,water_pressure_min,,0.05,MPa,,official_exact_model,confirmed,APP-DW-INSTALL-001,,no,
REQ-0098,APP-010,MULTI,water_pressure_max,,1,MPa,,official_exact_model,confirmed,APP-DW-INSTALL-001,,no,
REQ-0099,APP-010,MULTI,water_flow_min,,10,L/min,,official_exact_model,confirmed,APP-DW-INSTALL-001,,no,
REQ-0100,APP-010,MULTI,cold_water_temperature_max,,25,°C,,official_exact_model,confirmed,APP-DW-INSTALL-001,,no,
REQ-0101,APP-010,MULTI,door_panel_width,,594,mm,,official_exact_model,confirmed,APP-DW-INSTALL-001,,no,
REQ-0102,APP-010,MULTI,door_panel_thickness_max,,20,mm,,official_exact_model,confirmed,APP-DW-INSTALL-001,,no,
REQ-0103,APP-010,MULTI,door_panel_weight_min,,3.5,kg,,official_exact_model,confirmed,APP-DW-INSTALL-001,,no,
REQ-0104,APP-010,MULTI,door_panel_weight_max,,8.5,kg,,official_exact_model,confirmed,APP-DW-INSTALL-001,,no,
REQ-0105,APP-011,ELEC,rated_power,,3400,W,,user_input,confirmed,,,no,
REQ-0106,APP-011,ELEC,simultaneous_group,COOKING-A,,,,user_input,confirmed,,,no,
REQ-0107,APP-011,PLUM,water_required,no,,,,user_input,confirmed,,,no,
REQ-0108,APP-011,PLUM,drain_required,no,,,,user_input,confirmed,,,no,
REQ-0109,APP-011,GAS,gas_required,no,,,,user_input,confirmed,,,no,
REQ-0110,APP-011,HVAC,ventilation_required,yes,,,,user_input,confirmed,,,no,
REQ-0111,APP-011,MULTI,rated_voltage,,220,V,,official_exact_model,confirmed,APP-011-OFFICIAL-001,,no,
REQ-0112,APP-011,MULTI,frequency,,50,Hz,,official_exact_model,confirmed,APP-011-OFFICIAL-001,,no,
REQ-0113,APP-011,MULTI,rated_current,,16,A,,official_exact_model,confirmed,APP-011-OFFICIAL-001,,no,
REQ-0114,APP-011,MULTI,product_height,,595,mm,,official_exact_model,confirmed,APP-011-OFFICIAL-001,,no,
REQ-0115,APP-011,MULTI,product_width,,594,mm,,official_exact_model,confirmed,APP-011-OFFICIAL-001,,no,
REQ-0116,APP-011,MULTI,product_depth,,548,mm,,official_exact_model,confirmed,APP-011-OFFICIAL-001,,no,
REQ-0117,APP-011,MULTI,niche_width_min,,560,mm,,official_exact_model,confirmed,APP-011-OFFICIAL-001,,no,
REQ-0118,APP-011,MULTI,niche_width_max,,568,mm,,official_exact_model,confirmed,APP-011-OFFICIAL-001,,no,
REQ-0119,APP-011,MULTI,niche_height_min,,585,mm,,official_exact_model,confirmed,APP-011-OFFICIAL-001,,no,
REQ-0120,APP-011,MULTI,niche_height_max,,595,mm,,official_exact_model,confirmed,APP-011-OFFICIAL-001,,no,
REQ-0121,APP-011,MULTI,niche_depth_min,,550,mm,,official_exact_model,confirmed,APP-011-OFFICIAL-001,,no,
REQ-0122,APP-011,MULTI,ventilation_area_min,,200,cm2,,official_exact_model,confirmed,APP-011-OFFICIAL-001,,no,
REQ-0123,APP-012,ELEC,rated_power,,0,W,,user_input,confirmed,,,no,
REQ-0124,APP-012,ELEC,simultaneous_group,COOKING-B,,,,user_input,confirmed,,,no,
REQ-0125,APP-012,PLUM,water_required,no,,,,user_input,confirmed,,,no,
REQ-0126,APP-012,PLUM,drain_required,no,,,,user_input,confirmed,,,no,
REQ-0127,APP-012,GAS,gas_required,yes,,,,user_input,confirmed,,,no,
REQ-0128,APP-012,HVAC,ventilation_required,yes,,,,user_input,confirmed,,,no,
REQ-0129,APP-012,MULTI,gas_type,天然气12T,,,,official_exact_model,confirmed,APP-012-PHOTO-001,,no,
REQ-0130,APP-012,MULTI,gas_pressure,,2.0,kPa,,official_exact_model,confirmed,APP-012-PHOTO-001,,no,
REQ-0131,APP-012,MULTI,product_width,,920,mm,,official_exact_model,confirmed,APP-012-OFFICIAL-001,,no,
REQ-0132,APP-012,MULTI,product_depth,,500,mm,,official_exact_model,confirmed,APP-012-OFFICIAL-001,,no,
REQ-0133,APP-012,MULTI,product_height,,150,mm,,official_exact_model,confirmed,APP-012-OFFICIAL-001,,no,
REQ-0134,APP-012,MULTI,worktop_cutout_width,,880,mm,,official_exact_model,confirmed,APP-012-OFFICIAL-001,,no,
REQ-0135,APP-012,MULTI,worktop_cutout_depth,,455,mm,,official_exact_model,confirmed,APP-012-OFFICIAL-001,,no,
REQ-0136,APP-012,MULTI,worktop_cutout_corner_radius,,15,mm,,official_exact_model,confirmed,APP-012-OFFICIAL-001,,no,
REQ-0137,APP-012,MULTI,cabinet_ventilation_area_min,,100,cm2,,official_exact_model,confirmed,APP-012-OFFICIAL-001,,no,
REQ-0138,APP-012,MULTI,clearance_below_min,,100,mm,,official_exact_model,confirmed,APP-012-OFFICIAL-001,,no,
REQ-0139,APP-012,MULTI,separator_to_worktop_min,,120,mm,,official_exact_model,confirmed,APP-012-OFFICIAL-001,,no,
REQ-0140,APP-013,ELEC,rated_power,,385,W,,user_input,confirmed,,,no,
REQ-0141,APP-013,ELEC,simultaneous_group,COOKING-B,,,,user_input,confirmed,,,no,
REQ-0142,APP-013,PLUM,water_required,no,,,,user_input,confirmed,,,no,
REQ-0143,APP-013,PLUM,drain_required,no,,,,user_input,confirmed,,,no,
REQ-0144,APP-013,GAS,gas_required,no,,,,user_input,confirmed,,,no,
REQ-0145,APP-013,HVAC,ventilation_required,yes,,,,user_input,confirmed,,,no,
REQ-0146,APP-013,MULTI,rated_voltage,,220,V,,official_exact_model,confirmed,APP-013-OFFICIAL-001,,no,
REQ-0147,APP-013,MULTI,frequency,,50,Hz,,official_exact_model,confirmed,APP-013-OFFICIAL-001,,no,
REQ-0148,APP-013,MULTI,product_width,,895,mm,,official_exact_model,confirmed,APP-013-OFFICIAL-001,,no,
REQ-0149,APP-013,MULTI,product_depth,,345,mm,,official_exact_model,confirmed,APP-013-OFFICIAL-001,,no,
REQ-0150,APP-013,MULTI,product_height,,873,mm,,official_exact_model,confirmed,APP-013-OFFICIAL-001,,no,
REQ-0151,APP-013,MULTI,duct_inner_diameter_min,,160,mm,,official_exact_model,confirmed,APP-013-OFFICIAL-001,,no,
REQ-0152,APP-013,MULTI,wall_opening_diameter_candidate,,180,mm,,official_exact_model,confirmed,APP-013-OFFICIAL-001,,no,
REQ-0153,APP-013,MULTI,ceiling_opening_diameter,,190,mm,,official_exact_model,confirmed,APP-013-OFFICIAL-001,,no,
REQ-0154,APP-013,MULTI,access_opening_width,,400,mm,,official_exact_model,confirmed,APP-013-OFFICIAL-001,,no,
REQ-0155,APP-013,MULTI,access_opening_height,,400,mm,,official_exact_model,confirmed,APP-013-OFFICIAL-001,,no,
REQ-0156,APP-013,MULTI,clearance_to_gas_hob_pan_support_min,,650,mm,,official_exact_model,confirmed,APP-013-OFFICIAL-001,,no,
REQ-0157,APP-014,ELEC,rated_power,,,W,,user_input,pending,,,yes,
REQ-0158,APP-014,ELEC,simultaneous_group,WATER-A,,,,user_input,confirmed,,,no,
REQ-0159,APP-014,PLUM,water_required,yes,,,,user_input,confirmed,,,no,
REQ-0160,APP-014,PLUM,drain_required,model_dependent,,,,user_input,pending,,,yes,
REQ-0161,APP-014,GAS,gas_required,no,,,,user_input,confirmed,,,no,
REQ-0162,APP-014,HVAC,ventilation_required,no,,,,user_input,confirmed,,,no,
REQ-0163,APP-015,ELEC,rated_power,,,W,,user_input,pending,,,yes,
REQ-0164,APP-015,ELEC,simultaneous_group,WATER-A,,,,user_input,confirmed,,,no,
REQ-0165,APP-015,PLUM,water_required,yes,,,,user_input,confirmed,,,no,
REQ-0166,APP-015,PLUM,drain_required,model_dependent,,,,user_input,pending,,,yes,
REQ-0167,APP-015,GAS,gas_required,no,,,,user_input,confirmed,,,no,
REQ-0168,APP-015,HVAC,ventilation_required,no,,,,user_input,confirmed,,,no,
REQ-0169,APP-016,ELEC,rated_power,,,W,,user_input,pending,,,yes,
REQ-0170,APP-016,ELEC,simultaneous_group,WATER-A,,,,user_input,confirmed,,,no,
REQ-0171,APP-016,PLUM,water_required,no,,,,user_input,confirmed,,,no,
REQ-0172,APP-016,PLUM,drain_required,yes,,,,user_input,confirmed,,,no,
REQ-0173,APP-016,GAS,gas_required,no,,,,user_input,confirmed,,,no,
REQ-0174,APP-016,HVAC,ventilation_required,no,,,,user_input,confirmed,,,no,
REQ-0175,APP-017,ELEC,rated_power,,,W,,user_input,pending,,,yes,
REQ-0176,APP-017,ELEC,simultaneous_group,LAUNDRY-A,,,,user_input,confirmed,,,no,
REQ-0177,APP-017,PLUM,water_required,yes,,,,user_input,confirmed,,,no,
REQ-0178,APP-017,PLUM,drain_required,yes,,,,user_input,confirmed,,,no,
REQ-0179,APP-017,GAS,gas_required,no,,,,user_input,confirmed,,,no,
REQ-0180,APP-017,HVAC,ventilation_required,yes,,,,user_input,confirmed,,,no,
REQ-0181,APP-018,ELEC,rated_power,,,W,,user_input,pending,,,yes,
REQ-0182,APP-018,ELEC,simultaneous_group,CONTINUOUS,,,,user_input,confirmed,,,no,
REQ-0183,APP-018,PLUM,water_required,no,,,,user_input,confirmed,,,no,
REQ-0184,APP-018,PLUM,drain_required,no,,,,user_input,confirmed,,,no,
REQ-0185,APP-018,GAS,gas_required,no,,,,user_input,confirmed,,,no,
REQ-0186,APP-018,HVAC,ventilation_required,yes,,,,user_input,confirmed,,,no,
REQ-0187,FUR-Libelle,INT1,intended_use,存放酒和调酒器具,,,,user_input,confirmed,,,no,
REQ-0188,FUR-WD01,INT1,intended_use,衣物收纳及衣柜与墙体之间的旋转门系统,,,,user_input,confirmed,,,no,
REQ-0189,FUR-WD01L,INT1,intended_use,衣物收纳及衣柜与墙体之间的旋转门系统,,,,user_input,confirmed,,,no,
REQ-0190,FUR-WD02,INT1,intended_use,衣物收纳,,,,user_input,confirmed,,,no,
REQ-0191,FUR-WD03,INT1,intended_use,衣物收纳,,,,user_input,confirmed,,,no,
REQ-0192,FUR-BST01,INT1,intended_use,床头收纳,,,,user_input,confirmed,,,no,
REQ-0193,FUR-BST02,INT1,intended_use,床头收纳,,,,user_input,confirmed,,,no,
REQ-0194,FUR-BST03,INT1,intended_use,床头收纳,,,,user_input,confirmed,,,no,
REQ-0195,DW-M01,ARCH,nominal_width,,1465,mm,,ifc_observed,observed,IFC-FORMAL-001,,no,
REQ-0196,DW-M01,ARCH,nominal_height,,2240,mm,,ifc_observed,observed,IFC-FORMAL-001,,no,
REQ-0197,DW-M01,ARCH,operation_type,SLIDING_TO_LEFT,,,,ifc_observed,observed,IFC-FORMAL-001,,no,
REQ-0198,DW-M01,ARCH,host_relation,HOSTED,,,,ifc_observed,observed,IFC-FORMAL-001,,no,
REQ-0199,DW-M01,ARCH,sill_or_threshold_z,,0.000000,mm,,ifc_observed,observed,IFC-FORMAL-001,,no,
REQ-0200,DW-M02,ARCH,nominal_width,,1465,mm,,ifc_observed,observed,IFC-FORMAL-001,,no,
REQ-0201,DW-M02,ARCH,nominal_height,,2240,mm,,ifc_observed,observed,IFC-FORMAL-001,,no,
REQ-0202,DW-M02,ARCH,operation_type,SLIDING_TO_LEFT,,,,ifc_observed,observed,IFC-FORMAL-001,,no,
REQ-0203,DW-M02,ARCH,host_relation,HOSTED,,,,ifc_observed,observed,IFC-FORMAL-001,,no,
REQ-0204,DW-M02,ARCH,sill_or_threshold_z,,0.000000,mm,,ifc_observed,observed,IFC-FORMAL-001,,no,
REQ-0205,DW-M03,ARCH,nominal_width,,800,mm,,ifc_observed,observed,IFC-FORMAL-001,,no,
REQ-0206,DW-M03,ARCH,nominal_height,,2000,mm,,ifc_observed,observed,IFC-FORMAL-001,,no,
REQ-0207,DW-M03,ARCH,operation_type,SINGLE_SWING_RIGHT,,,,ifc_observed,observed,IFC-FORMAL-001,,no,
REQ-0208,DW-M03,ARCH,host_relation,HOSTED,,,,ifc_observed,observed,IFC-FORMAL-001,,no,
REQ-0209,DW-M03,ARCH,sill_or_threshold_z,,0.000000,mm,,ifc_observed,observed,IFC-FORMAL-001,,no,
REQ-0210,DW-M04,ARCH,nominal_width,,900,mm,,ifc_observed,observed,IFC-FORMAL-001,,no,
REQ-0211,DW-M04,ARCH,nominal_height,,2000,mm,,ifc_observed,observed,IFC-FORMAL-001,,no,
REQ-0212,DW-M04,ARCH,operation_type,SINGLE_SWING_LEFT,,,,ifc_observed,observed,IFC-FORMAL-001,,no,
REQ-0213,DW-M04,ARCH,host_relation,HOSTED,,,,ifc_observed,observed,IFC-FORMAL-001,,no,
REQ-0214,DW-M04,ARCH,sill_or_threshold_z,,0.000000,mm,,ifc_observed,observed,IFC-FORMAL-001,,no,
REQ-0215,DW-M05,ARCH,nominal_width,,,mm,,ifc_observed,pending,IFC-FORMAL-001,,yes,
REQ-0216,DW-M05,ARCH,nominal_height,,,mm,,ifc_observed,pending,IFC-FORMAL-001,,yes,
REQ-0217,DW-M05,ARCH,operation_type,,,,,ifc_observed,pending,IFC-FORMAL-001,,yes,
REQ-0218,DW-M05,ARCH,host_relation,UNHOSTED,,,,ifc_observed,observed,IFC-FORMAL-001,,no,
REQ-0219,DW-M05,ARCH,sill_or_threshold_z,,12.000000,mm,,ifc_observed,observed,IFC-FORMAL-001,,no,
REQ-0220,DW-M06,ARCH,nominal_width,,,mm,,ifc_observed,pending,IFC-FORMAL-001,,yes,
REQ-0221,DW-M06,ARCH,nominal_height,,,mm,,ifc_observed,pending,IFC-FORMAL-001,,yes,
REQ-0222,DW-M06,ARCH,operation_type,,,,,ifc_observed,pending,IFC-FORMAL-001,,yes,
REQ-0223,DW-M06,ARCH,host_relation,UNHOSTED,,,,ifc_observed,observed,IFC-FORMAL-001,,no,
REQ-0224,DW-M06,ARCH,sill_or_threshold_z,,2407.699912,mm,,ifc_observed,observed,IFC-FORMAL-001,,no,
REQ-0225,DW-M07,ARCH,nominal_width,,,mm,,ifc_observed,pending,IFC-FORMAL-001,,yes,
REQ-0226,DW-M07,ARCH,nominal_height,,,mm,,ifc_observed,pending,IFC-FORMAL-001,,yes,
REQ-0227,DW-M07,ARCH,operation_type,,,,,ifc_observed,pending,IFC-FORMAL-001,,yes,
REQ-0228,DW-M07,ARCH,host_relation,UNHOSTED,,,,ifc_observed,observed,IFC-FORMAL-001,,no,
REQ-0229,DW-M07,ARCH,sill_or_threshold_z,,16.058349,mm,,ifc_observed,observed,IFC-FORMAL-001,,no,
REQ-0230,DW-M08,ARCH,nominal_width,,900,mm,,ifc_observed,observed,IFC-FORMAL-001,,no,
REQ-0231,DW-M08,ARCH,nominal_height,,2000,mm,,ifc_observed,observed,IFC-FORMAL-001,,no,
REQ-0232,DW-M08,ARCH,operation_type,SINGLE_SWING_LEFT,,,,ifc_observed,observed,IFC-FORMAL-001,,no,
REQ-0233,DW-M08,ARCH,host_relation,HOSTED,,,,ifc_observed,observed,IFC-FORMAL-001,,no,
REQ-0234,DW-M08,ARCH,sill_or_threshold_z,,0.000000,mm,,ifc_observed,observed,IFC-FORMAL-001,,no,
REQ-0235,DW-W01,ARCH,nominal_width,,640,mm,,ifc_observed,observed,IFC-FORMAL-001,,no,
REQ-0236,DW-W01,ARCH,nominal_height,,1730,mm,,ifc_observed,observed,IFC-FORMAL-001,,no,
REQ-0237,DW-W01,ARCH,operation_type,DOUBLE_PANEL_HORIZONTAL,,,,ifc_observed,observed,IFC-FORMAL-001,,no,
REQ-0238,DW-W01,ARCH,host_relation,HOSTED,,,,ifc_observed,observed,IFC-FORMAL-001,,no,
REQ-0239,DW-W01,ARCH,sill_or_threshold_z,,704.000000,mm,,ifc_observed,observed,IFC-FORMAL-001,,no,
REQ-0240,DW-W02,ARCH,nominal_width,,1180,mm,,ifc_observed,observed,IFC-FORMAL-001,,no,
REQ-0241,DW-W02,ARCH,nominal_height,,1780,mm,,ifc_observed,observed,IFC-FORMAL-001,,no,
REQ-0242,DW-W02,ARCH,operation_type,TRIPLE_PANEL_RIGHT,,,,ifc_observed,observed,IFC-FORMAL-001,,no,
REQ-0243,DW-W02,ARCH,host_relation,HOSTED,,,,ifc_observed,observed,IFC-FORMAL-001,,no,
REQ-0244,DW-W02,ARCH,sill_or_threshold_z,,670.000000,mm,,ifc_observed,observed,IFC-FORMAL-001,,no,
REQ-0245,DW-W03,ARCH,nominal_width,,1180,mm,,ifc_observed,observed,IFC-FORMAL-001,,no,
REQ-0246,DW-W03,ARCH,nominal_height,,1780,mm,,ifc_observed,observed,IFC-FORMAL-001,,no,
REQ-0247,DW-W03,ARCH,operation_type,TRIPLE_PANEL_RIGHT,,,,ifc_observed,observed,IFC-FORMAL-001,,no,
REQ-0248,DW-W03,ARCH,host_relation,HOSTED,,,,ifc_observed,observed,IFC-FORMAL-001,,no,
REQ-0249,DW-W03,ARCH,sill_or_threshold_z,,670.000000,mm,,ifc_observed,observed,IFC-FORMAL-001,,no,
REQ-0250,DW-W04,ARCH,nominal_width,,1560,mm,,ifc_observed,observed,IFC-FORMAL-001,,no,
REQ-0251,DW-W04,ARCH,nominal_height,,1780,mm,,ifc_observed,observed,IFC-FORMAL-001,,no,
REQ-0252,DW-W04,ARCH,operation_type,TRIPLE_PANEL_RIGHT,,,,ifc_observed,observed,IFC-FORMAL-001,,no,
REQ-0253,DW-W04,ARCH,host_relation,HOSTED,,,,ifc_observed,observed,IFC-FORMAL-001,,no,
REQ-0254,DW-W04,ARCH,sill_or_threshold_z,,670.000000,mm,,ifc_observed,observed,IFC-FORMAL-001,,no,
REQ-0255,DW-W05,ARCH,nominal_width,,640,mm,,ifc_observed,observed,IFC-FORMAL-001,,no,
REQ-0256,DW-W05,ARCH,nominal_height,,1730,mm,,ifc_observed,observed,IFC-FORMAL-001,,no,
REQ-0257,DW-W05,ARCH,operation_type,DOUBLE_PANEL_HORIZONTAL,,,,ifc_observed,observed,IFC-FORMAL-001,,no,
REQ-0258,DW-W05,ARCH,host_relation,HOSTED,,,,ifc_observed,observed,IFC-FORMAL-001,,no,
REQ-0259,DW-W05,ARCH,sill_or_threshold_z,,710.000000,mm,,ifc_observed,observed,IFC-FORMAL-001,,no,
REQ-0260,DW-W06,ARCH,nominal_width,,430,mm,,ifc_observed,observed,IFC-FORMAL-001,,no,
REQ-0261,DW-W06,ARCH,nominal_height,,1780,mm,,ifc_observed,observed,IFC-FORMAL-001,,no,
REQ-0262,DW-W06,ARCH,operation_type,SINGLE_PANEL,,,,ifc_observed,observed,IFC-FORMAL-001,,no,
REQ-0263,DW-W06,ARCH,host_relation,HOSTED,,,,ifc_observed,observed,IFC-FORMAL-001,,no,
REQ-0264,DW-W06,ARCH,sill_or_threshold_z,,670.000000,mm,,ifc_observed,observed,IFC-FORMAL-001,,no,
REQ-0265,DW-W07,ARCH,nominal_width,,680,mm,,ifc_observed,observed,IFC-FORMAL-001,,no,
REQ-0266,DW-W07,ARCH,nominal_height,,1780,mm,,ifc_observed,observed,IFC-FORMAL-001,,no,
REQ-0267,DW-W07,ARCH,operation_type,DOUBLE_PANEL_HORIZONTAL,,,,ifc_observed,observed,IFC-FORMAL-001,,no,
REQ-0268,DW-W07,ARCH,host_relation,HOSTED,,,,ifc_observed,observed,IFC-FORMAL-001,,no,
REQ-0269,DW-W07,ARCH,sill_or_threshold_z,,670.000000,mm,,ifc_observed,observed,IFC-FORMAL-001,,no,
REQ-0270,DW-W08,ARCH,nominal_width,,2490,mm,,ifc_observed,observed,IFC-FORMAL-001,,no,
REQ-0271,DW-W08,ARCH,nominal_height,,1780,mm,,ifc_observed,observed,IFC-FORMAL-001,,no,
REQ-0272,DW-W08,ARCH,operation_type,TRIPLE_PANEL_RIGHT,,,,ifc_observed,observed,IFC-FORMAL-001,,no,
REQ-0273,DW-W08,ARCH,host_relation,HOSTED,,,,ifc_observed,observed,IFC-FORMAL-001,,no,
REQ-0274,DW-W08,ARCH,sill_or_threshold_z,,670.000000,mm,,ifc_observed,observed,IFC-FORMAL-001,,no,
REQ-0275,DW-W09,ARCH,nominal_width,,1180,mm,,ifc_observed,observed,IFC-FORMAL-001,,no,
REQ-0276,DW-W09,ARCH,nominal_height,,1720,mm,,ifc_observed,observed,IFC-FORMAL-001,,no,
REQ-0277,DW-W09,ARCH,operation_type,TRIPLE_PANEL_LEFT,,,,ifc_observed,observed,IFC-FORMAL-001,,no,
REQ-0278,DW-W09,ARCH,host_relation,HOSTED,,,,ifc_observed,observed,IFC-FORMAL-001,,no,
REQ-0279,DW-W09,ARCH,sill_or_threshold_z,,680.000000,mm,,ifc_observed,observed,IFC-FORMAL-001,,no,
REQ-0280,DW-W10,ARCH,nominal_width,,1180,mm,,ifc_observed,observed,IFC-FORMAL-001,,no,
REQ-0281,DW-W10,ARCH,nominal_height,,1720,mm,,ifc_observed,observed,IFC-FORMAL-001,,no,
REQ-0282,DW-W10,ARCH,operation_type,TRIPLE_PANEL_LEFT,,,,ifc_observed,observed,IFC-FORMAL-001,,no,
REQ-0283,DW-W10,ARCH,host_relation,HOSTED,,,,ifc_observed,observed,IFC-FORMAL-001,,no,
REQ-0284,DW-W10,ARCH,sill_or_threshold_z,,680.000000,mm,,ifc_observed,observed,IFC-FORMAL-001,,no,
REQ-0285,DW-W11,ARCH,nominal_width,,1500,mm,,ifc_observed,observed,IFC-FORMAL-001,,no,
REQ-0286,DW-W11,ARCH,nominal_height,,1340,mm,,ifc_observed,observed,IFC-FORMAL-001,,no,
REQ-0287,DW-W11,ARCH,operation_type,DOUBLE_PANEL_VERTICAL,,,,ifc_observed,observed,IFC-FORMAL-001,,no,
REQ-0288,DW-W11,ARCH,host_relation,HOSTED,,,,ifc_observed,observed,IFC-FORMAL-001,,no,
REQ-0289,DW-W11,ARCH,sill_or_threshold_z,,1080.000000,mm,,ifc_observed,observed,IFC-FORMAL-001,,no,
REQ-0290,HVAC-001,HVAC/PLUM,nominal_body_width,,700,mm,,official_model_family,candidate,RCP1-HVAC-IFACE-001,,no,
REQ-0291,HVAC-001,HVAC/PLUM,nominal_body_depth,,447,mm,,official_model_family,candidate,RCP1-HVAC-IFACE-001,,no,
REQ-0292,HVAC-001,HVAC/PLUM,nominal_body_height,,192,mm,,official_model_family,candidate,RCP1-HVAC-IFACE-001,,no,
REQ-0293,HVAC-001,HVAC/PLUM,capacity_group,18-50,,,,official_model_family,candidate,RCP1-HVAC-IFACE-001,,no,
REQ-0294,HVAC-001,HVAC/PLUM,gas_pipe_od,,12.7,mm,,official_model_family,candidate,RCP1-HVAC-IFACE-001,,no,
REQ-0295,HVAC-001,HVAC/PLUM,liquid_pipe_od,,6.35,mm,,official_model_family,candidate,RCP1-HVAC-IFACE-001,,no,
REQ-0296,HVAC-001,HVAC/PLUM,drain_pipe_od,,32,mm,,official_model_family,candidate,RCP1-HVAC-IFACE-001,,no,
REQ-0297,HVAC-001,HVAC/PLUM,drain_slope_min,1/100,,,,official_model_family,candidate,RCP1-HVAC-IFACE-001,,no,
REQ-0298,HVAC-001,HVAC/PLUM,drain_slope_max,1/25,,,,official_model_family,candidate,RCP1-HVAC-IFACE-001,,no,
REQ-0299,HVAC-001,HVAC/PLUM,connection_side_basis,equipment_local_positive_x_existing_connector_geometry,,,,official_model_family,candidate,RCP1-HVAC-IFACE-001,,no,
REQ-0300,HVAC-001,HVAC/PLUM,port_coordinate_status,diagram_available_variant_selection_pending,,,,official_model_family,candidate,RCP1-HVAC-IFACE-001,,no,
REQ-0301,HVAC-002,HVAC/PLUM,nominal_body_width,,700,mm,,official_model_family,candidate,RCP1-HVAC-IFACE-002,,no,
REQ-0302,HVAC-002,HVAC/PLUM,nominal_body_depth,,447,mm,,official_model_family,candidate,RCP1-HVAC-IFACE-002,,no,
REQ-0303,HVAC-002,HVAC/PLUM,nominal_body_height,,192,mm,,official_model_family,candidate,RCP1-HVAC-IFACE-002,,no,
REQ-0304,HVAC-002,HVAC/PLUM,capacity_group,18-50,,,,official_model_family,candidate,RCP1-HVAC-IFACE-002,,no,
REQ-0305,HVAC-002,HVAC/PLUM,gas_pipe_od,,12.7,mm,,official_model_family,candidate,RCP1-HVAC-IFACE-002,,no,
REQ-0306,HVAC-002,HVAC/PLUM,liquid_pipe_od,,6.35,mm,,official_model_family,candidate,RCP1-HVAC-IFACE-002,,no,
REQ-0307,HVAC-002,HVAC/PLUM,drain_pipe_od,,32,mm,,official_model_family,candidate,RCP1-HVAC-IFACE-002,,no,
REQ-0308,HVAC-002,HVAC/PLUM,drain_slope_min,1/100,,,,official_model_family,candidate,RCP1-HVAC-IFACE-002,,no,
REQ-0309,HVAC-002,HVAC/PLUM,drain_slope_max,1/25,,,,official_model_family,candidate,RCP1-HVAC-IFACE-002,,no,
REQ-0310,HVAC-002,HVAC/PLUM,connection_side_basis,equipment_local_positive_x_existing_connector_geometry,,,,official_model_family,candidate,RCP1-HVAC-IFACE-002,,no,
REQ-0311,HVAC-002,HVAC/PLUM,port_coordinate_status,diagram_available_variant_selection_pending,,,,official_model_family,candidate,RCP1-HVAC-IFACE-002,,no,
REQ-0312,HVAC-003,HVAC/PLUM,nominal_body_width,,1180,mm,,official_model_family,candidate,RCP1-HVAC-IFACE-003,,no,
REQ-0313,HVAC-003,HVAC/PLUM,nominal_body_depth,,447,mm,,official_model_family,candidate,RCP1-HVAC-IFACE-003,,no,
REQ-0314,HVAC-003,HVAC/PLUM,nominal_body_height,,192,mm,,official_model_family,candidate,RCP1-HVAC-IFACE-003,,no,
REQ-0315,HVAC-003,HVAC/PLUM,capacity_group,63-71,,,,official_model_family,candidate,RCP1-HVAC-IFACE-003,,no,
REQ-0316,HVAC-003,HVAC/PLUM,gas_pipe_od,,,mm,,official_model_family,pending,RCP1-HVAC-IFACE-003,,yes,
REQ-0317,HVAC-003,HVAC/PLUM,liquid_pipe_od,,,mm,,official_model_family,pending,RCP1-HVAC-IFACE-003,,yes,
REQ-0318,HVAC-003,HVAC/PLUM,drain_pipe_od,,,mm,,official_model_family,pending,RCP1-HVAC-IFACE-003,,yes,
REQ-0319,HVAC-003,HVAC/PLUM,drain_slope_min,,,,,official_model_family,pending,RCP1-HVAC-IFACE-003,,yes,
REQ-0320,HVAC-003,HVAC/PLUM,drain_slope_max,,,,,official_model_family,pending,RCP1-HVAC-IFACE-003,,yes,
REQ-0321,HVAC-003,HVAC/PLUM,connection_side_basis,unresolved,,,,official_model_family,candidate,RCP1-HVAC-IFACE-003,,no,
REQ-0322,HVAC-003,HVAC/PLUM,port_coordinate_status,unresolved_exact_model_required,,,,official_model_family,candidate,RCP1-HVAC-IFACE-003,,no,
REQ-0323,HVAC-004,HVAC/PLUM,nominal_body_width,,,mm,,project_candidate,pending,RCP1-HVAC-IFACE-004,,yes,
REQ-0324,HVAC-004,HVAC/PLUM,nominal_body_depth,,,mm,,project_candidate,pending,RCP1-HVAC-IFACE-004,,yes,
REQ-0325,HVAC-004,HVAC/PLUM,nominal_body_height,,,mm,,project_candidate,pending,RCP1-HVAC-IFACE-004,,yes,
REQ-0326,HVAC-004,HVAC/PLUM,capacity_group,,,,,project_candidate,pending,RCP1-HVAC-IFACE-004,,yes,
REQ-0327,HVAC-004,HVAC/PLUM,gas_pipe_od,,,mm,,project_candidate,pending,RCP1-HVAC-IFACE-004,,yes,
REQ-0328,HVAC-004,HVAC/PLUM,liquid_pipe_od,,,mm,,project_candidate,pending,RCP1-HVAC-IFACE-004,,yes,
REQ-0329,HVAC-004,HVAC/PLUM,drain_pipe_od,,,mm,,project_candidate,pending,RCP1-HVAC-IFACE-004,,yes,
REQ-0330,HVAC-004,HVAC/PLUM,drain_slope_min,,,,,project_candidate,pending,RCP1-HVAC-IFACE-004,,yes,
REQ-0331,HVAC-004,HVAC/PLUM,drain_slope_max,,,,,project_candidate,pending,RCP1-HVAC-IFACE-004,,yes,
REQ-0332,HVAC-004,HVAC/PLUM,connection_side_basis,unresolved,,,,project_candidate,candidate,RCP1-HVAC-IFACE-004,,no,
REQ-0333,HVAC-004,HVAC/PLUM,port_coordinate_status,formal_ifc_identity_required,,,,project_candidate,candidate,RCP1-HVAC-IFACE-004,,no,
REQ-0334,APP-001,ELEC,candidate_power_min,,1500,W,,project_candidate,candidate,,,yes,常见值仅用于回路容量情景，不代表已选产品
REQ-0335,APP-001,ELEC,candidate_power_max,,2200,W,,project_candidate,candidate,,,yes,常见值仅用于回路容量情景，不代表已选产品
REQ-0336,APP-002,ELEC,candidate_power_min,,300,W,,project_candidate,candidate,,,yes,常见值仅用于回路容量情景，不代表已选产品
REQ-0337,APP-002,ELEC,candidate_power_max,,1200,W,,project_candidate,candidate,,,yes,常见值仅用于回路容量情景，不代表已选产品
REQ-0338,APP-003,ELEC,candidate_power_min,,800,W,,project_candidate,candidate,,,yes,常见值仅用于回路容量情景，不代表已选产品
REQ-0339,APP-003,ELEC,candidate_power_max,,1500,W,,project_candidate,candidate,,,yes,常见值仅用于回路容量情景，不代表已选产品
REQ-0340,APP-004,ELEC,candidate_power_min,,1200,W,,project_candidate,candidate,,,yes,常见值仅用于回路容量情景，不代表已选产品
REQ-0341,APP-004,ELEC,candidate_power_max,,1800,W,,project_candidate,candidate,,,yes,常见值仅用于回路容量情景，不代表已选产品
REQ-0342,APP-005,ELEC,candidate_power_min,,1000,W,,project_candidate,candidate,,,yes,常见值仅用于回路容量情景，不代表已选产品
REQ-0343,APP-005,ELEC,candidate_power_max,,1800,W,,project_candidate,candidate,,,yes,常见值仅用于回路容量情景，不代表已选产品
REQ-0344,APP-006,ELEC,candidate_power_min,,150,W,,project_candidate,candidate,,,yes,常见值仅用于回路容量情景，不代表已选产品
REQ-0345,APP-006,ELEC,candidate_power_max,,400,W,,project_candidate,candidate,,,yes,常见值仅用于回路容量情景，不代表已选产品
REQ-0346,FURIFC-031,INT1,installation_role,fixed_furniture,,,,project_candidate,confirmed,FUR-ROLE-SRC-ac1af453d928,,no,类型与 VVD 中 600×767×888 mm 几何共同识别为岛台固定柜体单元 | confidence=0.99
REQ-0347,FURIFC-062,INT1,installation_role,fixed_furniture,,,,project_candidate,confirmed,FUR-ROLE-SRC-facd5fffb5d0,,no,类型与 VVD 中 600×767×693 mm 几何共同识别为岛台固定柜体单元 | confidence=0.99
REQ-0348,FURIFC-033,INT1,installation_role,fixed_furniture,,,,project_candidate,confirmed,FUR-ROLE-SRC-2a281d2df076,,no,类型与 KITCHEN 中 617×1200×888 mm 几何共同识别为固定地柜 | confidence=0.99
REQ-0349,FURIFC-016,INT1,installation_role,fixed_furniture,,,,project_candidate,confirmed,FUR-ROLE-SRC-b86cabfea99b,,no,类型与 KITCHEN 中 617×450×888 mm 几何共同识别为固定地柜 | confidence=0.99
REQ-0350,FURIFC-053,INT1,installation_role,fixed_furniture,,,,project_candidate,confirmed,FUR-ROLE-SRC-8d16f63cd607,,no,类型与 KITCHEN 中 617×900×888 mm 几何共同识别为固定地柜 | confidence=0.99
REQ-0351,FURIFC-020,INT1,installation_role,fixed_furniture,,,,project_candidate,confirmed,FUR-ROLE-SRC-9fc483e31a2a,,no,类型与 KITCHEN 中 1100×750×888 mm 几何共同识别为固定转角柜单元 | confidence=0.99
REQ-0352,FURIFC-039,INT1,installation_role,fixed_furniture,,,,project_candidate,confirmed,FUR-ROLE-SRC-707aa17747d8,,no,类型与 VVD 中 1200×331×693 mm 几何共同识别为岛台固定柜体单元 | confidence=0.99
REQ-0353,FURIFC-057,INT1,installation_role,fixed_furniture,,,,project_candidate,confirmed,FUR-ROLE-SRC-777685e49639,,no,类型与 KITCHEN 中 1200×717×888 mm 几何共同识别为固定地柜 | confidence=0.99
REQ-0354,FURIFC-017,INT1,installation_role,fixed_furniture,,,,project_candidate,confirmed,FUR-ROLE-SRC-4f435c4b8701,,no,类型与 KITCHEN 中 450×717×888 mm 几何共同识别为固定地柜 | confidence=0.99
REQ-0355,FURIFC-051,INT1,installation_role,fixed_furniture,,,,project_candidate,confirmed,FUR-ROLE-SRC-c54be9a54d2f,,no,类型与 KITCHEN 中 900×717×888 mm 几何共同识别为固定地柜 | confidence=0.99
REQ-0356,FURIFC-058,INT1,installation_role,fixed_furniture,,,,project_candidate,confirmed,FUR-ROLE-SRC-ee3c462e0a75,,no,类型与 VVD 中 617×600×2383 mm 全高几何共同识别为固定高柜 | confidence=0.99
REQ-0357,FURIFC-040,INT1,installation_role,fixed_furniture,,,,project_candidate,confirmed,FUR-ROLE-SRC-76c64e8de6b5,,no,类型与 VVD 中 600×19×587 mm 薄板几何共同识别为固定柜门板 | confidence=0.99
REQ-0358,FURIFC-055,INT1,installation_role,fixed_furniture,,,,project_candidate,confirmed,FUR-ROLE-SRC-3bf990fecc5c,,no,类型、VVD 容器与 617×600×1523 mm 柜体包络共同证明安装位置受控 | confidence=0.99
REQ-0359,FURIFC-056,INT1,installation_role,fixed_furniture,,,,project_candidate,confirmed,FUR-ROLE-SRC-285701a98ac5,,no,类型、VVD 容器与 617×600×860 mm 柜体包络共同证明安装位置受控 | confidence=0.99
REQ-0360,FURIFC-012,INT1,installation_role,fixed_furniture,,,,project_candidate,confirmed,FUR-ROLE-SRC-0b252fa6a7af,,no,类型、VVD 容器与 617×600×1523 mm 柜体包络共同证明安装位置受控 | confidence=0.99
REQ-0361,FURIFC-047,INT1,installation_role,fixed_furniture,,,,project_candidate,confirmed,FUR-ROLE-SRC-29655a725411,,no,类型、VVD 容器与 617×600×860 mm 柜体包络共同证明安装位置受控 | confidence=0.99
REQ-0362,FURIFC-042,INT1,installation_role,fixed_furniture,,,,project_candidate,confirmed,FUR-ROLE-SRC-480b2e28aff0,,no,类型、NBW 容器与 670×30×2365 mm 全高薄板几何共同识别为固定板件 | confidence=0.99
REQ-0363,FURIFC-044,INT1,installation_role,fixed_furniture,,,,project_candidate,confirmed,FUR-ROLE-SRC-81479cf0c9fe,,no,类型、NBW 容器与 520×100×2400 mm 全高几何共同识别为固定板件 | confidence=0.99
REQ-0364,FURIFC-054,INT1,installation_role,fixed_furniture,,,,project_candidate,confirmed,FUR-ROLE-SRC-4a1237247c6a,,no,用户确认 H08 为柜子把手并固定安装 | confidence=1.00
REQ-0365,FURIFC-064,INT1,installation_role,fixed_furniture,,,,project_candidate,confirmed,FUR-ROLE-SRC-5d81a30c45ba,,no,与已确认 H08 同系列且具有相同 55×48×2323 mm 柜门把手几何 | confidence=0.99
REQ-0366,FURIFC-029,INT1,installation_role,fixed_furniture,,,,project_candidate,confirmed,FUR-ROLE-SRC-710779d5e112,,no,类型、KITCHEN 容器与 47×47×50 mm 五金几何共同识别为固定柜体五金 | confidence=0.99
REQ-0367,FURIFC-010,INT1,installation_role,fixed_furniture,,,,project_candidate,confirmed,FUR-ROLE-SRC-44dc573a968b,,no,类型、KITCHEN 容器与 78×80×50 mm 五金几何共同识别为固定柜体五金 | confidence=0.99
REQ-0368,FURIFC-008,INT1,installation_role,fixed_furniture,,,,project_candidate,confirmed,FUR-ROLE-SRC-1e42d0dee4f3,,no,类型、KITCHEN 容器与 1200×47×50 mm 条状几何共同识别为固定柜体五金 | confidence=0.99
REQ-0369,FURIFC-046,INT1,installation_role,fixed_furniture,,,,project_candidate,confirmed,FUR-ROLE-SRC-f6a7a110e14f,,no,类型、KITCHEN 容器与 450×47×50 mm 条状几何共同识别为固定柜体五金 | confidence=0.99
REQ-0370,FURIFC-009,INT1,installation_role,fixed_furniture,,,,project_candidate,confirmed,FUR-ROLE-SRC-2adec8773b7b,,no,类型、KITCHEN 容器与 600×47×50 mm 条状几何共同识别为固定柜体五金 | confidence=0.99
REQ-0371,FURIFC-037,INT1,installation_role,fixed_furniture,,,,project_candidate,confirmed,FUR-ROLE-SRC-2d622a9790d3,,no,类型、KITCHEN 容器与 900×47×50 mm 条状几何共同识别为固定柜体五金 | confidence=0.99
REQ-0372,FURIFC-014,INT1,installation_role,fixed_furniture,,,,project_candidate,confirmed,FUR-ROLE-SRC-da2263c37835,,no,类型、BATHM 容器与 826×1685×999 mm 几何共同识别为主卫固定柜体 | confidence=0.99
REQ-0373,FURIFC-060,INT1,installation_role,fixed_furniture,,,,project_candidate,confirmed,FUR-ROLE-SRC-8dfd30236337,,no,类型、VVD 容器与 53×30×2323 mm 全高条状几何共同识别为固定柜体五金 | confidence=0.99
REQ-0374,FURIFC-063,INT1,installation_role,fixed_furniture,,,,project_candidate,confirmed,FUR-ROLE-SRC-033ca04bbd17,,no,类型、VVD 容器与 55×360×2323 mm 全高几何共同识别为固定柜体部件 | confidence=0.99
REQ-0375,FURIFC-027,INT1,installation_role,fixed_furniture,,,,project_candidate,confirmed,FUR-ROLE-SRC-93cc989216af,,no,IfcFurnitureType.SHELF、KITCHEN 容器与 1342×337×2400 mm 全高层架几何共同证明固定安装 | confidence=0.99
REQ-0376,FURIFC-007,INT1,installation_role,fixed_furniture,,,,project_candidate,confirmed,FUR-ROLE-SRC-d65509fd42c3,,no,类型、VVD 容器与 617×300×2383 mm 全高几何共同识别为固定柜体板件 | confidence=0.99
REQ-0377,FURIFC-023,INT1,installation_role,fixed_furniture,,,,project_candidate,confirmed,FUR-ROLE-SRC-f6d5349c02e3,,no,类型、VVD 容器与 1200×300×179 mm 几何共同识别为固定柜体内部单元 | confidence=0.99
REQ-0378,FURIFC-026,INT1,installation_role,fixed_furniture,,,,project_candidate,confirmed,FUR-ROLE-SRC-b9971d78f419,,no,类型、VVD 容器与 600×300×179 mm 几何共同识别为固定柜体内部单元 | confidence=0.99
REQ-0379,FURIFC-045,INT1,installation_role,fixed_furniture,,,,project_candidate,confirmed,FUR-ROLE-SRC-b69eaad9f039,,no,类型、VVD 容器与 16 mm 薄板几何共同识别为固定柜体侧板 | confidence=0.99
REQ-0380,FURIFC-052,INT1,installation_role,fixed_furniture,,,,project_candidate,confirmed,FUR-ROLE-SRC-6a08a071fa9e,,no,类型、VVD 容器与 16 mm 薄板几何共同识别为固定柜体侧板 | confidence=0.99
REQ-0381,FURIFC-032,INT1,installation_role,fixed_furniture,,,,project_candidate,confirmed,FUR-ROLE-SRC-6deab3f093e7,,no,用户确认 SB03 为柜子侧板并固定安装 | confidence=1.00
REQ-0382,FURIFC-061,INT1,installation_role,fixed_furniture,,,,project_candidate,confirmed,FUR-ROLE-SRC-d440237eebf7,,no,IfcFurnitureType.SHELF、LIVING 容器与 203×839×2146 mm 全高层架几何共同证明固定安装 | confidence=0.99
REQ-0383,FURIFC-050,INT1,installation_role,fixed_furniture,,,,project_candidate,confirmed,FUR-ROLE-SRC-303704981d05,,no,类型、KITCHEN 容器与 369×1962×722 mm 高位柜体几何共同证明固定安装 | confidence=0.99
REQ-0384,FURIFC-021,INT1,installation_role,fixed_furniture,,,,project_candidate,confirmed,FUR-ROLE-SRC-14ae5ab8677c,,no,用户确认 SKI03 为柜子踢脚板并固定安装 | confidence=1.00
REQ-0385,FURIFC-018,INT1,installation_role,fixed_furniture,,,,project_candidate,confirmed,FUR-ROLE-SRC-90aa3e70bc89,,no,与已确认 SKI03 同系列且具有 2400×16×60 mm 踢脚板几何 | confidence=0.99
REQ-0386,FURIFC-043,INT1,installation_role,fixed_furniture,,,,project_candidate,confirmed,FUR-ROLE-SRC-81e2a3340e3c,,no,类型、KITCHEN 容器与 1100×750×60 mm 薄板几何共同识别为固定柜体板件 | confidence=0.99
REQ-0387,FURIFC-019,INT1,installation_role,fixed_furniture,,,,project_candidate,confirmed,FUR-ROLE-SRC-f38485b1b36b,,no,类型、BEDM 容器与 674×1203×2390 mm 全高几何共同识别为固定衣柜单元 | confidence=0.99
REQ-0388,FURIFC-036,INT1,installation_role,fixed_furniture,,,,project_candidate,confirmed,FUR-ROLE-SRC-aea62f5752cb,,no,类型、BEDM 容器与 674×603×2390 mm 全高几何共同识别为固定衣柜单元 | confidence=0.99
REQ-0389,FURIFC-059,INT1,installation_role,fixed_furniture,,,,project_candidate,confirmed,FUR-ROLE-SRC-a5ac9900ee5a,,no,类型、LIVING 容器与 628×600×2393 mm 全高几何共同识别为固定柜体单元 | confidence=0.99
REQ-0390,FURIFC-013,INT1,installation_role,fixed_furniture,,,,project_candidate,confirmed,FUR-ROLE-SRC-29240b0b53cb,,no,类型、BEDG 容器与 1313×586×2390 mm 全高几何共同识别为固定衣柜单元 | confidence=0.99
REQ-0391,FURIFC-011,INT1,installation_role,loose_furniture,,,,project_candidate,confirmed,FUR-ROLE-SRC-dba93f7d76bf,,no,类型、BEDM 容器与 399×399×450 mm 几何共同识别为活动床头柜 | confidence=0.99
REQ-0392,FURIFC-030,INT1,installation_role,loose_furniture,,,,project_candidate,confirmed,FUR-ROLE-SRC-53bbe15616e1,,no,类型、BEDM 容器与 578×560×250 mm 几何共同识别为活动床头柜 | confidence=0.99
REQ-0393,FURIFC-028,INT1,installation_role,loose_furniture,,,,project_candidate,confirmed,FUR-ROLE-SRC-8b2b41684309,,no,类型、BEDG 容器与 462×462×466 mm 几何共同识别为活动床头柜 | confidence=0.99
REQ-0394,FURIFC-001,INT1,installation_role,fixed_furniture,,,,project_candidate,confirmed,FUR-ROLE-SRC-2e0c7dfb150a,,no,对象名 505 UP V1.LP.S、LIVING 容器与 2912×436×2380 mm 全高柜体几何共同证明固定安装 | confidence=0.99
REQ-0395,FURIFC-003,INT1,installation_role,fixed_furniture,,,,project_candidate,confirmed,FUR-ROLE-SRC-34648f4c3ff7,,no,对象名 VVD Island worktop board 明确为岛台固定台面板 | confidence=1.00
REQ-0396,FURIFC-002,INT1,installation_role,fixed_furniture,,,,project_candidate,confirmed,FUR-ROLE-SRC-2a7cfd77b897,,no,对象名 VVD Island Inner Sideboard 明确为岛台固定侧板 | confidence=1.00
