equipment_id,domain,category,item_name,manufacturer,model,variant,quantity,procurement_status,decision_status,storage_location_candidate,use_location_candidate,storage_location_confirmed,use_location_confirmed,schedule_included,selector_kind,selector_value,ifc_class,ifc_type_name,ifc_type_global_id,ifc_global_ids,source_ids,identity_basis,confidence,human_review_required,legacy_kind,legacy_id,notes
APP-001,APPLIANCE,移动厨电,火锅电器,,,,1,candidate,partial,厨房柜内,西厨岛台 NS-01,,西厨岛台 NS-01,yes,logical_input,APP-001,,,,,OWNER-INBOX-20260814-001;ELEC-RESEARCH-20260815-001,业主确认 NS-01 使用场景；准确型号和功率未知,0.80,yes,appliance,APP-001,准确型号和名牌功率保持 unknown；NS-01 已按两个同时 10A 移动负载端口的不利工况设计两路 C16，未把回路容量冒充为产品功率。
APP-002,APPLIANCE,移动厨电,搅拌机,,,,1,candidate,partial,厨房柜内,西厨岛台 NS-01,,西厨岛台 NS-01,yes,logical_input,APP-002,,,,,OWNER-INBOX-20260814-001;ELEC-RESEARCH-20260815-001,业主确认 NS-01 使用场景；准确型号和功率未知,0.80,yes,appliance,APP-002,准确型号和名牌功率保持 unknown；与火锅同时使用时必须分路。
APP-003,APPLIANCE,移动厨电,Sous-vide 棒,,,,1,candidate,partial,厨房柜内,西厨岛台 NS-01,,西厨岛台 NS-01,yes,logical_input,APP-003,,,,,OWNER-INBOX-20260814-001;ELEC-RESEARCH-20260815-001,业主确认 NS-01 使用场景；准确型号和功率未知,0.80,yes,appliance,APP-003,准确型号和名牌功率保持 unknown；与火锅同时使用时必须分路。
APP-004,APPLIANCE,咖啡设备,咖啡机,La Marzocco / Victoria Arduino,GS3 / E1 Prima EXP（候选二选一）,,1,candidate,partial,餐边柜,餐边柜 NS-02,,餐边柜 NS-02,yes,logical_input,APP-004,,,,,OWNER-INBOX-20260814-001;APP-004-GS3-OFFICIAL-001;APP-004-E1PRIMA-OFFICIAL-001;ELEC-RESEARCH-20260815-001,业主给出两款候选；厂家资料仅作为候选参数，最终机型未定,0.80,yes,appliance,APP-004,GS3 与 E1 Prima EXP 均保持候选，未采购、未终选；粗装按 2600W 不利值预留独立 C16 和接线盒，最终面板按实购插头匹配。
APP-005,APPLIANCE,咖啡设备,手冲电热水壶,Hario,,,1,candidate,partial,餐边柜,餐边柜 NS-02,,餐边柜 NS-02,yes,logical_input,APP-005,,,,,OWNER-INBOX-20260814-001,业主提供 Hario 品牌和 1200W；准确型号待定,0.80,yes,appliance,APP-005,1200W 为业主提供的候选功率，仍须按实购型号和铭牌复核；不与咖啡机同时使用。
APP-006,APPLIANCE,咖啡设备,磨豆机,,,,1,candidate,partial,餐边柜,餐边柜 NS-02,,餐边柜 NS-02,yes,logical_input,APP-006,,,,,OWNER-INBOX-20260814-001,业主确认 NS-02 使用场景；准确型号和功率未知,0.80,yes,appliance,APP-006,与咖啡机同时使用；型号和铭牌功率保持 unknown。
APP-007,APPLIANCE,固定厨房电器,冰箱 1,,,,1,not_selected,pending,西厨,西厨,,西厨,yes,logical_input,APP-007,,,,,,,0.80,yes,appliance,APP-007,持续供电且不得进入照明总控
APP-008,APPLIANCE,固定厨房电器,冰箱 2,,,,1,not_selected,pending,西厨,西厨,,西厨,yes,logical_input,APP-008,,,,,,,0.80,yes,appliance,APP-008,持续供电且不得进入照明总控
APP-009,APPLIANCE,固定厨房电器,岛台洗碗机 1,Siemens,Siemens SJ85ZX26MC,,1,candidate,partial,西厨岛台,西厨岛台,,西厨岛台,yes,logical_input,APP-009,,,,,APP-DW-SPEC-001;APP-DW-INSTALL-001;APP-DW-MANUAL-001;ELEC-RESEARCH-20260815-001,"【用户选型候选】https://e.tb.cn/h.8TnxVNjugUfIImB?tk=93QITaQnSCj CZ007
【西门子中国】https://www.siemens-home.bsh-group.com/cn/zh/mkt-product/SJ85ZX26MC
【官方规格表】drawings/evidence/APP-009-010-Siemens-SJ85ZX26MC-specsheet.pdf
【官方安装图】drawings/evidence/APP-009-010-Siemens-SJ85ZX26MC-installation-9002067344_A.pdf
【官方说明书】drawings/evidence/APP-009-010-Siemens-SJ85ZX26MC-user-manual-9002057324_C.pdf",0.80,yes,appliance,APP-009,候选洗碗机未采购；按官方 2000W/10A 和两台同时工况，每台各配 10A 接地插座、独立 C16 RCBO 和 2.5mm² 铜线。
APP-010,APPLIANCE,固定厨房电器,岛台洗碗机 2,Siemens,Siemens SJ85ZX26MC,,1,candidate,partial,西厨岛台,西厨岛台,,西厨岛台,yes,logical_input,APP-010,,,,,APP-DW-SPEC-001;APP-DW-INSTALL-001;APP-DW-MANUAL-001;ELEC-RESEARCH-20260815-001,"【用户选型候选】https://e.tb.cn/h.8TnxVNjugUfIImB?tk=93QITaQnSCj CZ007
【西门子中国】https://www.siemens-home.bsh-group.com/cn/zh/mkt-product/SJ85ZX26MC
【官方规格表】drawings/evidence/APP-009-010-Siemens-SJ85ZX26MC-specsheet.pdf
【官方安装图】drawings/evidence/APP-009-010-Siemens-SJ85ZX26MC-installation-9002067344_A.pdf
【官方说明书】drawings/evidence/APP-009-010-Siemens-SJ85ZX26MC-user-manual-9002057324_C.pdf",0.80,yes,appliance,APP-010,候选洗碗机未采购；按官方 2000W/10A 和两台同时工况，每台各配 10A 接地插座、独立 C16 RCBO 和 2.5mm² 铜线。
APP-011,APPLIANCE,固定厨房电器,烤箱,Siemens,Siemens HB754G2B1W,,1,purchased_arrived,confirmed,西厨高柜,西厨高柜,西厨高柜,西厨高柜,yes,logical_input,APP-011,IfcElectricAppliance,,,3PQOXKxgj6IftqWXFXMQXG,APP-011-PHOTO-001;APP-011-OFFICIAL-001;ELEC-RESEARCH-20260815-001,APP-011-PHOTO-001;APP-011-OFFICIAL-001,1.00,no,appliance,APP-011,已到货；官方 3400W/16A 插头。16A 三孔插座、独立 C16 RCBO、4mm² 铜线，插座设相邻可检修柜格而非机身正后。
APP-012,APPLIANCE,固定厨房电器,炉灶,Siemens,Siemens ER9EPA33MP/01（JZT-ER9EPA33MP）,,1,purchased_arrived,confirmed,中厨,中厨,中厨,中厨,yes,logical_input,APP-012,,,,,APP-012-PHOTO-001;APP-012-PHOTO-002;APP-012-OFFICIAL-001;ELEC-RESEARCH-20260815-001,APP-012-PHOTO-001;APP-012-PHOTO-002;APP-012-OFFICIAL-001,1.00,no,appliance,APP-012,已到货；DC1.5V 电池点火，设备不需电源插座；原灶位插座仅作 10A 检修备用点，接厨房固定辅助回路。
APP-013,APPLIANCE,固定厨房电器,油烟机,Siemens,Siemens LS33R6VB9W/01（CXW-380-LS33R6VB9W）,,1,purchased_arrived,confirmed,中厨,中厨,中厨,中厨,yes,logical_input,APP-013,IfcElectricAppliance,,,288GLY62v8kPPydA1lAK8W,APP-013-PHOTO-001;APP-013-PHOTO-002;APP-013-OFFICIAL-001;ELEC-RESEARCH-20260815-001,APP-013-PHOTO-001;APP-013-PHOTO-002;APP-013-OFFICIAL-001,1.00,no,appliance,APP-013,已到货；官方 385W，设计电流约 1.75A；10A 接地插座接厨房固定辅助回路，不独立成回路。
APP-014,APPLIANCE,水处理设备,西门子嵌入式净水饮水机（直饮+净水）,Siemens,WS7FSB0C1C,,1,candidate,partial,西厨,西厨使用点,,西厨使用点,yes,logical_input,APP-014,,,,,OWNER-INBOX-20260814-001;APP-014-SIEMENS-NEW-WEB-001;APP-014-SIEMENS-OLD-WEB-001;APP-014-SIEMENS-MANUAL-001;ELEC-RESEARCH-20260815-001,业主明确新款 WS7FSB0C1C 为优选、旧款 WS7060BC1C 仅作比价备选；两者官方资料核验,1.00,yes,appliance,APP-014,新款为优选候选但未采购；2200W，10A 三孔邻柜插座，独立 C16 RCBO、2.5mm² 铜线和剩余电流保护；APP-015 仅为别名。
APP-015,APPLIANCE,水处理设备,净水功能别名（同 APP-014）,Siemens,WS7FSB0C1C,,0,not_applicable,superseded,西厨柜内,西厨柜内接口区,,西厨柜内接口区,no,logical_input,APP-015,,,,,OWNER-INBOX-20260814-001;APP-014-SIEMENS-NEW-WEB-001;APP-014-SIEMENS-OLD-WEB-001;APP-014-SIEMENS-MANUAL-001;ELEC-RESEARCH-20260815-001,业主明确新款 WS7FSB0C1C 为优选、旧款 WS7060BC1C 仅作比价备选；两者官方资料核验,1.00,no,appliance,APP-015,APP-014 的功能别名，quantity=0、不入设备表、不重复计算功率、插座、回路或给排水。
APP-016,APPLIANCE,固定厨房电器,垃圾处理器,勒科斯,F50（业主提供候选）,,1,candidate,partial,西厨水槽柜,西厨水槽柜,,西厨水槽柜,yes,logical_input,APP-016,,,,,OWNER-INBOX-20260814-001,业主补充候选名称“勒科斯 F50”；尚无厂家安装图、订单或铭牌,0.80,yes,appliance,APP-016,候选身份不等于已选/已购；额定功率、开关方式、法兰尺寸和排水接口保持 unknown。
APP-017,APPLIANCE,洗衣设备,西门子洗衣机＋热泵干衣机叠放套装,Siemens,WG54M7D20W + WQ55M7U20W,iQ500 10 kg washer + iQ500 10 kg heat-pump dryer,1,candidate,partial,中厨家政位,中厨家政位,,中厨家政位,yes,global_id,3JAkt8PsX7vPfGKWLK5EKp,IfcBuildingElementProxy,,,3JAkt8PsX7vPfGKWLK5EKp,IFC-FORMAL-001;OWNER-INBOX-20260814-001;APP-017-SIEMENS-WASHER-WEB-001;APP-017-SIEMENS-WASHER-MANUAL-001;APP-017-SIEMENS-DRYER-WEB-001;APP-017-SIEMENS-DRYER-MANUAL-001;APP-017-SIEMENS-WTZ27510-WEB-001;APP-017-SIEMENS-STACKKIT-MANUAL-001;ELEC-RESEARCH-20260815-001,业主明确改选两台独立西门子设备上下叠放；官方精确型号资料核实尺寸、负载、水电和叠放规则,1.00,yes,appliance,APP-017,候选精确双机叠放；1900W+800W=2700W，约 12.3A@220V；一路洗衣区独立 C16 RCBO、2.5mm² 铜线和两个侧面可检修 10A 接地插座，不使用排插/延长线。
APP-018,NETWORK,网络设备,Huawei 联通智家设备,Huawei,,,1,candidate,partial,玄关弱电箱,玄关弱电箱,,玄关弱电箱,yes,logical_input,APP-018,,,,,,,0.80,yes,appliance,APP-018,实际箱内运行已确认；补底部铭牌与设备功能
FUR-SHE01,FURNITURE,bookcase,Rafiki,Baxter,Rafiki,,1,selected,confirmed,,,,,yes,type_name,SHE01,IfcFurniture,SHE01,3erXbcQWHCt8x59$W3bG_Q,,FUR-SRC-SHE01,用户确认产品链接；Baxter 官方页面将 Rafiki 标识为 bookcase,1.00,no,furniture_product,SHE01,
FUR-Libelle,FURNITURE,modular_bookcase,Libelle,Baxter,Libelle,,1,selected,confirmed,,存放酒和调酒器具,,存放酒和调酒器具,yes,type_name,Libelle,IfcFurniture,Libelle,1FudEC16D6iAkSWQC_7G2k,,FUR-SRC-Libelle,用户确认产品链接和使用意图；Baxter 官方页面将 Libelle 标识为可配置瓶架和储物单元的模块化书架,1.00,no,furniture_product,Libelle,
FUR-WD01,FURNITURE,modular_wardrobe_and_pivot_door_system,Senzafine + Pivot,Poliform,Senzafine + Pivot,freestanding_wardrobe_and_wall_mounted_pivot,1,selected,confirmed,,衣物收纳及衣柜与墙体之间的旋转门系统,,衣物收纳及衣柜与墙体之间的旋转门系统,yes,type_name,WD01,IfcFurniture,WD01,0vf8HbSFv9FfzysXNlGjdx,,FUR-SRC-WD01,用户确认“Pivot between wardrobe and wall: freestanding wardrobe and wall mounted Pivot”；IFC 类型 Description=Poliform Pivot Senzafine；官方 Pivot 页面证明其为可与 Poliform 衣柜系统集成的旋转门/开口系统,1.00,no,furniture_product,WD01,
FUR-WD01L,FURNITURE,modular_wardrobe_and_pivot_door_system,Senzafine + Pivot,Poliform,Senzafine + Pivot,freestanding_wardrobe_and_wall_mounted_pivot,1,selected,confirmed,,衣物收纳及衣柜与墙体之间的旋转门系统,,衣物收纳及衣柜与墙体之间的旋转门系统,yes,type_name,WD01L,IfcFurniture,WD01L,1o1OcgN2D1hfuNiGy99OEi,,FUR-SRC-WD01L,用户确认“Pivot between wardrobe and wall: freestanding wardrobe and wall mounted Pivot”；IFC 类型 Description=Poliform Pivot Senzafine；官方 Pivot 页面证明其为可与 Poliform 衣柜系统集成的旋转门/开口系统,1.00,no,furniture_product,WD01L,
FUR-WD02,FURNITURE,modular_wardrobe_system,Senzafine,Poliform,Senzafine,,1,selected,confirmed,,衣物收纳,,衣物收纳,yes,type_name,WD02,IfcFurniture,WD02,3Xia__Mm57iv5rlzD9v6Yn,,FUR-SRC-WD02,用户确认产品链接；Poliform 官方页面将 Senzafine 标识为模块化衣柜系统,1.00,no,furniture_product,WD02,
FUR-WD03,FURNITURE,modular_wardrobe_system,Senzafine,Poliform,Senzafine,,1,selected,confirmed,,衣物收纳,,衣物收纳,yes,type_name,WD03,IfcFurniture,WD03,0l3LxR2Lj1egsE94rFSMeK,,FUR-SRC-WD03,用户确认产品链接；Poliform 官方页面将 Senzafine 标识为模块化衣柜系统,1.00,no,furniture_product,WD03,
FUR-BST01,FURNITURE,bedside_table,Ninfea,Baxter,Ninfea,bedside_table_opening_side_not_recorded,1,selected,confirmed,,床头收纳,,床头收纳,yes,type_name,BST01,IfcFurniture,BST01,0ZWJNi2GP9KvvQhOX1hwKP,,FUR-SRC-BST01,用户确认产品链接；IFC 类型名 BST01 与官方页面的 Ninfea bedside table 品类一致；左右开口未在 IFC 类型名中记录,1.00,no,furniture_product,BST01,
FUR-BST02,FURNITURE,bedside_table,Beside,Baxter,Beside,bedside_table,1,selected,confirmed,,床头收纳,,床头收纳,yes,type_name,BST02,IfcFurniture,BST02,1OOnzl9Iv0OOHaA0EOe321,,FUR-SRC-BST02,用户确认产品链接；Baxter 官方页面将 Beside 标识为 bedside table,1.00,no,furniture_product,BST02,
FUR-BST03,FURNITURE,bedside_table,Stone,Baxter,Stone,freestanding_bedside_table_with_L_drawer,1,selected,confirmed,,床头收纳,,床头收纳,yes,type_name,BST03,IfcFurniture,BST03,1H0dYxOl555gbdbAoy$fYk,,FUR-SRC-BST03,用户确认为 Stone 系列 FREESTANDING BEDSIDE TABLE WITH L DRAWER；Baxter 官方页面列出该款床头柜,1.00,no,furniture_product,BST03,
DW-M01,DOOR_WINDOW,IfcDoor,M01 · Door,,,,1,not_selected,ifc_observed,,客厅; 阳台,,,yes,global_id,0KYkZzyYj4leM7EZCh3ZYW,IfcDoor,,,0KYkZzyYj4leM7EZCh3ZYW,IFC-FORMAL-001,IfcRelFillsElement + IfcRelVoidsElement + nominal size/opening geometry,1.00,no,a104,M01,
DW-M02,DOOR_WINDOW,IfcDoor,M02 · Door,,,,1,not_selected,ifc_observed,,客厅; 阳台,,,yes,global_id,0KtzVrwAn5aBZMFpM3Ygkt,IfcDoor,,,0KtzVrwAn5aBZMFpM3Ygkt,IFC-FORMAL-001,IfcRelFillsElement + IfcRelVoidsElement + nominal size/opening geometry,1.00,no,a104,M02,
DW-M03,DOOR_WINDOW,IfcDoor,M03 · Door,,,,1,not_selected,ifc_observed,,客卫; 客卫干区,,,yes,global_id,1To6gRjrf2nBU5GQuuD8FV,IfcDoor,,,1To6gRjrf2nBU5GQuuD8FV,IFC-FORMAL-001,IfcRelFillsElement + IfcRelVoidsElement + nominal size/opening geometry,1.00,no,a104,M03,
DW-M04,DOOR_WINDOW,IfcDoor,M04 · 次卧门,,,,1,not_selected,ifc_observed,,客卫干区; 次卧,,,yes,global_id,3xKBbA2CT9mfby2$MODnzM,IfcDoor,,,3xKBbA2CT9mfby2$MODnzM,IFC-FORMAL-001,IfcRelFillsElement + IfcRelVoidsElement + nominal size/opening geometry,1.00,no,a104,M04,
DW-M05,DOOR_WINDOW,IfcDoor,M05 · Rimadesio Sail 格栅门板,Rimadesio,Sail,MONOROTAIA family reference,1,not_selected,partial,,主卧入口; 次卧,,,yes,global_id,2D5BPoo2XFSvhTdfPenCh7,IfcDoor,,,2D5BPoo2XFSvhTdfPenCh7,IFC-FORMAL-001;RIMADESIO-SAIL-MONOROTAIA-001,正式 IFC 门板世界几何包围为 1000×38×2400 mm；官方 DWG 证明 Sail 单轨滑动系统产品族；未推断宿主与开向,1.00,yes,a104,M05,项目下单尺寸仍须由 A-104/厂家图关闭
DW-M06,DOOR_WINDOW,IfcDoor,M06 · Rimadesio Sail 轨道,Rimadesio,Sail,MONOROTAIA family reference,1,not_selected,partial,,主卧入口; 次卧,,,yes,global_id,0zjVS5FBbBewgUkk0fdfiv,IfcDoor,,,0zjVS5FBbBewgUkk0fdfiv,IFC-FORMAL-001;RIMADESIO-SAIL-MONOROTAIA-001,正式 IFC 轨道世界几何包围长 1200 mm；官方 DWG 证明 Sail 单轨滑动系统产品族；未把轨道包围尺寸冒充门洞尺寸,1.00,yes,a104,M06,作为同樘门轨道构件登记；项目下单尺寸仍须由 A-104/厂家图关闭
DW-M07,DOOR_WINDOW,IfcDoor,M07 · 主卧门,,,,1,not_selected,ifc_observed,,主卧入口,,,yes,global_id,1TW6$_GfnABRZusYvx0zZG,IfcDoor,,,1TW6$_GfnABRZusYvx0zZG,IFC-FORMAL-001,product world geometry + spatial container only; no host inferred,1.00,yes,a104,M07,M07 主卧门缺少宿主洞口且 OperationType=NOTDEFINED；Master A 仅为暂定优选、仍待取证，须依据官方 CAD、门表或现场开门照片确认合页侧、开启方向和门后占墙后再关闭 E-302。
DW-M08,DOOR_WINDOW,IfcDoor,M08 · Door,,,,1,not_selected,ifc_observed,,玄关,,,yes,global_id,2dxcvMre5F6fk90OTXSFJH,IfcDoor,,,2dxcvMre5F6fk90OTXSFJH,IFC-FORMAL-001,IfcRelFillsElement + IfcRelVoidsElement + nominal size/opening geometry,1.00,no,a104,M08,
DW-W01,DOOR_WINDOW,IfcWindow,W01 · Window.003,,,,1,not_selected,ifc_observed,,客卫飘窗,,,yes,global_id,2lLDddG5f06Q_oQZwIEaZ8,IfcWindow,,,2lLDddG5f06Q_oQZwIEaZ8,IFC-FORMAL-001,IfcRelFillsElement + IfcRelVoidsElement + nominal size/opening geometry,1.00,no,a104,W01,
DW-W02,DOOR_WINDOW,IfcWindow,W02 · Window.008,,,,1,not_selected,ifc_observed,,次卧飘窗,,,yes,global_id,2nisU4bAr9MfEP9b7LwE2g,IfcWindow,,,2nisU4bAr9MfEP9b7LwE2g,IFC-FORMAL-001,IfcRelFillsElement + IfcRelVoidsElement + nominal size/opening geometry,1.00,no,a104,W02,
DW-W03,DOOR_WINDOW,IfcWindow,W03 · Window.011,,,,1,not_selected,ifc_observed,,次卧飘窗,,,yes,global_id,0sj5O$jhz2Huyt2vHf63WK,IfcWindow,,,0sj5O$jhz2Huyt2vHf63WK,IFC-FORMAL-001,IfcRelFillsElement + IfcRelVoidsElement + nominal size/opening geometry,1.00,no,a104,W03,
DW-W04,DOOR_WINDOW,IfcWindow,W04 · Window,,,,1,not_selected,ifc_observed,,书房飘窗,,,yes,global_id,137J_TtpvDY9ZtjaOlzqN6,IfcWindow,,,137J_TtpvDY9ZtjaOlzqN6,IFC-FORMAL-001,IfcRelFillsElement + IfcRelVoidsElement + nominal size/opening geometry,1.00,no,a104,W04,
DW-W05,DOOR_WINDOW,IfcWindow,W05 · Window.002,,,,1,not_selected,ifc_observed,,主卫湿区飘窗,,,yes,global_id,2dOhpqsXX1VP_tLBFGpjmu,IfcWindow,,,2dOhpqsXX1VP_tLBFGpjmu,IFC-FORMAL-001,IfcRelFillsElement + IfcRelVoidsElement + nominal size/opening geometry,1.00,no,a104,W05,
DW-W06,DOOR_WINDOW,IfcWindow,W06 · Window.010,,,,1,not_selected,ifc_observed,,主卧飘窗,,,yes,global_id,3tH7BX5UbF2uE6eYlcKELR,IfcWindow,,,3tH7BX5UbF2uE6eYlcKELR,IFC-FORMAL-001,IfcRelFillsElement + IfcRelVoidsElement + nominal size/opening geometry,1.00,no,a104,W06,
DW-W07,DOOR_WINDOW,IfcWindow,W07 · Window.009,,,,1,not_selected,ifc_observed,,主卧飘窗,,,yes,global_id,3PzBz6aub8V8l6xG$qanOV,IfcWindow,,,3PzBz6aub8V8l6xG$qanOV,IFC-FORMAL-001,IfcRelFillsElement + IfcRelVoidsElement + nominal size/opening geometry,1.00,no,a104,W07,
DW-W08,DOOR_WINDOW,IfcWindow,W08 · Window,,,,1,not_selected,ifc_observed,,主卧飘窗,,,yes,global_id,3ttzd3zSL0JA3lLsFDfLiR,IfcWindow,,,3ttzd3zSL0JA3lLsFDfLiR,IFC-FORMAL-001,IfcRelFillsElement + IfcRelVoidsElement + nominal size/opening geometry,1.00,no,a104,W08,
DW-W09,DOOR_WINDOW,IfcWindow,W09 · Window.007,,,,1,not_selected,ifc_observed,,餐厅飘窗,,,yes,global_id,1KBBoRNWb1Svpz9__rmYKy,IfcWindow,,,1KBBoRNWb1Svpz9__rmYKy,IFC-FORMAL-001,IfcRelFillsElement + IfcRelVoidsElement + nominal size/opening geometry,1.00,no,a104,W09,
DW-W10,DOOR_WINDOW,IfcWindow,W10 · Window.004,,,,1,not_selected,ifc_observed,,餐厅飘窗,,,yes,global_id,1uQsUUwhT9Y8fHZJQtvJqa,IfcWindow,,,1uQsUUwhT9Y8fHZJQtvJqa,IFC-FORMAL-001,IfcRelFillsElement + IfcRelVoidsElement + nominal size/opening geometry,1.00,no,a104,W10,
DW-W11,DOOR_WINDOW,IfcWindow,W11 · Window,,,,1,not_selected,ifc_observed,,中厨飘窗,,,yes,global_id,1_4ddWLZ96JQ3X7SvSZrnR,IfcWindow,,,1_4ddWLZ96JQ3X7SvSZrnR,IFC-FORMAL-001,IfcRelFillsElement + IfcRelVoidsElement + nominal size/opening geometry,1.00,no,a104,W11,
HVAC-001,HVAC,ducted_indoor_unit,A02; A03,日立/海信日立,RPIZ-22FSLN5QDF/P 700x447x192,18-50,2,candidate,candidate,,吊顶内,,,yes,ifc_type_global_id,10_Arew0nAGOoYjFDTyzcn,IfcElectricAppliance,AC700F,10_Arew0nAGOoYjFDTyzcn,1QBdVekDnBsOleyo9PM6rT; 06GpMzzWj1XQobAhD35cgU,RCP1-HVAC-IFACE-001,型号在封面范围内；第3页给出机体/吊装尺寸；第5页给出接管侧与18–50容量段气管φ12.7 mm、液管φ6.35 mm；第6页给出外径32 mm PVC排水与1/25–1/100坡度,0.90,yes,hvac_interface,RCP1-HVAC-IFACE-001,设备局部+X端面只作综合服务路线的接管侧候选；不得把端面中心当作三个独立厂家端口
HVAC-002,HVAC,ducted_indoor_unit,A01; A04,日立/海信日立,RPIZ-22FSLN5QD/P 700x447x192,18-50,2,candidate,candidate,,吊顶内,,,yes,ifc_type_global_id,2dvNw761v4cgkv5QvrQtre,IfcElectricAppliance,AC700,2dvNw761v4cgkv5QvrQtre,33chLv3TzEOhKalIJJAPNF; 1PUCikoaP5fgiYt8sJd8$6,RCP1-HVAC-IFACE-002,型号在封面范围内；接管侧、18–50容量段冷媒管径及排水要求可作后续接口深化依据,0.90,yes,hvac_interface,RCP1-HVAC-IFACE-002,当前批次未生成A01/A04路线，不自动复制A02/A03控制点
HVAC-003,HVAC,ducted_indoor_unit,A05,日立/海信日立,RPIZ-71FSLN5Q/P 1180x447x192,63-71,1,candidate,candidate,,吊顶内,,,yes,ifc_type_global_id,0greWYU5v9BBjuI$1v0flf,IfcElectricAppliance,AC1180,0greWYU5v9BBjuI$1v0flf,1yW7DASIz8qA$2j8z9tdl2,RCP1-HVAC-IFACE-003;RCP1-HVAC-IFACE-005,P01530Q 以 RPIZ-18~71*LN5Q* 通配范围覆盖 A05，可确认机身吊杆风口检修与风管条件；P02010Q 不覆盖当前无 D 型号文本,0.90,yes,hvac_interface,RCP1-HVAC-IFACE-003,冷媒管径、冷凝水管径、/P 接管侧和接口坐标仍须铭牌、厂家选型表或型号专属安装手册关闭
HVAC-004,HVAC,ducted_indoor_unit,A06,,,,1,candidate,candidate,,吊顶内,,,yes,global_id,0YzEUom7522RIg1TonOQXn,IfcUnitaryEquipment,,,0YzEUom7522RIg1TonOQXn,RCP1-HVAC-IFACE-004;RCP1-A06-LEGACY-001,正式 IFC 已建立 placement-only IfcUnitaryEquipment/AIRCONDITIONINGUNIT 身份与 CEL 归属；原 924 个产品世界几何变化 0.0 mm,1.00,yes,hvac_interface,RCP1-HVAC-IFACE-004,机位与正式身份已关闭；厂家型号、容量、尺寸、端口、系统与检修条件仍待确认
ELECIFC-001,APPLIANCE,IfcElectricAppliance,SOCF04,,SOCF04,,3,existing,ifc_observed,,,,,no,ifc_type_global_id,0tkshmWOTDCQmPiR4rYvg$,IfcElectricAppliance,SOCF04,0tkshmWOTDCQmPiR4rYvg$,3Cz0fQK8f54AFcm1SrjsGr;22tO8BAFTDWPLxqXvDzGct;23EqZuJ7zEw8JjKNbjSYrg,IFC-FORMAL-001,formal IFC inventory,1.00,yes,ifc_inventory,,对象已机械纳入覆盖；最终产品与厂家安装条件待确认
ELECIFC-002,APPLIANCE,IfcElectricAppliance,SOC01,,SOC01,,2,existing,ifc_observed,,,,,no,ifc_type_global_id,1brevvVTLEUvLEAw9$zA$$,IfcElectricAppliance,SOC01,1brevvVTLEUvLEAw9$zA$$,3KXtmVvejA78j_iAS$kydj;0laejMoxn8Lu_X3FZaCXmi,IFC-FORMAL-001,formal IFC inventory,1.00,yes,ifc_inventory,,对象已机械纳入覆盖；最终产品与厂家安装条件待确认
ELECIFC-003,APPLIANCE,IfcElectricAppliance,WD01,,WD01,,1,existing,ifc_observed,,,,,no,ifc_type_global_id,2wjsvriqLEgg_LD9g6hDE9,IfcElectricAppliance,WD01,2wjsvriqLEgg_LD9g6hDE9,0UOnmuAdP1MPy6p3olwiEU,IFC-FORMAL-001,formal IFC inventory,1.00,yes,ifc_inventory,,对象已机械纳入覆盖；最终产品与厂家安装条件待确认
ELECIFC-004,APPLIANCE,IfcElectricAppliance,SOC04,,SOC04,,6,existing,ifc_observed,,,,,no,ifc_type_global_id,3Kx5N7gZz4GgZzvzVb6BPX,IfcElectricAppliance,SOC04,3Kx5N7gZz4GgZzvzVb6BPX,2OOjqQDMHDjRcXQCniWXnp;1Em4DPFTvAiewlVGxRW_A3;2V7bN0abL47eCmJUa9Vx76;27MTenki57DQsfMryX_1U0;1Ys4uIWGf7c8$gUyLRFKw2;32sWy7gRHFC9EuWultV1Lq,IFC-FORMAL-001,formal IFC inventory,1.00,yes,ifc_inventory,,对象已机械纳入覆盖；最终产品与厂家安装条件待确认
FURIFC-001,FURNITURE,IfcFurniture,505 UP V1.LP.S,,,,1,existing,ifc_observed,,,,,no,global_id,19MpdkWqXC7uhUNhLQgrce,IfcFurniture,,,19MpdkWqXC7uhUNhLQgrce,IFC-FORMAL-001,formal IFC inventory,1.00,yes,ifc_inventory,,对象已机械纳入覆盖；最终产品与厂家安装条件待确认
FURIFC-002,FURNITURE,IfcFurniture,VVD Island Inner Sideboard,,,,1,existing,ifc_observed,,,,,no,global_id,34ibuNihL8HQ7qG1pk9Bvn,IfcFurniture,,,34ibuNihL8HQ7qG1pk9Bvn,IFC-FORMAL-001,formal IFC inventory,1.00,yes,ifc_inventory,,对象已机械纳入覆盖；最终产品与厂家安装条件待确认
FURIFC-003,FURNITURE,island_worktop,VVD Island custom marble worktop,Custom fabricator,Custom marble worktop,stone species / finish / edge profile pending,1,selected,partial,,VVD island,,VVD island,yes,global_id,1W$zPXJs93UfXs41zQw4oi,IfcFurniture,,,1W$zPXJs93UfXs41zQw4oi,IFC-FORMAL-001;USER-PLUM-SINKS-001,正式 IFC 对象名明确为岛台台面板；用户确认大理石定制方向,1.00,yes,ifc_inventory,,大理石材种、厚度、拼缝、纹理方向、边型、开孔、支撑和加工图仍待关闭
FURIFC-004,FURNITURE,IfcFurniture,TAB02,,TAB02,,1,existing,ifc_observed,,,,,no,ifc_type_global_id,07$ZVT0GfEAOX0ntYYymTr,IfcFurniture,TAB02,07$ZVT0GfEAOX0ntYYymTr,2eX84IyLr8_e34nuOoRPLQ,IFC-FORMAL-001,formal IFC inventory,1.00,yes,ifc_inventory,,对象已机械纳入覆盖；最终产品与厂家安装条件待确认
FURIFC-005,FURNITURE,IfcFurniture,MiamiSoft F03,,MiamiSoft F03,,1,existing,ifc_observed,,,,,no,ifc_type_global_id,0AE8$sgIXFIPXLGar5gShW,IfcFurniture,MiamiSoft F03,0AE8$sgIXFIPXLGar5gShW,1y3lLYK$H9fPbuh1R1vAKX,IFC-FORMAL-001,formal IFC inventory,1.00,yes,ifc_inventory,,对象已机械纳入覆盖；最终产品与厂家安装条件待确认
FURIFC-006,FURNITURE,IfcFurniture,MiamiSoft E07,,MiamiSoft E07,,1,existing,ifc_observed,,,,,no,ifc_type_global_id,0BAp_OX1HDRuxHD4UaBEy3,IfcFurniture,MiamiSoft E07,0BAp_OX1HDRuxHD4UaBEy3,1G7iO6CfP64PjummX$qTbt,IFC-FORMAL-001,formal IFC inventory,1.00,yes,ifc_inventory,,对象已机械纳入覆盖；最终产品与厂家安装条件待确认
FURIFC-007,FURNITURE,IfcFurniture,PAN01,,PAN01,,1,existing,ifc_observed,,,,,no,ifc_type_global_id,0CdVslebD4kASMGurgCbCT,IfcFurniture,PAN01,0CdVslebD4kASMGurgCbCT,3Iw2dPDZD5Mfs_rhY0SbxO,IFC-FORMAL-001,formal IFC inventory,1.00,yes,ifc_inventory,,对象已机械纳入覆盖；最终产品与厂家安装条件待确认
FURIFC-008,FURNITURE,IfcFurniture,HD1200,,HD1200,,2,existing,ifc_observed,,,,,no,ifc_type_global_id,0Ig3wKvv527uvKsZZM3G3r,IfcFurniture,HD1200,0Ig3wKvv527uvKsZZM3G3r,2Ow9_uborBZBD0$5xNeixV;0g9nlU$MjAMRCzhYImmt98,IFC-FORMAL-001,formal IFC inventory,1.00,yes,ifc_inventory,,对象已机械纳入覆盖；最终产品与厂家安装条件待确认
FURIFC-009,FURNITURE,IfcFurniture,HD600,,HD600,,8,existing,ifc_observed,,,,,no,ifc_type_global_id,0VCLEyysn9UuG5hCYDlwP$,IfcFurniture,HD600,0VCLEyysn9UuG5hCYDlwP$,0KOZ2zF5X9Nx_1fZfaon0m;0EjdAJnV5AxxJ1FbxzQY3I;0tM_AFFsLCsfwouf4rVzw9;0pXVcnUbz8VQurx0yCzZMi;3KK_SgXEX5zRUBrRmnKqCR;1rEY33mWr2nxgCw3qNVY0n;1$8Qz3qyrCNh2OkNLTBz8K;3TzcgvX591BfiTgtWaS4C4,IFC-FORMAL-001,formal IFC inventory,1.00,yes,ifc_inventory,,对象已机械纳入覆盖；最终产品与厂家安装条件待确认
FURIFC-010,FURNITURE,IfcFurniture,HC02,,HC02,,1,existing,ifc_observed,,,,,no,ifc_type_global_id,0Y09ehcAX3ufK99cTvwq6c,IfcFurniture,HC02,0Y09ehcAX3ufK99cTvwq6c,0oa9P8fWXBR9CrIiSdqzDf,IFC-FORMAL-001,formal IFC inventory,1.00,yes,ifc_inventory,,对象已机械纳入覆盖；最终产品与厂家安装条件待确认
FURIFC-011,FURNITURE,IfcFurniture,BST01,,BST01,,1,existing,ifc_observed,,,,,no,ifc_type_global_id,0ZWJNi2GP9KvvQhOX1hwKP,IfcFurniture,BST01,0ZWJNi2GP9KvvQhOX1hwKP,3eic1dzkn5heTIn4PhF37v,IFC-FORMAL-001,formal IFC inventory,1.00,yes,ifc_inventory,,对象已机械纳入覆盖；最终产品与厂家安装条件待确认
FURIFC-012,FURNITURE,IfcFurniture,FRI01,,FRI01,,1,existing,ifc_observed,,,,,no,ifc_type_global_id,0gCxshhaX7dfcQYLMnPSIG,IfcFurniture,FRI01,0gCxshhaX7dfcQYLMnPSIG,0R_0Tg1w5C9RhW9jSCjiok,IFC-FORMAL-001,formal IFC inventory,1.00,yes,ifc_inventory,,对象已机械纳入覆盖；最终产品与厂家安装条件待确认
FURIFC-013,FURNITURE,IfcFurniture,WD03,,WD03,,1,existing,ifc_observed,,,,,no,ifc_type_global_id,0l3LxR2Lj1egsE94rFSMeK,IfcFurniture,WD03,0l3LxR2Lj1egsE94rFSMeK,3cmikd9MTB$egM5KQaNgUf,IFC-FORMAL-001,formal IFC inventory,1.00,yes,ifc_inventory,,对象已机械纳入覆盖；最终产品与厂家安装条件待确认
FURIFC-014,FURNITURE,IfcFurniture,HIMA01,,HIMA01,,1,existing,ifc_observed,,,,,no,ifc_type_global_id,0lZnf636H3xPeZDVQam9Ip,IfcFurniture,HIMA01,0lZnf636H3xPeZDVQam9Ip,2xmcLzu1rDTeMzRuNxPDyE,IFC-FORMAL-001,formal IFC inventory,1.00,yes,ifc_inventory,,对象已机械纳入覆盖；最终产品与厂家安装条件待确认
FURIFC-015,FURNITURE,IfcFurniture,Marilyn 02,,Marilyn 02,,1,existing,ifc_observed,,,,,no,ifc_type_global_id,0qTjGYHT13_BUbOzZA_Zbi,IfcFurniture,Marilyn 02,0qTjGYHT13_BUbOzZA_Zbi,1THxa7p7n97w$wtLn4THjz,IFC-FORMAL-001,formal IFC inventory,1.00,yes,ifc_inventory,,对象已机械纳入覆盖；最终产品与厂家安装条件待确认
FURIFC-016,FURNITURE,IfcFurniture,BN450,,BN450,,1,existing,ifc_observed,,,,,no,ifc_type_global_id,0vBhps2zjD7faj8uFAIHjr,IfcFurniture,BN450,0vBhps2zjD7faj8uFAIHjr,3dhCNvdyj2ChIzarSRLztN,IFC-FORMAL-001,formal IFC inventory,1.00,yes,ifc_inventory,,对象已机械纳入覆盖；最终产品与厂家安装条件待确认
FURIFC-017,FURNITURE,IfcFurniture,BW450,,BW450,,1,existing,ifc_observed,,,,,no,ifc_type_global_id,0vBwGmRUj1wAolyqmzINl2,IfcFurniture,BW450,0vBwGmRUj1wAolyqmzINl2,0n8o0OmS14dPMzkq7lmKwu,IFC-FORMAL-001,formal IFC inventory,1.00,yes,ifc_inventory,,对象已机械纳入覆盖；最终产品与厂家安装条件待确认
FURIFC-018,FURNITURE,IfcFurniture,SKI04,,SKI04,,2,existing,ifc_observed,,,,,no,ifc_type_global_id,0vWFd9aF923PS_YmO$YLvM,IfcFurniture,SKI04,0vWFd9aF923PS_YmO$YLvM,3s1sv3rivC_B$dTKwCA4kt;1JMXCthV161Ay1zyyjMeYY,IFC-FORMAL-001,formal IFC inventory,1.00,yes,ifc_inventory,,对象已机械纳入覆盖；最终产品与厂家安装条件待确认
FURIFC-019,FURNITURE,IfcFurniture,WD01,,WD01,,1,existing,ifc_observed,,,,,no,ifc_type_global_id,0vf8HbSFv9FfzysXNlGjdx,IfcFurniture,WD01,0vf8HbSFv9FfzysXNlGjdx,2mPTt7$nvBSAn28I9NWt6T,IFC-FORMAL-001,formal IFC inventory,1.00,yes,ifc_inventory,,对象已机械纳入覆盖；最终产品与厂家安装条件待确认
FURIFC-020,FURNITURE,IfcFurniture,BNW900C,,BNW900C,,1,existing,ifc_observed,,,,,no,ifc_type_global_id,0xOpYDSvTERxbEte2$MDcs,IfcFurniture,BNW900C,0xOpYDSvTERxbEte2$MDcs,25drCvvZjA$xIp_iFFOLwt,IFC-FORMAL-001,formal IFC inventory,1.00,yes,ifc_inventory,,对象已机械纳入覆盖；最终产品与厂家安装条件待确认
FURIFC-021,FURNITURE,IfcFurniture,SKI03,,SKI03,,1,existing,ifc_observed,,,,,no,ifc_type_global_id,10N0VctL16Bw4rZmxNwprP,IfcFurniture,SKI03,10N0VctL16Bw4rZmxNwprP,0VbFNV4pHE3QauKO$4CWcv,IFC-FORMAL-001,formal IFC inventory,1.00,yes,ifc_inventory,,对象已机械纳入覆盖；最终产品与厂家安装条件待确认
FURIFC-022,FURNITURE,IfcFurniture,TAB01,,TAB01,,1,existing,ifc_observed,,,,,no,ifc_type_global_id,11dauyiM99SueiXxnVRn3$,IfcFurniture,TAB01,11dauyiM99SueiXxnVRn3$,1P9tbKJXXBlP00xtCWHNEd,IFC-FORMAL-001,formal IFC inventory,1.00,yes,ifc_inventory,,对象已机械纳入覆盖；最终产品与厂家安装条件待确认
FURIFC-023,FURNITURE,IfcFurniture,POT1200,,POT1200,,1,existing,ifc_observed,,,,,no,ifc_type_global_id,14HRcOagP2bBPAPbr2NzJm,IfcFurniture,POT1200,14HRcOagP2bBPAPbr2NzJm,0NyJR9FMf6sBa1V_Jb5FkK,IFC-FORMAL-001,formal IFC inventory,1.00,yes,ifc_inventory,,对象已机械纳入覆盖；最终产品与厂家安装条件待确认
FURIFC-024,FURNITURE,IfcFurniture,MiamiSoft I03,,MiamiSoft I03,,1,existing,ifc_observed,,,,,no,ifc_type_global_id,14QWF6RTj3ZR_uGJEDRG9B,IfcFurniture,MiamiSoft I03,14QWF6RTj3ZR_uGJEDRG9B,1hdNtfQRPCGfHLfqzdp6w0,IFC-FORMAL-001,formal IFC inventory,1.00,yes,ifc_inventory,,对象已机械纳入覆盖；最终产品与厂家安装条件待确认
FURIFC-025,FURNITURE,IfcFurniture,BED02,,BED02,,1,existing,ifc_observed,,,,,no,ifc_type_global_id,1DMZaj_dHBO8015KF4xDYw,IfcFurniture,BED02,1DMZaj_dHBO8015KF4xDYw,1i_pqgLv9A7uuV7MjaArBW,IFC-FORMAL-001,formal IFC inventory,1.00,yes,ifc_inventory,,对象已机械纳入覆盖；最终产品与厂家安装条件待确认
FURIFC-026,FURNITURE,IfcFurniture,POT600,,POT600,,1,existing,ifc_observed,,,,,no,ifc_type_global_id,1E7yDgf3934euYNHydNHTr,IfcFurniture,POT600,1E7yDgf3934euYNHydNHTr,1MXBM_4krBEgVwJi3PFF3A,IFC-FORMAL-001,formal IFC inventory,1.00,yes,ifc_inventory,,对象已机械纳入覆盖；最终产品与厂家安装条件待确认
FURIFC-027,FURNITURE,IfcFurniture,Libelle,,Libelle,,1,existing,ifc_observed,,,,,no,ifc_type_global_id,1FudEC16D6iAkSWQC_7G2k,IfcFurniture,Libelle,1FudEC16D6iAkSWQC_7G2k,2Urz4772T2w8c8KKNtSUY2,IFC-FORMAL-001,formal IFC inventory,1.00,yes,ifc_inventory,,对象已机械纳入覆盖；最终产品与厂家安装条件待确认
FURIFC-028,FURNITURE,IfcFurniture,BST03,,BST03,,1,existing,ifc_observed,,,,,no,ifc_type_global_id,1H0dYxOl555gbdbAoy$fYk,IfcFurniture,BST03,1H0dYxOl555gbdbAoy$fYk,1HZoxe$df4cBb4UXXH5J2S,IFC-FORMAL-001,formal IFC inventory,1.00,yes,ifc_inventory,,对象已机械纳入覆盖；最终产品与厂家安装条件待确认
FURIFC-029,FURNITURE,IfcFurniture,HC01,,HC01,,1,existing,ifc_observed,,,,,no,ifc_type_global_id,1HXITqFePC2xn2YM8PPvY_,IfcFurniture,HC01,1HXITqFePC2xn2YM8PPvY_,2iMAo4woT84gCqVpuNv1yV,IFC-FORMAL-001,formal IFC inventory,1.00,yes,ifc_inventory,,对象已机械纳入覆盖；最终产品与厂家安装条件待确认
FURIFC-030,FURNITURE,IfcFurniture,BST02,,BST02,,1,existing,ifc_observed,,,,,no,ifc_type_global_id,1OOnzl9Iv0OOHaA0EOe321,IfcFurniture,BST02,1OOnzl9Iv0OOHaA0EOe321,3hA0vKpcn44u4Tsx4tqiUz,IFC-FORMAL-001,formal IFC inventory,1.00,yes,ifc_inventory,,对象已机械纳入覆盖；最终产品与厂家安装条件待确认
FURIFC-031,FURNITURE,IfcFurniture,BD600DW,,BD600DW,,2,existing,ifc_observed,,,,,no,ifc_type_global_id,1OenwBb8DC7fM8SB4pMN7B,IfcFurniture,BD600DW,1OenwBb8DC7fM8SB4pMN7B,3oi7zJVsn93h2bH86MGcPH;09n9MD4MP6YwWt7w8SLJlG,IFC-FORMAL-001,formal IFC inventory,1.00,yes,ifc_inventory,,对象已机械纳入覆盖；最终产品与厂家安装条件待确认
FURIFC-032,FURNITURE,IfcFurniture,SB03,,SB03,,2,existing,ifc_observed,,,,,no,ifc_type_global_id,1S1E5jCav7GQNeDxcamqPs,IfcFurniture,SB03,1S1E5jCav7GQNeDxcamqPs,1rTw$leJL4QAm03neq4Ms_;1hxf4jdsL2Be5WM4fHYpIW,IFC-FORMAL-001,formal IFC inventory,1.00,yes,ifc_inventory,,对象已机械纳入覆盖；最终产品与厂家安装条件待确认
FURIFC-033,FURNITURE,IfcFurniture,BN1200,,BN1200,,1,existing,ifc_observed,,,,,no,ifc_type_global_id,1f_LnY2IzEAujPTepLku9S,IfcFurniture,BN1200,1f_LnY2IzEAujPTepLku9S,2PE$0_g2r8SRhDD21$0slH,IFC-FORMAL-001,formal IFC inventory,1.00,yes,ifc_inventory,,对象已机械纳入覆盖；最终产品与厂家安装条件待确认
FURIFC-034,FURNITURE,IfcFurniture,Marilyn 01,,Marilyn 01,,1,existing,ifc_observed,,,,,no,ifc_type_global_id,1iFhyr$Fj2yR5GBCxvzsuh,IfcFurniture,Marilyn 01,1iFhyr$Fj2yR5GBCxvzsuh,3l2Ji4k2H9oOTDGWYUq7uV,IFC-FORMAL-001,formal IFC inventory,1.00,yes,ifc_inventory,,对象已机械纳入覆盖；最终产品与厂家安装条件待确认
FURIFC-035,FURNITURE,IfcFurniture,CHA01,,CHA01,,2,existing,ifc_observed,,,,,no,ifc_type_global_id,1lpAMZua15e9urp1oWIh4P,IfcFurniture,CHA01,1lpAMZua15e9urp1oWIh4P,1luHljRzDAhPNXxTDNu7qB;2tCmGkmFz2_Pg0jRjf3Nup,IFC-FORMAL-001,formal IFC inventory,1.00,yes,ifc_inventory,,对象已机械纳入覆盖；最终产品与厂家安装条件待确认
FURIFC-036,FURNITURE,IfcFurniture,WD01L,,WD01L,,1,existing,ifc_observed,,,,,no,ifc_type_global_id,1o1OcgN2D1hfuNiGy99OEi,IfcFurniture,WD01L,1o1OcgN2D1hfuNiGy99OEi,2LN3hvkNfE$P7IVE0GkeKc,IFC-FORMAL-001,formal IFC inventory,1.00,yes,ifc_inventory,,对象已机械纳入覆盖；最终产品与厂家安装条件待确认
FURIFC-037,FURNITURE,IfcFurniture,HD900,,HD900,,3,existing,ifc_observed,,,,,no,ifc_type_global_id,1o3FqbmO58C81qGCaU156V,IfcFurniture,HD900,1o3FqbmO58C81qGCaU156V,2wYNbs_Ef9TvMEPnqTIHs$;0N5uQVMzvDsOlNej5ARtSG;02IFRV8lH2DOUrX4F4N2rR,IFC-FORMAL-001,formal IFC inventory,1.00,yes,ifc_inventory,,对象已机械纳入覆盖；最终产品与厂家安装条件待确认
FURIFC-038,FURNITURE,IfcFurniture,MiamiSoft H01,,MiamiSoft H01,,2,existing,ifc_observed,,,,,no,ifc_type_global_id,1qWNIXr7jDGRxldsUHtlhx,IfcFurniture,MiamiSoft H01,1qWNIXr7jDGRxldsUHtlhx,0B8rO47U14sgJ_ydZxqvs6;0b9rDAHDD2qAIQqZ8m9INg,IFC-FORMAL-001,formal IFC inventory,1.00,yes,ifc_inventory,,对象已机械纳入覆盖；最终产品与厂家安装条件待确认
FURIFC-039,FURNITURE,IfcFurniture,BS1200P,,BS1200P,,2,existing,ifc_observed,,,,,no,ifc_type_global_id,1sB7oJzGDFag$XYF5dHMnQ,IfcFurniture,BS1200P,1sB7oJzGDFag$XYF5dHMnQ,1B6IEQzi53sQKQXMKDU2XE;1QPmeve6fEIhNrBYMdD2sJ,IFC-FORMAL-001,formal IFC inventory,1.00,yes,ifc_inventory,,对象已机械纳入覆盖；最终产品与厂家安装条件待确认
FURIFC-040,FURNITURE,IfcFurniture,D600P,,D600P,,4,existing,ifc_observed,,,,,no,ifc_type_global_id,25GoS$9On3hgtBtp1sYUiX,IfcFurniture,D600P,25GoS$9On3hgtBtp1sYUiX,1RpVI19eXDARuMuhztB5IR;2Zjq0wICPAYAr4RNJLeesH;3vRIKiKbL9nAvF_CZkYkxA;2qhynM3rf33AQqbI129k2v,IFC-FORMAL-001,formal IFC inventory,1.00,yes,ifc_inventory,,对象已机械纳入覆盖；最终产品与厂家安装条件待确认
FURIFC-041,FURNITURE,IfcFurniture,CHA02,,CHA02,,2,existing,ifc_observed,,,,,no,ifc_type_global_id,25qaYHEgjFGQCX4zZ5PXO5,IfcFurniture,CHA02,25qaYHEgjFGQCX4zZ5PXO5,3YoxxZCgbF3Ap7gztAKkcs;1GkE2YZ316gQw10Ev5DZOp,IFC-FORMAL-001,formal IFC inventory,1.00,yes,ifc_inventory,,对象已机械纳入覆盖；最终产品与厂家安装条件待确认
FURIFC-042,FURNITURE,IfcFurniture,GP01,,GP01,,1,existing,ifc_observed,,,,,no,ifc_type_global_id,2Gu6ytnE5BZv31RQbNn$LX,IfcFurniture,GP01,2Gu6ytnE5BZv31RQbNn$LX,3DC1GDi6j01O$a9IjXU81p,IFC-FORMAL-001,formal IFC inventory,1.00,yes,ifc_inventory,,对象已机械纳入覆盖；最终产品与厂家安装条件待确认
FURIFC-043,FURNITURE,IfcFurniture,W06L,,W06L,,1,existing,ifc_observed,,,,,no,ifc_type_global_id,2SjTg8zWL8T8_BMiOMU6jZ,IfcFurniture,W06L,2SjTg8zWL8T8_BMiOMU6jZ,2y9Xds0sP3Ph_Hx7QACT58,IFC-FORMAL-001,formal IFC inventory,1.00,yes,ifc_inventory,,对象已机械纳入覆盖；最终产品与厂家安装条件待确认
FURIFC-044,FURNITURE,IfcFurniture,GP01S,,GP01S,,1,existing,ifc_observed,,,,,no,ifc_type_global_id,2UbrWquvz33OC1wGH4poXF,IfcFurniture,GP01S,2UbrWquvz33OC1wGH4poXF,03OxzOyN12ff3jkuUtjJPD,IFC-FORMAL-001,formal IFC inventory,1.00,yes,ifc_inventory,,对象已机械纳入覆盖；最终产品与厂家安装条件待确认
FURIFC-045,FURNITURE,IfcFurniture,SB01,,SB01,,1,existing,ifc_observed,,,,,no,ifc_type_global_id,2dcJ_LNyf1BPdTRrKnWggm,IfcFurniture,SB01,2dcJ_LNyf1BPdTRrKnWggm,2$z307bK1B_v__FItEcqkC,IFC-FORMAL-001,formal IFC inventory,1.00,yes,ifc_inventory,,对象已机械纳入覆盖；最终产品与厂家安装条件待确认
FURIFC-046,FURNITURE,IfcFurniture,HD450,,HD450,,3,existing,ifc_observed,,,,,no,ifc_type_global_id,2fe7QjlT1F3v2qJ0vuQwJ2,IfcFurniture,HD450,2fe7QjlT1F3v2qJ0vuQwJ2,3Gd5XFWpTEVQA12Tfubj6B;0D_hmxPvb3WOoXxhcnHyq6;3SN45IALL1se6tWUWfwjkR,IFC-FORMAL-001,formal IFC inventory,1.00,yes,ifc_inventory,,对象已机械纳入覆盖；最终产品与厂家安装条件待确认
FURIFC-047,FURNITURE,IfcFurniture,FRI02,,FRI02,,1,existing,ifc_observed,,,,,no,ifc_type_global_id,2jJP$KOVrAuPQk4wYmAv8o,IfcFurniture,FRI02,2jJP$KOVrAuPQk4wYmAv8o,1Ra2MgEgT6XeMGzuXIxbfl,IFC-FORMAL-001,formal IFC inventory,1.00,yes,ifc_inventory,,对象已机械纳入覆盖；最终产品与厂家安装条件待确认
FURIFC-048,FURNITURE,IfcFurniture,MiamiSoft E09,,MiamiSoft E09,,1,existing,ifc_observed,,,,,no,ifc_type_global_id,2wSMjhzHDAkPqKQakQLS9I,IfcFurniture,MiamiSoft E09,2wSMjhzHDAkPqKQakQLS9I,3osoWufdD1mhDDAM6lcix4,IFC-FORMAL-001,formal IFC inventory,1.00,yes,ifc_inventory,,对象已机械纳入覆盖；最终产品与厂家安装条件待确认
FURIFC-049,FURNITURE,IfcFurniture,BED01,,BED01,,1,existing,ifc_observed,,,,,no,ifc_type_global_id,2zdX97uDf8WRK7i$VBiYMY,IfcFurniture,BED01,2zdX97uDf8WRK7i$VBiYMY,3IQBEqO5vDI8Z9k1Ltge_N,IFC-FORMAL-001,formal IFC inventory,1.00,yes,ifc_inventory,,对象已机械纳入覆盖；最终产品与厂家安装条件待确认
FURIFC-050,FURNITURE,IfcFurniture,SIS04,,SIS04,,1,existing,ifc_observed,,,,,no,ifc_type_global_id,2ztp9Y2k58vB_PFvp3txP7,IfcFurniture,SIS04,2ztp9Y2k58vB_PFvp3txP7,1MzM8Ms2vFo8KEm503j9w2,IFC-FORMAL-001,formal IFC inventory,1.00,yes,ifc_inventory,,对象已机械纳入覆盖；最终产品与厂家安装条件待确认
FURIFC-051,FURNITURE,IfcFurniture,BW900,,BW900,,2,existing,ifc_observed,,,,,no,ifc_type_global_id,30U8q_B3DAbPPCoS_vZO6V,IfcFurniture,BW900,30U8q_B3DAbPPCoS_vZO6V,33w0xYssjAauNQOhCbE0MS;3weUZWAWv7_fzNorBDCdeL,IFC-FORMAL-001,formal IFC inventory,1.00,yes,ifc_inventory,,对象已机械纳入覆盖；最终产品与厂家安装条件待确认
FURIFC-052,FURNITURE,IfcFurniture,SB02,,SB02,,1,existing,ifc_observed,,,,,no,ifc_type_global_id,38lBCswRbCz9GOHDirlWel,IfcFurniture,SB02,38lBCswRbCz9GOHDirlWel,3EaO22qXv38wM47SaLX1Yk,IFC-FORMAL-001,formal IFC inventory,1.00,yes,ifc_inventory,,对象已机械纳入覆盖；最终产品与厂家安装条件待确认
FURIFC-053,FURNITURE,IfcFurniture,BN900,,BN900,,1,existing,ifc_observed,,,,,no,ifc_type_global_id,3AqG1bBNH7Zx9Ibb1Svo8a,IfcFurniture,BN900,3AqG1bBNH7Zx9Ibb1Svo8a,2zI$UMamH5GwexMsI4p5LC,IFC-FORMAL-001,formal IFC inventory,1.00,yes,ifc_inventory,,对象已机械纳入覆盖；最终产品与厂家安装条件待确认
FURIFC-054,FURNITURE,IfcFurniture,H08,,H08,,1,existing,ifc_observed,,,,,no,ifc_type_global_id,3Dts$eQjz5VhYQTsA_pWEo,IfcFurniture,H08,3Dts$eQjz5VhYQTsA_pWEo,3EDJXqkTT35fbtmsPhcnea,IFC-FORMAL-001,formal IFC inventory,1.00,yes,ifc_inventory,,对象已机械纳入覆盖；最终产品与厂家安装条件待确认
FURIFC-055,FURNITURE,IfcFurniture,FRE01,,FRE01,,1,existing,ifc_observed,,,,,no,ifc_type_global_id,3FCXdgvGb6jAn0JcrWjnei,IfcFurniture,FRE01,3FCXdgvGb6jAn0JcrWjnei,3GQ9dmskr9YeZ2vmNXn9Vs,IFC-FORMAL-001,formal IFC inventory,1.00,yes,ifc_inventory,,对象已机械纳入覆盖；最终产品与厂家安装条件待确认
FURIFC-056,FURNITURE,IfcFurniture,FRE02,,FRE02,,1,existing,ifc_observed,,,,,no,ifc_type_global_id,3JnuOP9R19RuNoGzZnW6h6,IfcFurniture,FRE02,3JnuOP9R19RuNoGzZnW6h6,24d7ofvFTBex9rCCHh3Tsm,IFC-FORMAL-001,formal IFC inventory,1.00,yes,ifc_inventory,,对象已机械纳入覆盖；最终产品与厂家安装条件待确认
FURIFC-057,FURNITURE,IfcFurniture,BW1200,,BW1200,,1,existing,ifc_observed,,,,,no,ifc_type_global_id,3K7dfwR4n5SevSablN2U16,IfcFurniture,BW1200,3K7dfwR4n5SevSablN2U16,3W49YFIC1BfgfuUQBU6ylN,IFC-FORMAL-001,formal IFC inventory,1.00,yes,ifc_inventory,,对象已机械纳入覆盖；最终产品与厂家安装条件待确认
FURIFC-058,FURNITURE,IfcFurniture,CAB-A,,CAB-A,,1,existing,ifc_observed,,,,,no,ifc_type_global_id,3MEQbKPS505vfQZKClZfGT,IfcFurniture,CAB-A,3MEQbKPS505vfQZKClZfGT,1cnIoVZAb8rvfUR$FD624T,IFC-FORMAL-001,formal IFC inventory,1.00,yes,ifc_inventory,,对象已机械纳入覆盖；最终产品与厂家安装条件待确认
FURIFC-059,FURNITURE,IfcFurniture,WD02,,WD02,,1,existing,ifc_observed,,,,,no,ifc_type_global_id,3Xia__Mm57iv5rlzD9v6Yn,IfcFurniture,WD02,3Xia__Mm57iv5rlzD9v6Yn,3yuXF4PtnBHgIXDlmXFJ$7,IFC-FORMAL-001,formal IFC inventory,1.00,yes,ifc_inventory,,对象已机械纳入覆盖；最终产品与厂家安装条件待确认
FURIFC-060,FURNITURE,IfcFurniture,HL,,HL,,1,existing,ifc_observed,,,,,no,ifc_type_global_id,3YSHXN3XvFGvh$VN7jdcGA,IfcFurniture,HL,3YSHXN3XvFGvh$VN7jdcGA,28x_EpoH5EIQqAq1LbXGvj,IFC-FORMAL-001,formal IFC inventory,1.00,yes,ifc_inventory,,对象已机械纳入覆盖；最终产品与厂家安装条件待确认
FURIFC-061,FURNITURE,IfcFurniture,SHE01,,SHE01,,2,existing,ifc_observed,,,,,no,ifc_type_global_id,3erXbcQWHCt8x59$W3bG_Q,IfcFurniture,SHE01,3erXbcQWHCt8x59$W3bG_Q,3UYImQPLf1uu3JCcET1_6C;0whsxXmfbD19z3Z9JaiItG,IFC-FORMAL-001,formal IFC inventory,1.00,yes,ifc_inventory,,对象已机械纳入覆盖；最终产品与厂家安装条件待确认
FURIFC-062,FURNITURE,IfcFurniture,BD600P,,BD600P,,2,existing,ifc_observed,,,,,no,ifc_type_global_id,3g7xXgncD2B9GTVuYa3943,IfcFurniture,BD600P,3g7xXgncD2B9GTVuYa3943,0etjVZleH2DvGnYhJm0BCK;1OU00zHknFfQOKVh$gmE1r,IFC-FORMAL-001,formal IFC inventory,1.00,yes,ifc_inventory,,对象已机械纳入覆盖；最终产品与厂家安装条件待确认
FURIFC-063,FURNITURE,IfcFurniture,HP,,HP,,1,existing,ifc_observed,,,,,no,ifc_type_global_id,3z4Trh1qT6H8bTocgwoJOe,IfcFurniture,HP,3z4Trh1qT6H8bTocgwoJOe,3$pRSkBwj3GBEWO3wFtT$p,IFC-FORMAL-001,formal IFC inventory,1.00,yes,ifc_inventory,,对象已机械纳入覆盖；最终产品与厂家安装条件待确认
FURIFC-064,FURNITURE,IfcFurniture,H09,,H09,,1,existing,ifc_observed,,,,,no,ifc_type_global_id,3zifxsolr0u839DCxTYFUC,IfcFurniture,H09,3zifxsolr0u839DCxTYFUC,3xZ8kydDnDhP1qEthmSe69,IFC-FORMAL-001,formal IFC inventory,1.00,yes,ifc_inventory,,对象已机械纳入覆盖；最终产品与厂家安装条件待确认
SAN-001,SANITARY,linear_shower_channel,Geberit CleanLine50,Geberit,154.446.KS.1,30–90 cm brushed stainless steel,1,purchased_arrived,confirmed,,,,,yes,ifc_type_global_id,0345Y2zSj6TPFGDpaX3hcn,IfcSanitaryTerminal,Geberit 154.446.KS.1,0345Y2zSj6TPFGDpaX3hcn,2S2c498tb7$gzdukjhCGVQ,IFC-FORMAL-001;GEB-DELIVERY-001;GEB-PHOTO-154446-001;GEB-OFFICIAL-154446-001,IFC 精确类型名与发货单及收货标签共同确认 SKU 154.446.KS.1；官方目录将该 SKU 映射为 CleanLine50,1.00,no,ifc_inventory,,已收货 1 件；箱标产品名与官方目录命名不一致时以精确 SKU 和官方目录为身份依据
SAN-002,SANITARY,IfcSanitaryTerminal,Gessi316 54146,,Gessi316 54146,,1,existing,ifc_observed,,,,,no,ifc_type_global_id,08XO3mTUz3HBUuAoz0Le9s,IfcSanitaryTerminal,Gessi316 54146,08XO3mTUz3HBUuAoz0Le9s,04DLh1Jk9Dcu9ibcaE0id8,IFC-FORMAL-001,formal IFC inventory,1.00,yes,ifc_inventory,,对象已机械纳入覆盖；最终产品与厂家安装条件待确认
SAN-003,SANITARY,flush_plate,Geberit Sigma01,Geberit,115.770.11.5,white glossy dual flush,2,selected,partial,,,,,yes,ifc_type_global_id,0Ix$O3sQD6WvCEq22Az1Qg,IfcSanitaryTerminal,Geberit 115.770,0Ix$O3sQD6WvCEq22Az1Qg,2gFgcOYEXEaQWAzcKulTFt;2lDPsdQevFSfeOThtjSlPG,IFC-FORMAL-001;GEB-DELIVERY-002;GEB-PHOTO-115770-152464-001;GEB-OFFICIAL-115770-001,IFC 两个 115.770 族实例；发货单、收货标签和官方数据表确认其中 1 件为 115.770.11.5 白色亮面双冲水面板,1.00,yes,ifc_inventory,,IFC 需求数量 2；当前仅有 1 件收货证据，第二件采购状态仍待补齐
SAN-004,SANITARY,IfcSanitaryTerminal,FAU01,,FAU01,,1,existing,ifc_observed,,,,,no,ifc_type_global_id,0fd0eMJXDFwh3DzpfAkjxu,IfcSanitaryTerminal,FAU01,0fd0eMJXDFwh3DzpfAkjxu,1$3UG05MPFmumejbg1KJ$I,IFC-FORMAL-001,formal IFC inventory,1.00,yes,ifc_inventory,,对象已机械纳入覆盖；最终产品与厂家安装条件待确认
SAN-005,SANITARY,IfcSanitaryTerminal,FAU02,,FAU02,,1,existing,ifc_observed,,,,,no,ifc_type_global_id,0kHJM4zvD6uQgoZ6u9zW9R,IfcSanitaryTerminal,FAU02,0kHJM4zvD6uQgoZ6u9zW9R,36ZX3QPyD7SvlXsDKMP8rY,IFC-FORMAL-001,formal IFC inventory,1.00,yes,ifc_inventory,,对象已机械纳入覆盖；最终产品与厂家安装条件待确认
SAN-006,SANITARY,IfcSanitaryTerminal,Geberit 146.140,,Geberit 146.140,,2,existing,ifc_observed,,,,,no,ifc_type_global_id,0oQ1OORVb9oOryrsmQyox1,IfcSanitaryTerminal,Geberit 146.140,0oQ1OORVb9oOryrsmQyox1,1rhZG98PPCSxaLeMFLTYb9;0UtU7yPb10ku4gsbGoM_sp,IFC-FORMAL-001,formal IFC inventory,1.00,yes,ifc_inventory,,对象已机械纳入覆盖；最终产品与厂家安装条件待确认
SAN-007,SANITARY,IfcSanitaryTerminal,Geberit 154.154.00.1.C,,Geberit 154.154.00.1.C,,1,existing,ifc_observed,,,,,no,ifc_type_global_id,187Z_5Ufn8xhqkgXCB4TT6,IfcSanitaryTerminal,Geberit 154.154.00.1.C,187Z_5Ufn8xhqkgXCB4TT6,3ErNe1i1TCsQ3xogoRbN2S,IFC-FORMAL-001,formal IFC inventory,1.00,yes,ifc_inventory,,对象已机械纳入覆盖；最终产品与厂家安装条件待确认
SAN-008,SANITARY,IfcSanitaryTerminal,TRAP01,,TRAP01,,1,existing,ifc_observed,,,,,no,ifc_type_global_id,1L$J4UrFv9auXWTT2Ys_oH,IfcSanitaryTerminal,TRAP01,1L$J4UrFv9auXWTT2Ys_oH,2Ak2ma0lvBEA49UpplzUqi,IFC-FORMAL-001,formal IFC inventory,1.00,yes,ifc_inventory,,对象已机械纳入覆盖；最终产品与厂家安装条件待确认
SAN-009,SANITARY,IfcSanitaryTerminal,BATH01,,BATH01,,1,existing,ifc_observed,,,,,no,ifc_type_global_id,1N$NgwVtX1rfaxGhd0NYqB,IfcSanitaryTerminal,BATH01,1N$NgwVtX1rfaxGhd0NYqB,39j3ZGWibC9OzRnhnTZwHN,IFC-FORMAL-001,formal IFC inventory,1.00,yes,ifc_inventory,,对象已机械纳入覆盖；最终产品与厂家安装条件待确认
SAN-010,SANITARY,IfcSanitaryTerminal,Gessi316 54093,,Gessi316 54093,,1,existing,ifc_observed,,,,,no,ifc_type_global_id,1N6dRlBGvEs8EXU8M9hy4X,IfcSanitaryTerminal,Gessi316 54093,1N6dRlBGvEs8EXU8M9hy4X,1jM_suNMPAw8_nvZejQSnp,IFC-FORMAL-001,formal IFC inventory,1.00,yes,ifc_inventory,,对象已机械纳入覆盖；最终产品与厂家安装条件待确认
SAN-011,SANITARY,IfcSanitaryTerminal,Geberit 154.154.00.1.F,,Geberit 154.154.00.1.F,,1,existing,ifc_observed,,,,,no,ifc_type_global_id,1bJFlkL310_e1sYGDT2Y40,IfcSanitaryTerminal,Geberit 154.154.00.1.F,1bJFlkL310_e1sYGDT2Y40,2jjNIn9gHBYwNSWwlM5T_i,IFC-FORMAL-001,formal IFC inventory,1.00,yes,ifc_inventory,,对象已机械纳入覆盖；最终产品与厂家安装条件待确认
SAN-012,SANITARY,IfcSanitaryTerminal,Gessi316 54294,,Gessi316 54294,,1,existing,ifc_observed,,,,,no,ifc_type_global_id,1bUN13Ecz6PRpaXsNtfiqj,IfcSanitaryTerminal,Gessi316 54294,1bUN13Ecz6PRpaXsNtfiqj,2iKOL78$H0N9Yd9$ky3pW4,IFC-FORMAL-001,formal IFC inventory,1.00,yes,ifc_inventory,,对象已机械纳入覆盖；最终产品与厂家安装条件待确认
SAN-013,SANITARY,IfcSanitaryTerminal,PANTA REI,,PANTA REI,,1,existing,ifc_observed,,,,,no,ifc_type_global_id,1wG7mOiwz5ER_yF1y_J7wP,IfcSanitaryTerminal,PANTA REI,1wG7mOiwz5ER_yF1y_J7wP,2YnGmmoYbF28Vy25$aNKT8,IFC-FORMAL-001,formal IFC inventory,1.00,yes,ifc_inventory,,对象已机械纳入覆盖；最终产品与厂家安装条件待确认
SAN-014,SANITARY,concealed_cistern_frame,Geberit Duofix Sigma,Geberit,224.212.00.2,12 cm H112 5/3.5 L CN-W,2,selected,partial,,,,,yes,ifc_type_global_id,2$Cw4HyDT1lA8dPM$p1ucM,IfcSanitaryTerminal,Geberit Duofix Sigma,2$Cw4HyDT1lA8dPM$p1ucM,3hgNkx97vCTOC2eewCpMNk;3pvAlH5C14v8uVEJ1LmK8M,IFC-FORMAL-001;GEB-DELIVERY-002;GEB-PHOTO-224212-001;GEB-OFFICIAL-224212-001,IFC 两个 Duofix Sigma 实例；发货单、收货标签和官方目录确认其中 1 件为 224.212.00.2,1.00,yes,ifc_inventory,,IFC 需求数量 2；当前仅有 1 件收货证据，第二件采购状态仍待补齐
SAN-015,SANITARY,IfcSanitaryTerminal,Gessi316 54205,,Gessi316 54205,,1,existing,ifc_observed,,,,,no,ifc_type_global_id,23d5DI3h91$RyqO0U1dIa5,IfcSanitaryTerminal,Gessi316 54205,23d5DI3h91$RyqO0U1dIa5,1u997JrDbByeKqbJ6ku8GF,IFC-FORMAL-001,formal IFC inventory,1.00,yes,ifc_inventory,,对象已机械纳入覆盖；最终产品与厂家安装条件待确认
SAN-016,SANITARY,IfcSanitaryTerminal,Gessi316 54145,,Gessi316 54145,,1,existing,ifc_observed,,,,,no,ifc_type_global_id,2IQZheitD2wPt6lF3ELfTs,IfcSanitaryTerminal,Gessi316 54145,2IQZheitD2wPt6lF3ELfTs,3jT4sCgpHC98VSIUdGUNYH,IFC-FORMAL-001,formal IFC inventory,1.00,yes,ifc_inventory,,对象已机械纳入覆盖；最终产品与厂家安装条件待确认
SAN-017,SANITARY,integrated_basin_component,antoniolupi Street integrated basin components,antoniolupi,Street,domestic custom / Rosso Levanto reference,2,selected,partial,,BATHM,,BATHM,yes,ifc_type_global_id,2yjeYV3aTArx4G3zDvadjf,IfcSanitaryTerminal,STREET-H,2yjeYV3aTArx4G3zDvadjf,2ajpw0I9n1dBypfISg3ejX;3PRBtW00j1D8r2Or5PTFdh,IFC-FORMAL-001;USER-PLUM-SINKS-001;ANTONIOLUPI-STREET-OFFICIAL-001,IFC 类型 STREET-H 与 BATHM 中 STREET 主体构成双部件候选；用户确认国内定制 Street 与 Levanto Red 方向,0.95,yes,ifc_inventory,,不得把两个 IFC 子部件直接解释成两个已定货成品；精确构成和加工图待关闭
SAN-018,SANITARY,washbasin,Falper Sorgente washbasin,Falper,Sorgente,domestic custom / Rosso Levanto reference,1,selected,partial,,BATHG dry area,,BATHG dry area,yes,ifc_type_global_id,38oLfIKqXARQwHtyJLiLRP,IfcSanitaryTerminal,BS01,38oLfIKqXARQwHtyJLiLRP,350tdaubr8QP3Cu2YMQZIN,IFC-FORMAL-001;USER-PLUM-SINKS-001;FALPER-SORGENTE-OFFICIAL-001;FALPER-SORGENTE-MATERIAL-001,用户确认两卫生间采用 Falper Sorgente 与 antoniolupi Street；BS01 位于 BATHG 且另一产品在 BATHM 已有 STREET 类型，因此本行采用可追溯房间映射候选；官方 WFA/WFB 图确认原型几何与地排体系，官方产品目录确认 Sorgente 可采用 Rosso Levanto 大理石,0.90,yes,ifc_inventory,,国内定制不等于官方标准件；精确房间归属、尺寸、材质对应代码、支撑和水电加工图待关闭
SAN-019,SANITARY,IfcSanitaryTerminal,Geberit 154.154.00,,Geberit 154.154.00,,1,existing,ifc_observed,,,,,no,ifc_type_global_id,3TnKn8Ovn3Qx65cYxp56Fl,IfcSanitaryTerminal,Geberit 154.154.00,3TnKn8Ovn3Qx65cYxp56Fl,14EazrLgP8whYZWY_yCuKy,IFC-FORMAL-001,formal IFC inventory,1.00,yes,ifc_inventory,,对象已机械纳入覆盖；最终产品与厂家安装条件待确认
SAN-020,SANITARY,IfcSanitaryTerminal,Gessi316 54038,,Gessi316 54038,,2,existing,ifc_observed,,,,,no,ifc_type_global_id,3WbkJJsCrBKe0vL$_wD4s3,IfcSanitaryTerminal,Gessi316 54038,3WbkJJsCrBKe0vL$_wD4s3,245NU$zZL0d9tYTVwwBdk$;1sgpvCENf4xQiaypKWW2JC,IFC-FORMAL-001,formal IFC inventory,1.00,yes,ifc_inventory,,对象已机械纳入覆盖；最终产品与厂家安装条件待确认
SAN-021,SANITARY,integrated_washbasin_top,antoniolupi Street integrated washbasin top,antoniolupi,Street,domestic custom / Rosso Levanto,1,selected,partial,,BATHM,,BATHM,yes,ifc_type_global_id,3m9kCyM351CxtPQVBlYtiZ,IfcSanitaryTerminal,STREET,3m9kCyM351CxtPQVBlYtiZ,1FgLPMw$5B4wBH2ySMkXE1,IFC-FORMAL-001;USER-PLUM-SINKS-001;ANTONIOLUPI-STREET-OFFICIAL-001;ANTONIOLUPI-STREET-TECH-001;ANTONIOLUPI-STREET-INSTALL-001,IFC 精确类型名 STREET 且位于 BATHM；用户确认国内定制 Street 与 Levanto Red；官方目录和技术图确认 Rosso Levanto 材料范围、集成盆与安装体系,0.98,yes,ifc_inventory,,国内定制不等于官方标准料号；精确长度、深度、盆数、龙头方式、排水和加工图仍待关闭
SAN-022,SANITARY,island_sink,Custom marble island sink,Custom fabricator,Custom marble sink,shop drawing pending,1,selected,partial,,VVD island,,VVD island,yes,ifc_type_global_id,3tSxwpbPv38APuCJ7Lxbqz,IfcSanitaryTerminal,SIN01,3tSxwpbPv38APuCJ7Lxbqz,2C9JmXaZXCX9I$vMds4lYK,IFC-FORMAL-001;USER-PLUM-SINKS-001,正式 IFC 的 SIN01 位于 VVD 岛台且用户确认岛台水槽为大理石定制,1.00,yes,ifc_inventory,,IFC 600×500×270 mm 包围盒只作协调现状，不作为石材加工尺寸；精确盆深、排水、溢水、支撑和防水待关闭
WASTE-001,DRAINAGE,IfcWasteTerminal,JingAn Linear Shower Channel,,,,1,existing,ifc_observed,,,,,no,global_id,3IVqCnhGr51hY4LrOq_5G_,IfcWasteTerminal,,,3IVqCnhGr51hY4LrOq_5G_,IFC-FORMAL-001,formal IFC inventory,1.00,yes,ifc_inventory,,对象已机械纳入覆盖；最终产品与厂家安装条件待确认
WASTE-002,DRAINAGE,IfcWasteTerminal,JingAn Linear Shower Channel Aqura,,,,2,existing,ifc_observed,,,,,no,global_id,0ZdhupFgf4tAoahLHQRjBq,IfcWasteTerminal,,,0ZdhupFgf4tAoahLHQRjBq;2sZvyk$8b2IRSOnE23XQTH,IFC-FORMAL-001,formal IFC inventory,1.00,yes,ifc_inventory,,对象已机械纳入覆盖；最终产品与厂家安装条件待确认
SENSOR-001,SAFETY,IfcSensor,A106-FIRE-R04,,,,1,existing,ifc_observed,,,,,no,global_id,2fwceKahvBqQXqal2ZcIUF,IfcSensor,,,2fwceKahvBqQXqal2ZcIUF,IFC-FORMAL-001;OWNER-INBOX-20260814-001;TB-PANASURFACE-ALARM-INSET-001,formal IFC inventory,1.00,yes,ifc_inventory,,正式 IFC 只确认 A106-FIRE-R04 的 IfcSensor/FIRESENSOR 点位；最终感温/感烟/复合类型、准确产品、供电通信及装饰件适配仍待消防/设备方确认。
PLUMASM-001,ASSEMBLY,IfcElementAssembly,Drain Center,,,,1,existing,ifc_observed,,,,,no,global_id,1fEFh83259DRb927ZP9yW7,IfcElementAssembly,,,1fEFh83259DRb927ZP9yW7,IFC-FORMAL-001,formal IFC inventory,1.00,yes,ifc_inventory,,对象已机械纳入覆盖；最终产品与厂家安装条件待确认
PLUMASM-002,ASSEMBLY,IfcElementAssembly,WC,,,,1,existing,ifc_observed,,,,,no,global_id,1FICW5lCjEIQPvN1oi4cE2,IfcElementAssembly,,,1FICW5lCjEIQPvN1oi4cE2,IFC-FORMAL-001,formal IFC inventory,1.00,yes,ifc_inventory,,对象已机械纳入覆盖；最终产品与厂家安装条件待确认
PLUMASM-003,ASSEMBLY,IfcElementAssembly,WC_01,,,,1,existing,ifc_observed,,,,,no,global_id,0a3r2aWdbFi9OlDGcQ00CE,IfcElementAssembly,,,0a3r2aWdbFi9OlDGcQ00CE,IFC-FORMAL-001,formal IFC inventory,1.00,yes,ifc_inventory,,对象已机械纳入覆盖；最终产品与厂家安装条件待确认
SAN-GEB-001,SANITARY,smart_toilet,Geberit Nuna V Combo,Geberit,146.361.00.1,Nuna V Combo,1,purchased_arrived,confirmed,,,,,yes,logical_input,146.361.00.1,,,,,GEB-DELIVERY-002;GEB-PHOTO-146361-ELEC-001;GEB-PHOTO-146361-CERAMIC-001;GEB-OFFICIAL-146361-001,发货单与电子部件及陶瓷体收货标签共同确认完整产品和两个组件编号；中国官网确认产品族与水电隐藏安装意图,1.00,no,owner_product,146.361.00.1,未在正式 IFC 中建立精确型号关联；官网未公开功率、压力或接口坐标
DRAIN-GEB-001,DRAINAGE,pvc_adapter,Geberit PVC adapter,Geberit,152.464.00.1,DN100/90 to PVC Ø110,1,purchased_arrived,confirmed,,,,,yes,logical_input,152.464.00.1,,,,,GEB-DELIVERY-002;GEB-PHOTO-115770-152464-001;GEB-OFFICIAL-152464-001,发货单与收货袋标签确认精确型号；官方目录确认 DN100/90 与 PVC 插口 Ø110,1.00,no,owner_product,152.464.00.1,与 Duofix/Nuna 的最终组装方向仍由安装人员和精确安装图关闭
DRAIN-GEB-002,DRAINAGE,installation_set,Geberit CleanLine installation set,Geberit,154.150.00.1,DN50 screed 90–220 mm,1,purchased_arrived,confirmed,,,,,yes,logical_input,154.150.00.1,,,,,GEB-DELIVERY-001;GEB-PHOTO-154150-001;GEB-OFFICIAL-154150-001,发货单与收货箱标签确认精确型号；官方目录确认 DN50 与入口找平层高度 90–220 mm,1.00,no,owner_product,154.150.00.1,完成面材料厚度、防水体系和最终标高仍须现场协调
DRAIN-GEB-003,DRAINAGE,pvc_pe_adapter,Geberit PVC-PE adapter,Geberit,154.298.00.1,DN50 Ø50,1,purchased_arrived,confirmed,,,,,yes,logical_input,154.298.00.1,,,,,GEB-DELIVERY-001;GEB-PHOTO-CLEANLINE-PARTS-001;GEB-OFFICIAL-154298-001,发货单与零件照片确认收货；官方数据表确认 DN50 且内外径标称 Ø50,1.00,no,owner_product,154.298.00.1,PVC 管材等级、胶粘体系、插入深度与朝向仍须现场关闭
DRAIN-GEB-004,DRAINAGE,floor_drain,Geberit Aquorea washing-machine floor drain,Geberit,388.013.00.2,100x100 PE-HD DN50 horizontal,1,purchased_arrived,confirmed,,,,,yes,logical_input,388.013.00.2,,,,,GEB-DELIVERY-001;GEB-PHOTO-388013-001;GEB-OFFICIAL-388013-001,发货单与收货箱标签确认精确型号；官方目录确认 Aquorea 洗衣机地漏、DN50、PE-HD 与水平出水,1.00,no,owner_product,388.013.00.2,尚未与正式 IFC 排水实例建立一对一关系；地面坡度、防水节点和最终标高仍待关闭
SAN-KIT-001,SANITARY,kitchen_sink,Foster Milano kitchen sink,Foster,1014 850,product code 1014850 / domestic custom order,1,selected,confirmed,,KITCHEN sink cabinet,,KITCHEN sink cabinet,yes,logical_input,SAN-KIT-001,,,,,USER-PLUM-SINKS-001;FOSTER-1014850-OFFICIAL-001;FOSTER-1014850-INSTALL-001,用户确认厨房水槽采用国内定制 Foster Milano 1014 850；Foster 官方产品页和技术图精确匹配产品代码 1014850,1.00,yes,owner_product,1014850,正式 IFC 未找到可可靠归属的厨房水槽对象；不得把 VVD 岛台 SIN01 或 KITCHEN 柜体代理误写为本产品
FUR-BATHG-MIRROR-001,FURNITURE,built_in_mirror_cabinet,Guest bathroom dry-area full-height mirror cabinet,Custom fabricator,Custom full-height mirror cabinet,segmented mirror-door visual reference,1,candidate,candidate,,BATHG dry-area rear wall,,BATHG dry-area rear wall,yes,logical_input,FUR-BATHG-MIRROR-001,,,,,INT1-BATHG-MIRROR-REF-001,用户考虑在客卫干区后墙增加全高分格镜柜；参考图只证明视觉与储物意向,0.90,yes,owner_product,FUR-BATHG-MIRROR-001,尚未选定；不据参考图确认灯带、尺寸、柜深、门扇、材料或电源
CTRL-ENTRY-A,ASSEMBLY,照明控制面板,Entry A 智能照明控制面板,JINK,EGG 3-Key/3-Relay（研究优选，准确 SKU 未定）,wired_candidate,1,candidate,candidate,,入户门口墙面,,,yes,logical_input,CTRL-ENTRY-A,,,,,OWNER-INBOX-20260814-001;TB-JINK-EGG-001;JINK-EGG-OFFICIAL-001;JINK-8E-CSA-001;TB-PANASURFACE-SWITCH-INSET-001;ZOYLIGHT-D1-20250815-001;ELEC-RESEARCH-20260815-001,业主确认两类照明控制用途；EGG 3-Key/3-Relay 仅为研究优选,0.85,yes,,,准确 SKU、颜色、按键数、端子图、每路负载、传统有线双控、底盒净深和平嵌适配均未关闭。
CTRL-MASTER-A,ASSEMBLY,照明控制面板,Master A 主卧智能照明控制面板,JINK,EGG 3-Key/3-Relay 或 Wireless Scene 6-Key（研究候选）,direct_load_or_scene_only_candidate,1,candidate,candidate,,主卧内衣柜见光板,,,yes,logical_input,CTRL-MASTER-A,,,,,OWNER-INBOX-20260814-001;TB-JINK-EGG-001;JINK-EGG-OFFICIAL-001;TB-PANASURFACE-SWITCH-INSET-001;ZOYLIGHT-D1-20250815-001;ELEC-RESEARCH-20260815-001,业主确认 Master A 独立角色；直接负载与纯场景方案尚未选择,0.85,yes,,,见光板内直接承载负载前须核实阻燃背盒、固定、散热、检修、板厚开孔、各回路功率和启动浪涌。
CTRL-MASTER-B,ASSEMBLY,照明控制面板,Master B 公区双控面板,JINK,EGG 3-Key/3-Relay（研究优选，准确 SKU 未定）,wired_candidate,1,candidate,candidate,,主卧入口外墙面,,,yes,logical_input,CTRL-MASTER-B,,,,,OWNER-INBOX-20260814-001;TB-JINK-EGG-001;JINK-EGG-OFFICIAL-001;ZOYLIGHT-D1-20250815-001;ELEC-RESEARCH-20260815-001,业主确认 Master B 与 Master A 为不同位置和角色；产品仅研究候选,0.85,yes,,,客厅/书房/餐厅双控角色已确认；准确 SKU、传统有线双控拓扑、端子图和墙侧施工条件未关闭。
NET-AP-R09,NETWORK,吸顶无线接入点,主卧吸顶 AP,Huawei / Ruijie,AP362E / RG-EAP262E（候选）,PoE_recess_candidate,1,candidate,candidate,,R09 主卧天花候选点,,,yes,logical_input,NET-AP-R09,,,,,OWNER-INBOX-20260814-001;TB-PANASURFACE-AP-INSET-001;HUAWEI-AP362E-OFFICIAL-001;RUIJIE-EAP262E-OFFICIAL-001;ELEC-RESEARCH-20260815-001,预埋件只明确适配两款候选；若无锐捷生态暂优先研究 AP362E,0.85,yes,,,最终型号/生态、CAT6 通断、PoE 交换机预算、覆盖、散热、检修和预埋件机械适配待关闭。
NET-AP-R14,NETWORK,吸顶无线接入点,次卧吸顶 AP,Huawei / Ruijie,AP362E / RG-EAP262E（候选）,PoE_recess_candidate,1,candidate,candidate,,R14 次卧天花候选点,,,yes,logical_input,NET-AP-R14,,,,,OWNER-INBOX-20260814-001;TB-PANASURFACE-AP-INSET-001;HUAWEI-AP362E-OFFICIAL-001;RUIJIE-EAP262E-OFFICIAL-001;ELEC-RESEARCH-20260815-001,预埋件只明确适配两款候选；若无锐捷生态暂优先研究 AP362E,0.85,yes,,,最终型号/生态、CAT6 通断、PoE 交换机预算、覆盖、散热、检修和预埋件机械适配待关闭。
SENSOR-GAS-R04,SAFETY,家用可燃气体探测器,中厨燃气报警器,,,authority_approved_model_pending,1,not_selected,pending,,R04 中厨；准确位置待燃气公司,,,yes,logical_input,SENSOR-GAS-R04,,,,,OWNER-INBOX-20260814-001;A106-GAS-OFFICIAL-001;GAS-HANWEI-KEA01-OFFICIAL-001;GAS-HANWEI-KWE-OFFICIAL-001;GAS-CUBIC-AM5301-OFFICIAL-001;TB-PANASURFACE-ALARM-INSET-001,业主要求设置燃气报警器；准确型号须由当地燃气公司/主管要求确认,1.00,yes,,,JT-GS838C-NBAC-H05、JT-KEA01/KEA31、JT-KWE 系列、JT-AM5301-JG 均只作为咨询候选，未获批准；不得锁定开孔、供电、联动或安装高度。
APP-017-WASHER,APPLIANCE,洗衣机,西门子独立滚筒洗衣机,Siemens,WG54M7D20W,iQ500 10 kg,1,selected,partial,中厨家政位,中厨家政位,,中厨家政位,no,global_id,1Uzcf8kU9J2w9K40VkzCgV,IfcElectricAppliance,,,1Uzcf8kU9J2w9K40VkzCgV,APP-017-SIEMENS-WASHER-WEB-001;APP-017-SIEMENS-WASHER-MANUAL-001,业主主选型号；西门子官网及精确型号说明书核验,1.00,yes,,,APP-017 叠放套装的下部独立设备；产品尺寸不是接口中心。
APP-017-DRYER,APPLIANCE,热泵干衣机,西门子独立热泵干衣机,Siemens,WQ55M7U20W,iQ500 10 kg,1,selected,partial,中厨家政位,中厨家政位,,中厨家政位,no,global_id,3_ZSeTAOPNThu9wyl2sOxQ,IfcElectricAppliance,,,3_ZSeTAOPNThu9wyl2sOxQ,APP-017-SIEMENS-DRYER-WEB-001;APP-017-SIEMENS-DRYER-MANUAL-001,业主主选型号；西门子官网及精确型号说明书核验,1.00,yes,,,APP-017 叠放套装的上部独立设备；产品尺寸不是接口中心。
