selector_kind,selector_value,manufacturer,product_name,product_variant,product_category,intended_use,source_url,identity_basis,confidence,human_review_required,status
type_name,SHE01,Baxter,Rafiki,,bookcase,,https://www.baxter.it/en/products/rafiki-accessories,用户确认产品链接；Baxter 官方页面将 Rafiki 标识为 bookcase,1.00,no,confirmed
type_name,Libelle,Baxter,Libelle,,modular_bookcase,存放酒和调酒器具,https://www.baxter.it/en/products/libelle-accessories,用户确认产品链接和使用意图；Baxter 官方页面将 Libelle 标识为可配置瓶架和储物单元的模块化书架,1.00,no,confirmed
type_name,WD01,Poliform,Senzafine + Pivot,freestanding_wardrobe_and_wall_mounted_pivot,modular_wardrobe_and_pivot_door_system,衣物收纳及衣柜与墙体之间的旋转门系统,https://www.poliform.it/en/products/pivot/,用户确认“Pivot between wardrobe and wall: freestanding wardrobe and wall mounted Pivot”；IFC 类型 Description=Poliform Pivot Senzafine；官方 Pivot 页面证明其为可与 Poliform 衣柜系统集成的旋转门/开口系统,1.00,no,confirmed
type_name,WD01L,Poliform,Senzafine + Pivot,freestanding_wardrobe_and_wall_mounted_pivot,modular_wardrobe_and_pivot_door_system,衣物收纳及衣柜与墙体之间的旋转门系统,https://www.poliform.it/en/products/pivot/,用户确认“Pivot between wardrobe and wall: freestanding wardrobe and wall mounted Pivot”；IFC 类型 Description=Poliform Pivot Senzafine；官方 Pivot 页面证明其为可与 Poliform 衣柜系统集成的旋转门/开口系统,1.00,no,confirmed
type_name,WD02,Poliform,Senzafine,,modular_wardrobe_system,衣物收纳,https://www.poliform.it/en/products/senzafine-wardrobe/,用户确认产品链接；Poliform 官方页面将 Senzafine 标识为模块化衣柜系统,1.00,no,confirmed
type_name,WD03,Poliform,Senzafine,,modular_wardrobe_system,衣物收纳,https://www.poliform.it/en/products/senzafine-wardrobe/,用户确认产品链接；Poliform 官方页面将 Senzafine 标识为模块化衣柜系统,1.00,no,confirmed
type_name,BST01,Baxter,Ninfea,bedside_table_opening_side_not_recorded,bedside_table,床头收纳,https://www.baxter.it/en/products/ninfea-tables-and-coffee-tables,用户确认产品链接；IFC 类型名 BST01 与官方页面的 Ninfea bedside table 品类一致；左右开口未在 IFC 类型名中记录,1.00,no,confirmed
type_name,BST02,Baxter,Beside,bedside_table,bedside_table,床头收纳,https://www.baxter.it/en/products/beside-tables-and-coffee-tables,用户确认产品链接；Baxter 官方页面将 Beside 标识为 bedside table,1.00,no,confirmed
type_name,BST03,Baxter,Stone,freestanding_bedside_table_with_L_drawer,bedside_table,床头收纳,https://www.baxter.it/en/products/stone-beds,用户确认为 Stone 系列 FREESTANDING BEDSIDE TABLE WITH L DRAWER；Baxter 官方页面列出该款床头柜,1.00,no,confirmed
