view_id,sheet_id,official_title,anchor_id,direction,source_handle,source_viewport_handle,source_scale,source_anchor_handle,source_x_mm,source_y_mm,ifc_x_mm,ifc_y_mm,space_reference,space_global_id,review_status,source_locator,direction_block,duplicate_source_handles,anchor_method,scope_exclusion
01,EL-01,客餐厅立面图,A1,+Y,243CB7,243CB4,1:50@A2,243CB7,126967.662,-49873.101,-2285.579,127.511,R14 次卧,0WyQ2Z9pX5qgwfdTOZwAkw,review_required_current_space_differs_from_official_title,01 DWG > KP-01 立面索引图 > VIEWPORT #243CB4 > INSERT #243CB7 > resolved leader target A1; 02 DWG > EL-01 客餐厅立面图,*U517,,resolved_leader_or_arrow_target_not_marker_circle,I-503/玄关：01 DWG立面索引未发现官方视图；不得伪称来自DWG
02,EL-01,客餐厅立面图,A2,+Y,243C78,243CB4,1:50@A2,243C70,131074.203,-49373.632,1820.962,626.980,R20 客厅,2wgBPVUpv2DvcZCfbe6fdv,mapped_to_current_space,01 DWG > KP-01 立面索引图 > VIEWPORT #243CB4 > INSERT #243C78 > resolved leader target A2; 02 DWG > EL-01 客餐厅立面图,*U517,24415B,resolved_leader_or_arrow_target_not_marker_circle,I-503/玄关：01 DWG立面索引未发现官方视图；不得伪称来自DWG
03,EL-01,客餐厅立面图,A2,+X,243C87,243CB4,1:50@A2,243C70,131074.203,-49373.632,1820.962,626.980,R20 客厅,2wgBPVUpv2DvcZCfbe6fdv,mapped_to_current_space,01 DWG > KP-01 立面索引图 > VIEWPORT #243CB4 > INSERT #243C87 > resolved leader target A2; 02 DWG > EL-01 客餐厅立面图,*U518,24416A,resolved_leader_or_arrow_target_not_marker_circle,I-503/玄关：01 DWG立面索引未发现官方视图；不得伪称来自DWG
04,EL-02,客餐厅立面图,A2,-Y,243C96,243CB4,1:50@A2,243C70,131074.203,-49373.632,1820.962,626.980,R20 客厅,2wgBPVUpv2DvcZCfbe6fdv,mapped_to_current_space,01 DWG > KP-01 立面索引图 > VIEWPORT #243CB4 > INSERT #243C96 > resolved leader target A2; 02 DWG > EL-02 客餐厅立面图,*U516,244179,resolved_leader_or_arrow_target_not_marker_circle,I-503/玄关：01 DWG立面索引未发现官方视图；不得伪称来自DWG
05,EL-02,客餐厅立面图,A2,-X,243CA5,243CB4,1:50@A2,243C70,131074.203,-49373.632,1820.962,626.980,R20 客厅,2wgBPVUpv2DvcZCfbe6fdv,mapped_to_current_space,01 DWG > KP-01 立面索引图 > VIEWPORT #243CB4 > INSERT #243CA5 > resolved leader target A2; 02 DWG > EL-02 客餐厅立面图,*U519,244188,resolved_leader_or_arrow_target_not_marker_circle,I-503/玄关：01 DWG立面索引未发现官方视图；不得伪称来自DWG
06,EL-03,厨房立面图,A3,+Y,243CCE,243CB4,1:50@A2,243CC6,131074.203,-54241.016,1820.962,-4240.404,R04 中厨,2fhEbDfK1EkhJwlPikNm$b,mapped_to_current_space,01 DWG > KP-01 立面索引图 > VIEWPORT #243CB4 > INSERT #243CCE > resolved leader target A3; 02 DWG > EL-03 厨房立面图,*U517,,resolved_leader_or_arrow_target_not_marker_circle,I-503/玄关：01 DWG立面索引未发现官方视图；不得伪称来自DWG
07,EL-03,厨房立面图,A3,+X,243CDD,243CB4,1:50@A2,243CC6,131074.203,-54241.016,1820.962,-4240.404,R04 中厨,2fhEbDfK1EkhJwlPikNm$b,mapped_to_current_space,01 DWG > KP-01 立面索引图 > VIEWPORT #243CB4 > INSERT #243CDD > resolved leader target A3; 02 DWG > EL-03 厨房立面图,*U518,,resolved_leader_or_arrow_target_not_marker_circle,I-503/玄关：01 DWG立面索引未发现官方视图；不得伪称来自DWG
08,EL-03,厨房立面图,A3,-Y,243CEC,243CB4,1:50@A2,243CC6,131074.203,-54241.016,1820.962,-4240.404,R04 中厨,2fhEbDfK1EkhJwlPikNm$b,mapped_to_current_space,01 DWG > KP-01 立面索引图 > VIEWPORT #243CB4 > INSERT #243CEC > resolved leader target A3; 02 DWG > EL-03 厨房立面图,*U516,,resolved_leader_or_arrow_target_not_marker_circle,I-503/玄关：01 DWG立面索引未发现官方视图；不得伪称来自DWG
09,EL-03,厨房立面图,A3,-X,243CFB,243CB4,1:50@A2,243CC6,131074.203,-54241.016,1820.962,-4240.404,R04 中厨,2fhEbDfK1EkhJwlPikNm$b,mapped_to_current_space,01 DWG > KP-01 立面索引图 > VIEWPORT #243CB4 > INSERT #243CFB > resolved leader target A3; 02 DWG > EL-03 厨房立面图,*U519,,resolved_leader_or_arrow_target_not_marker_circle,I-503/玄关：01 DWG立面索引未发现官方视图；不得伪称来自DWG
10,EL-04,次卧一立面图,A4,+Y,243D12,243CB4,1:50@A2,243D0A,127587.878,-53173.679,-1665.364,-3173.067,R07 餐厅,2JnxeB$or6D8nffRg7GQbf,review_required_current_space_differs_from_official_title,01 DWG > KP-01 立面索引图 > VIEWPORT #243CB4 > INSERT #243D12 > resolved leader target A4; 02 DWG > EL-04 次卧一立面图,*U517,,resolved_leader_or_arrow_target_not_marker_circle,I-503/玄关：01 DWG立面索引未发现官方视图；不得伪称来自DWG
11,EL-04,次卧一立面图,A4,+X,243D21,243CB4,1:50@A2,243D0A,127587.878,-53173.679,-1665.364,-3173.067,R07 餐厅,2JnxeB$or6D8nffRg7GQbf,review_required_current_space_differs_from_official_title,01 DWG > KP-01 立面索引图 > VIEWPORT #243CB4 > INSERT #243D21 > resolved leader target A4; 02 DWG > EL-04 次卧一立面图,*U518,,resolved_leader_or_arrow_target_not_marker_circle,I-503/玄关：01 DWG立面索引未发现官方视图；不得伪称来自DWG
12,EL-04,次卧一立面图,A4,-Y,243D30,243CB4,1:50@A2,243D0A,127587.878,-53173.679,-1665.364,-3173.067,R07 餐厅,2JnxeB$or6D8nffRg7GQbf,review_required_current_space_differs_from_official_title,01 DWG > KP-01 立面索引图 > VIEWPORT #243CB4 > INSERT #243D30 > resolved leader target A4; 02 DWG > EL-04 次卧一立面图,*U516,,resolved_leader_or_arrow_target_not_marker_circle,I-503/玄关：01 DWG立面索引未发现官方视图；不得伪称来自DWG
13,EL-04,次卧一立面图,A4,-X,243D3F,243CB4,1:50@A2,243D0A,127587.878,-53173.679,-1665.364,-3173.067,R07 餐厅,2JnxeB$or6D8nffRg7GQbf,review_required_current_space_differs_from_official_title,01 DWG > KP-01 立面索引图 > VIEWPORT #243CB4 > INSERT #243D3F > resolved leader target A4; 02 DWG > EL-04 次卧一立面图,*U519,,resolved_leader_or_arrow_target_not_marker_circle,I-503/玄关：01 DWG立面索引未发现官方视图；不得伪称来自DWG
14,EL-05,主卧立面图,A5,+Y,243D56,243CB4,1:50@A2,243D4E,124003.449,-51782.222,-5249.793,-1781.610,R09 主卧,3gHz6U6BfFXgV6PnRzfOf$,mapped_to_current_space,01 DWG > KP-01 立面索引图 > VIEWPORT #243CB4 > INSERT #243D56 > resolved leader target A5; 02 DWG > EL-05 主卧立面图,*U517,,resolved_leader_or_arrow_target_not_marker_circle,I-503/玄关：01 DWG立面索引未发现官方视图；不得伪称来自DWG
15,EL-05,主卧立面图,A5,+X,243D65,243CB4,1:50@A2,243D4E,124003.449,-51782.222,-5249.793,-1781.610,R09 主卧,3gHz6U6BfFXgV6PnRzfOf$,mapped_to_current_space,01 DWG > KP-01 立面索引图 > VIEWPORT #243CB4 > INSERT #243D65 > resolved leader target A5; 02 DWG > EL-05 主卧立面图,*U518,,resolved_leader_or_arrow_target_not_marker_circle,I-503/玄关：01 DWG立面索引未发现官方视图；不得伪称来自DWG
16,EL-05,主卧立面图,A5,-Y,243D74,243CB4,1:50@A2,243D4E,124003.449,-51782.222,-5249.793,-1781.610,R09 主卧,3gHz6U6BfFXgV6PnRzfOf$,mapped_to_current_space,01 DWG > KP-01 立面索引图 > VIEWPORT #243CB4 > INSERT #243D74 > resolved leader target A5; 02 DWG > EL-05 主卧立面图,*U516,,resolved_leader_or_arrow_target_not_marker_circle,I-503/玄关：01 DWG立面索引未发现官方视图；不得伪称来自DWG
17,EL-05,主卧立面图,A5,-X,243D83,243CB4,1:50@A2,243D4E,124003.449,-51782.222,-5249.793,-1781.610,R09 主卧,3gHz6U6BfFXgV6PnRzfOf$,mapped_to_current_space,01 DWG > KP-01 立面索引图 > VIEWPORT #243CB4 > INSERT #243D83 > resolved leader target A5; 02 DWG > EL-05 主卧立面图,*U519,,resolved_leader_or_arrow_target_not_marker_circle,I-503/玄关：01 DWG立面索引未发现官方视图；不得伪称来自DWG
18,EL-06,主卫立面图,A6,+Y,243DD6,243CB4,1:50@A2,243DD6,123564.439,-46965.612,-5688.803,3035.000,R13 主卫湿区飘窗,2QIFZrZIr8GQwOQOo0KVFP,mapped_to_current_space,01 DWG > KP-01 立面索引图 > VIEWPORT #243CB4 > INSERT #243DD6 > resolved leader target A6; 02 DWG > EL-06 主卫立面图,*U517,,resolved_leader_or_arrow_target_not_marker_circle,I-503/玄关：01 DWG立面索引未发现官方视图；不得伪称来自DWG
19,EL-06,主卫立面图,A7,+Y,243D9A,243CB4,1:50@A2,243D92,123041.344,-48478.855,-6211.897,1521.757,R12 主卫湿区,3a4COIs5X7lgDirMBDT4Vs,mapped_to_current_space,01 DWG > KP-01 立面索引图 > VIEWPORT #243CB4 > INSERT #243D9A > resolved leader target A7; 02 DWG > EL-06 主卫立面图,*U517,,resolved_leader_or_arrow_target_not_marker_circle,I-503/玄关：01 DWG立面索引未发现官方视图；不得伪称来自DWG
20,EL-06,主卫立面图,A7,-Y,243DB8,243CB4,1:50@A2,243D92,123041.344,-48478.855,-6211.897,1521.757,R12 主卫湿区,3a4COIs5X7lgDirMBDT4Vs,mapped_to_current_space,01 DWG > KP-01 立面索引图 > VIEWPORT #243CB4 > INSERT #243DB8 > resolved leader target A7; 02 DWG > EL-06 主卫立面图,*U516,,resolved_leader_or_arrow_target_not_marker_circle,I-503/玄关：01 DWG立面索引未发现官方视图；不得伪称来自DWG
21,EL-06,主卫立面图,A7,+X,243DA9,243CB4,1:50@A2,243D92,123041.344,-48478.855,-6211.897,1521.757,R12 主卫湿区,3a4COIs5X7lgDirMBDT4Vs,mapped_to_current_space,01 DWG > KP-01 立面索引图 > VIEWPORT #243CB4 > INSERT #243DA9 > resolved leader target A7; 02 DWG > EL-06 主卫立面图,*U518,,resolved_leader_or_arrow_target_not_marker_circle,I-503/玄关：01 DWG立面索引未发现官方视图；不得伪称来自DWG
22,EL-06,主卫立面图,A7,-X,243DC7,243CB4,1:50@A2,243D92,123041.344,-48478.855,-6211.897,1521.757,R12 主卫湿区,3a4COIs5X7lgDirMBDT4Vs,mapped_to_current_space,01 DWG > KP-01 立面索引图 > VIEWPORT #243CB4 > INSERT #243DC7 > resolved leader target A7; 02 DWG > EL-06 主卫立面图,*U519,,resolved_leader_or_arrow_target_not_marker_circle,I-503/玄关：01 DWG立面索引未发现官方视图；不得伪称来自DWG
23,EL-07,次卧二立面图,A8,+Y,243DED,243CB4,1:50@A2,243DE5,125885.604,-46450.394,-3367.638,3550.218,R15 次卧飘窗,004pVXwHv1W8qavLfulRuQ,mapped_to_current_space,01 DWG > KP-01 立面索引图 > VIEWPORT #243CB4 > INSERT #243DED > resolved leader target A8; 02 DWG > EL-07 次卧二立面图,*U517,,resolved_leader_or_arrow_target_not_marker_circle,I-503/玄关：01 DWG立面索引未发现官方视图；不得伪称来自DWG
24,EL-07,次卧二立面图,A8,+X,243DFC,243CB4,1:50@A2,243DE5,125885.604,-46450.394,-3367.638,3550.218,R15 次卧飘窗,004pVXwHv1W8qavLfulRuQ,mapped_to_current_space,01 DWG > KP-01 立面索引图 > VIEWPORT #243CB4 > INSERT #243DFC > resolved leader target A8; 02 DWG > EL-07 次卧二立面图,*U518,,resolved_leader_or_arrow_target_not_marker_circle,I-503/玄关：01 DWG立面索引未发现官方视图；不得伪称来自DWG
25,EL-07,次卧二立面图,A8,-Y,243E0B,243CB4,1:50@A2,243DE5,125885.604,-46450.394,-3367.638,3550.218,R15 次卧飘窗,004pVXwHv1W8qavLfulRuQ,mapped_to_current_space,01 DWG > KP-01 立面索引图 > VIEWPORT #243CB4 > INSERT #243E0B > resolved leader target A8; 02 DWG > EL-07 次卧二立面图,*U516,,resolved_leader_or_arrow_target_not_marker_circle,I-503/玄关：01 DWG立面索引未发现官方视图；不得伪称来自DWG
26,EL-07,次卧二立面图,A8,-X,243E1A,243CB4,1:50@A2,243DE5,125885.604,-46450.394,-3367.638,3550.218,R15 次卧飘窗,004pVXwHv1W8qavLfulRuQ,mapped_to_current_space,01 DWG > KP-01 立面索引图 > VIEWPORT #243CB4 > INSERT #243E1A > resolved leader target A8; 02 DWG > EL-07 次卧二立面图,*U519,,resolved_leader_or_arrow_target_not_marker_circle,I-503/玄关：01 DWG立面索引未发现官方视图；不得伪称来自DWG
27,EL-08,公卫立面图,A9,+Y,243E6D,243CB4,1:50@A2,243E6D,128011.070,-46492.886,-1242.172,3507.726,R18 客卫飘窗,3I284j2FzFG9RguqlzYOH2,mapped_to_current_space,01 DWG > KP-01 立面索引图 > VIEWPORT #243CB4 > INSERT #243E6D > resolved leader target A9; 02 DWG > EL-08 公卫立面图,*U517,,resolved_leader_or_arrow_target_not_marker_circle,I-503/玄关：01 DWG立面索引未发现官方视图；不得伪称来自DWG
28,EL-08,公卫立面图,A10,+Y,243E31,243CB4,1:50@A2,243E29,127923.918,-47310.877,-1329.323,2689.735,R17 客卫,3bF9ub5u5FFgmXQtSgfWnW,mapped_to_current_space,01 DWG > KP-01 立面索引图 > VIEWPORT #243CB4 > INSERT #243E31 > resolved leader target A10; 02 DWG > EL-08 公卫立面图,*U517,,resolved_leader_or_arrow_target_not_marker_circle,I-503/玄关：01 DWG立面索引未发现官方视图；不得伪称来自DWG
29,EL-08,公卫立面图,A10,+X,243E40,243CB4,1:50@A2,243E29,127923.918,-47310.877,-1329.323,2689.735,R17 客卫,3bF9ub5u5FFgmXQtSgfWnW,mapped_to_current_space,01 DWG > KP-01 立面索引图 > VIEWPORT #243CB4 > INSERT #243E40 > resolved leader target A10; 02 DWG > EL-08 公卫立面图,*U518,,resolved_leader_or_arrow_target_not_marker_circle,I-503/玄关：01 DWG立面索引未发现官方视图；不得伪称来自DWG
30,EL-08,公卫立面图,A11,-Y,243E7C,243CB4,1:50@A2,243E7C,127795.830,-48990.124,-1457.412,1010.488,R16 客卫干区,25Lcecvwn9lg6g3QKgRlJU,mapped_to_current_space,01 DWG > KP-01 立面索引图 > VIEWPORT #243CB4 > INSERT #243E7C > resolved leader target A11; 02 DWG > EL-08 公卫立面图,*U516,,resolved_leader_or_arrow_target_not_marker_circle,I-503/玄关：01 DWG立面索引未发现官方视图；不得伪称来自DWG
31,EL-08,公卫立面图,A10,-Y,243E4F,243CB4,1:50@A2,243E29,127923.918,-47310.877,-1329.323,2689.735,R17 客卫,3bF9ub5u5FFgmXQtSgfWnW,mapped_to_current_space,01 DWG > KP-01 立面索引图 > VIEWPORT #243CB4 > INSERT #243E4F > resolved leader target A10; 02 DWG > EL-08 公卫立面图,*U516,,resolved_leader_or_arrow_target_not_marker_circle,I-503/玄关：01 DWG立面索引未发现官方视图；不得伪称来自DWG
32,EL-08,公卫立面图,A10,-X,243E5E,243CB4,1:50@A2,243E29,127923.918,-47310.877,-1329.323,2689.735,R17 客卫,3bF9ub5u5FFgmXQtSgfWnW,mapped_to_current_space,01 DWG > KP-01 立面索引图 > VIEWPORT #243CB4 > INSERT #243E5E > resolved leader target A10; 02 DWG > EL-08 公卫立面图,*U519,,resolved_leader_or_arrow_target_not_marker_circle,I-503/玄关：01 DWG立面索引未发现官方视图；不得伪称来自DWG
33,EL-09,次卧三立面图,A12,+Y,25F712,243CB4,1:50@A2,25F70A,134277.118,-48277.902,5023.876,1722.710,R22 书房,0XmeOOraz9tP2_CetH7YYh,review_required_current_space_differs_from_official_title,01 DWG > KP-01 立面索引图 > VIEWPORT #243CB4 > INSERT #25F712 > resolved leader target A12; 02 DWG > EL-09 次卧三立面图,*U517,,resolved_leader_or_arrow_target_not_marker_circle,I-503/玄关：01 DWG立面索引未发现官方视图；不得伪称来自DWG
34,EL-09,次卧三立面图,A12,+X,25F721,243CB4,1:50@A2,25F70A,134277.118,-48277.902,5023.876,1722.710,R22 书房,0XmeOOraz9tP2_CetH7YYh,review_required_current_space_differs_from_official_title,01 DWG > KP-01 立面索引图 > VIEWPORT #243CB4 > INSERT #25F721 > resolved leader target A12; 02 DWG > EL-09 次卧三立面图,*U518,,resolved_leader_or_arrow_target_not_marker_circle,I-503/玄关：01 DWG立面索引未发现官方视图；不得伪称来自DWG
35,EL-09,次卧三立面图,A12,-Y,25F730,243CB4,1:50@A2,25F70A,134277.118,-48277.902,5023.876,1722.710,R22 书房,0XmeOOraz9tP2_CetH7YYh,review_required_current_space_differs_from_official_title,01 DWG > KP-01 立面索引图 > VIEWPORT #243CB4 > INSERT #25F730 > resolved leader target A12; 02 DWG > EL-09 次卧三立面图,*U516,,resolved_leader_or_arrow_target_not_marker_circle,I-503/玄关：01 DWG立面索引未发现官方视图；不得伪称来自DWG
36,EL-09,次卧三立面图,A12,-X,25F73F,243CB4,1:50@A2,25F70A,134277.118,-48277.902,5023.876,1722.710,R22 书房,0XmeOOraz9tP2_CetH7YYh,review_required_current_space_differs_from_official_title,01 DWG > KP-01 立面索引图 > VIEWPORT #243CB4 > INSERT #25F73F > resolved leader target A12; 02 DWG > EL-09 次卧三立面图,*U519,,resolved_leader_or_arrow_target_not_marker_circle,I-503/玄关：01 DWG立面索引未发现官方视图；不得伪称来自DWG
