record_kind,sheet_id,global_id,ifc_class,object_name,type_name,type_description,container,installation_role,bbox_min_mm,bbox_max_mm,dimensions_mm,manufacturer,product_name,product_variant,candidate_use,dimension_status,review_status,human_review_required,basis,confidence,equipment_id,equipment_decision_status,equipment_procurement_status,equipment_source_ids,installation_requirement_count,blocking_requirement_count,stop_condition,source_ifc_sha256
existing_object,I-501,1rTw$leJL4QAm03neq4Ms_,IfcFurniture,Furniture,SB03,Sideboard Th16 H2383 L645,VVD,fixed_furniture,"[2537.607697,-1416.001839,0.0]","[3182.608134,-1400.001778,2383.0]","[645.000438,16.000061,2383.0]",,,,fixed_joinery_detail,existing_world_bbox_not_fabrication_dimension,existing_model_candidate,no,用户确认 SB03 为柜子侧板并固定安装,1.0,FURIFC-032,ifc_observed,existing,"[""IFC-FORMAL-001""]",1,0,Do not infer fabrication openings or service connection centres from this envelope.,60552c51c71de8e86f6a7f0b722cddbb901843b81ec8c5d56d52d659cb86b2a6
existing_object,I-501,1cnIoVZAb8rvfUR$FD624T,IfcFurniture,Furniture,CAB-A,Appliance Cabinet,VVD,fixed_furniture,"[2565.77359,-2676.407146,0.0]","[3182.77359,-2076.407146,2383.0]","[617.0,600.0,2383.0]",,,,fixed_joinery_detail,existing_world_bbox_not_fabrication_dimension,existing_model_candidate,no,类型与 VVD 中 617×600×2383 mm 全高几何共同识别为固定高柜,0.99,FURIFC-058,ifc_observed,existing,"[""IFC-FORMAL-001""]",1,0,Do not infer fabrication openings or service connection centres from this envelope.,60552c51c71de8e86f6a7f0b722cddbb901843b81ec8c5d56d52d659cb86b2a6
existing_object,I-501,24d7ofvFTBex9rCCHh3Tsm,IfcFurniture,Furniture,FRE02,Freezer Bottom,VVD,fixed_furniture,"[2565.77359,-2046.20533,0.0]","[3182.77359,-1446.20533,860.0]","[617.0,600.0,860.0]",,,,fixed_joinery_detail,existing_world_bbox_not_fabrication_dimension,existing_model_candidate,no,类型、VVD 容器与 617×600×860 mm 柜体包络共同证明安装位置受控,0.99,FURIFC-056,ifc_observed,existing,"[""IFC-FORMAL-001""]",1,0,Do not infer fabrication openings or service connection centres from this envelope.,60552c51c71de8e86f6a7f0b722cddbb901843b81ec8c5d56d52d659cb86b2a6
existing_object,I-501,3GQ9dmskr9YeZ2vmNXn9Vs,IfcFurniture,Furniture,FRE01,Freezer Top,VVD,fixed_furniture,"[2565.899902,-2046.0,860.0]","[3182.899902,-1446.0,2383.0]","[617.0,600.0,1523.0]",,,,fixed_joinery_detail,existing_world_bbox_not_fabrication_dimension,existing_model_candidate,no,类型、VVD 容器与 617×600×1523 mm 柜体包络共同证明安装位置受控,0.99,FURIFC-055,ifc_observed,existing,"[""IFC-FORMAL-001""]",1,0,Do not infer fabrication openings or service connection centres from this envelope.,60552c51c71de8e86f6a7f0b722cddbb901843b81ec8c5d56d52d659cb86b2a6
existing_object,I-501,1Ra2MgEgT6XeMGzuXIxbfl,IfcFurniture,Furniture,FRI02,Fridge Bottom,VVD,fixed_furniture,"[2565.750305,-3306.612633,0.0]","[3182.750305,-2706.612633,860.0]","[617.0,600.0,860.0]",,,,fixed_joinery_detail,existing_world_bbox_not_fabrication_dimension,existing_model_candidate,no,类型、VVD 容器与 617×600×860 mm 柜体包络共同证明安装位置受控,0.99,FURIFC-047,ifc_observed,existing,"[""IFC-FORMAL-001""]",1,0,Do not infer fabrication openings or service connection centres from this envelope.,60552c51c71de8e86f6a7f0b722cddbb901843b81ec8c5d56d52d659cb86b2a6
existing_object,I-501,0R_0Tg1w5C9RhW9jSCjiok,IfcFurniture,Furniture,FRI01,Fridge Top,VVD,fixed_furniture,"[2565.898865,-3306.0,860.0]","[3182.898865,-2706.0,2383.0]","[617.0,600.0,1523.0]",,,,fixed_joinery_detail,existing_world_bbox_not_fabrication_dimension,existing_model_candidate,no,类型、VVD 容器与 617×600×1523 mm 柜体包络共同证明安装位置受控,0.99,FURIFC-012,ifc_observed,existing,"[""IFC-FORMAL-001""]",1,0,Do not infer fabrication openings or service connection centres from this envelope.,60552c51c71de8e86f6a7f0b722cddbb901843b81ec8c5d56d52d659cb86b2a6
existing_object,I-501,3EDJXqkTT35fbtmsPhcnea,IfcFurniture,Furniture,H08,Freezer Handle,VVD,fixed_furniture,"[2584.77359,-2076.407265,60.0]","[2639.621124,-2028.20533,2383.0]","[54.847534,48.201935,2323.0]",,,,fixed_joinery_detail,existing_world_bbox_not_fabrication_dimension,existing_model_candidate,no,用户确认 H08 为柜子把手并固定安装,1.0,FURIFC-054,ifc_observed,existing,"[""IFC-FORMAL-001""]",1,0,Do not infer fabrication openings or service connection centres from this envelope.,60552c51c71de8e86f6a7f0b722cddbb901843b81ec8c5d56d52d659cb86b2a6
existing_object,I-501,3xZ8kydDnDhP1qEthmSe69,IfcFurniture,Furniture,H09,Fridge Handle,VVD,fixed_furniture,"[2584.77359,-2724.538269,60.0]","[2639.622589,-2676.338257,2383.0]","[54.848999,48.200012,2323.0]",,,,fixed_joinery_detail,existing_world_bbox_not_fabrication_dimension,existing_model_candidate,no,与已确认 H08 同系列且具有相同 55×48×2323 mm 柜门把手几何,0.99,FURIFC-064,ifc_observed,existing,"[""IFC-FORMAL-001""]",1,0,Do not infer fabrication openings or service connection centres from this envelope.,60552c51c71de8e86f6a7f0b722cddbb901843b81ec8c5d56d52d659cb86b2a6
existing_object,I-501,3Iw2dPDZD5Mfs_rhY0SbxO,IfcFurniture,Furniture,PAN01,Pantry D595 L300 H2382,VVD,fixed_furniture,"[2565.750763,-3636.382679,0.0]","[3182.750763,-3336.382679,2383.0]","[617.0,300.0,2383.0]",,,,fixed_joinery_detail,existing_world_bbox_not_fabrication_dimension,existing_model_candidate,no,类型、VVD 容器与 617×300×2383 mm 全高几何共同识别为固定柜体板件,0.99,FURIFC-007,ifc_observed,existing,"[""IFC-FORMAL-001""]",1,0,Do not infer fabrication openings or service connection centres from this envelope.,60552c51c71de8e86f6a7f0b722cddbb901843b81ec8c5d56d52d659cb86b2a6
existing_object,I-501,28x_EpoH5EIQqAq1LbXGvj,IfcFurniture,Furniture,HL,End Handle L,VVD,fixed_furniture,"[2575.834961,-1446.261216,60.0]","[2629.215149,-1416.238816,2383.0]","[53.380188,30.0224,2323.0]",,,,fixed_joinery_detail,existing_world_bbox_not_fabrication_dimension,existing_model_candidate,no,类型、VVD 容器与 53×30×2323 mm 全高条状几何共同识别为固定柜体五金,0.99,FURIFC-060,ifc_observed,existing,"[""IFC-FORMAL-001""]",1,0,Do not infer fabrication openings or service connection centres from this envelope.,60552c51c71de8e86f6a7f0b722cddbb901843b81ec8c5d56d52d659cb86b2a6
existing_object,I-501,3$pRSkBwj3GBEWO3wFtT$p,IfcFurniture,Furniture,HP,Pantry Handle,VVD,fixed_furniture,"[2584.897461,-3666.067352,60.0]","[2639.745545,-3305.932678,2383.0]","[54.848083,360.134674,2323.0]",,,,fixed_joinery_detail,existing_world_bbox_not_fabrication_dimension,existing_model_candidate,no,类型、VVD 容器与 55×360×2323 mm 全高几何共同识别为固定柜体部件,0.99,FURIFC-063,ifc_observed,existing,"[""IFC-FORMAL-001""]",1,0,Do not infer fabrication openings or service connection centres from this envelope.,60552c51c71de8e86f6a7f0b722cddbb901843b81ec8c5d56d52d659cb86b2a6
existing_object,I-501,1hxf4jdsL2Be5WM4fHYpIW,IfcFurniture,Furniture,SB03,Sideboard Th16 H2383 L645,VVD,fixed_furniture,"[2537.499972,-3682.000046,0.0]","[3182.500409,-3665.999985,2383.0]","[645.000438,16.000061,2383.0]",,,,fixed_joinery_detail,existing_world_bbox_not_fabrication_dimension,existing_model_candidate,no,用户确认 SB03 为柜子侧板并固定安装,1.0,FURIFC-032,ifc_observed,existing,"[""IFC-FORMAL-001""]",1,0,Do not infer fabrication openings or service connection centres from this envelope.,60552c51c71de8e86f6a7f0b722cddbb901843b81ec8c5d56d52d659cb86b2a6
existing_object,I-501,0VbFNV4pHE3QauKO$4CWcv,IfcFurniture,Furniture,SKI03,Skirting Th16 H60 L2250,VVD,fixed_furniture,"[2611.76181,-3666.013435,0.0]","[2627.762177,-1416.00956,60.0]","[16.000366,2250.003876,60.0]",,,,fixed_joinery_detail,existing_world_bbox_not_fabrication_dimension,existing_model_candidate,no,用户确认 SKI03 为柜子踢脚板并固定安装,1.0,FURIFC-021,ifc_observed,existing,"[""IFC-FORMAL-001""]",1,0,Do not infer fabrication openings or service connection centres from this envelope.,60552c51c71de8e86f6a7f0b722cddbb901843b81ec8c5d56d52d659cb86b2a6
existing_object,I-501,3oi7zJVsn93h2bH86MGcPH,IfcFurniture,Island,BD600DW,Dishwasher Cabinet D745 L600 H888,VVD,fixed_furniture,"[822.0,-2497.0,14.0]","[1422.0,-1730.0,902.0]","[600.0,767.0,888.0]",,,,fixed_joinery_detail,existing_world_bbox_not_fabrication_dimension,existing_model_candidate,no,类型与 VVD 中 600×767×888 mm 几何共同识别为岛台固定柜体单元,0.99,FURIFC-031,ifc_observed,existing,"[""IFC-FORMAL-001""]",1,0,Do not infer fabrication openings or service connection centres from this envelope.,60552c51c71de8e86f6a7f0b722cddbb901843b81ec8c5d56d52d659cb86b2a6
existing_object,I-501,0etjVZleH2DvGnYhJm0BCK,IfcFurniture,Island,BD600P,Door Base D745 L600 H693,VVD,fixed_furniture,"[-978.002739,-2496.997731,14.0]","[-378.002739,-1729.997731,707.0]","[600.0,767.0,693.0]",,,,fixed_joinery_detail,existing_world_bbox_not_fabrication_dimension,existing_model_candidate,no,类型与 VVD 中 600×767×693 mm 几何共同识别为岛台固定柜体单元,0.99,FURIFC-062,ifc_observed,existing,"[""IFC-FORMAL-001""]",1,0,Do not infer fabrication openings or service connection centres from this envelope.,60552c51c71de8e86f6a7f0b722cddbb901843b81ec8c5d56d52d659cb86b2a6
existing_object,I-501,1B6IEQzi53sQKQXMKDU2XE,IfcFurniture,Island,BS1200P,Base D331 L1200 H693,VVD,fixed_furniture,"[222.000671,-1729.999684,14.0]","[1422.000671,-1398.999684,707.0]","[1200.0,331.0,693.0]",,,,fixed_joinery_detail,existing_world_bbox_not_fabrication_dimension,existing_model_candidate,no,类型与 VVD 中 1200×331×693 mm 几何共同识别为岛台固定柜体单元,0.99,FURIFC-039,ifc_observed,existing,"[""IFC-FORMAL-001""]",1,0,Do not infer fabrication openings or service connection centres from this envelope.,60552c51c71de8e86f6a7f0b722cddbb901843b81ec8c5d56d52d659cb86b2a6
existing_object,I-501,1QPmeve6fEIhNrBYMdD2sJ,IfcFurniture,Island,BS1200P,Base D331 L1200 H693,VVD,fixed_furniture,"[-977.999298,-1729.999756,14.0]","[222.000702,-1398.999756,707.0]","[1200.0,331.0,693.0]",,,,fixed_joinery_detail,existing_world_bbox_not_fabrication_dimension,existing_model_candidate,no,类型与 VVD 中 1200×331×693 mm 几何共同识别为岛台固定柜体单元,0.99,FURIFC-039,ifc_observed,existing,"[""IFC-FORMAL-001""]",1,0,Do not infer fabrication openings or service connection centres from this envelope.,60552c51c71de8e86f6a7f0b722cddbb901843b81ec8c5d56d52d659cb86b2a6
existing_object,I-501,1RpVI19eXDARuMuhztB5IR,IfcFurniture,Island,D600P,Cabinet Door D331 L1200 H693,VVD,fixed_furniture,"[822.0,-1396.0,74.0]","[1422.0,-1377.0,660.980896]","[600.0,19.0,586.980896]",,,,fixed_joinery_detail,existing_world_bbox_not_fabrication_dimension,existing_model_candidate,no,类型与 VVD 中 600×19×587 mm 薄板几何共同识别为固定柜门板,0.99,FURIFC-040,ifc_observed,existing,"[""IFC-FORMAL-001""]",1,0,Do not infer fabrication openings or service connection centres from this envelope.,60552c51c71de8e86f6a7f0b722cddbb901843b81ec8c5d56d52d659cb86b2a6
existing_object,I-501,2Zjq0wICPAYAr4RNJLeesH,IfcFurniture,Island,D600P,Cabinet Door D331 L1200 H693,VVD,fixed_furniture,"[222.0,-1396.0,74.0]","[822.0,-1377.0,660.980896]","[600.0,19.0,586.980896]",,,,fixed_joinery_detail,existing_world_bbox_not_fabrication_dimension,existing_model_candidate,no,类型与 VVD 中 600×19×587 mm 薄板几何共同识别为固定柜门板,0.99,FURIFC-040,ifc_observed,existing,"[""IFC-FORMAL-001""]",1,0,Do not infer fabrication openings or service connection centres from this envelope.,60552c51c71de8e86f6a7f0b722cddbb901843b81ec8c5d56d52d659cb86b2a6
existing_object,I-501,3vRIKiKbL9nAvF_CZkYkxA,IfcFurniture,Island,D600P,Cabinet Door D331 L1200 H693,VVD,fixed_furniture,"[-378.0,-1396.0,74.0]","[222.0,-1377.0,660.980896]","[600.0,19.0,586.980896]",,,,fixed_joinery_detail,existing_world_bbox_not_fabrication_dimension,existing_model_candidate,no,类型与 VVD 中 600×19×587 mm 薄板几何共同识别为固定柜门板,0.99,FURIFC-040,ifc_observed,existing,"[""IFC-FORMAL-001""]",1,0,Do not infer fabrication openings or service connection centres from this envelope.,60552c51c71de8e86f6a7f0b722cddbb901843b81ec8c5d56d52d659cb86b2a6
existing_object,I-501,2qhynM3rf33AQqbI129k2v,IfcFurniture,Island,D600P,Cabinet Door D331 L1200 H693,VVD,fixed_furniture,"[-978.0,-1396.0,74.0]","[-378.0,-1377.0,660.980896]","[600.0,19.0,586.980896]",,,,fixed_joinery_detail,existing_world_bbox_not_fabrication_dimension,existing_model_candidate,no,类型与 VVD 中 600×19×587 mm 薄板几何共同识别为固定柜门板,0.99,FURIFC-040,ifc_observed,existing,"[""IFC-FORMAL-001""]",1,0,Do not infer fabrication openings or service connection centres from this envelope.,60552c51c71de8e86f6a7f0b722cddbb901843b81ec8c5d56d52d659cb86b2a6
existing_object,I-501,0NyJR9FMf6sBa1V_Jb5FkK,IfcFurniture,Island,POT1200,Pull Out Tray D300 L1200 H179,VVD,fixed_furniture,"[222.0,-1725.0,708.0]","[1422.0,-1425.0,887.0]","[1200.0,300.0,179.0]",,,,fixed_joinery_detail,existing_world_bbox_not_fabrication_dimension,existing_model_candidate,no,类型、VVD 容器与 1200×300×179 mm 几何共同识别为固定柜体内部单元,0.99,FURIFC-023,ifc_observed,existing,"[""IFC-FORMAL-001""]",1,0,Do not infer fabrication openings or service connection centres from this envelope.,60552c51c71de8e86f6a7f0b722cddbb901843b81ec8c5d56d52d659cb86b2a6
existing_object,I-501,1MXBM_4krBEgVwJi3PFF3A,IfcFurniture,Island,POT600,Pull Out Tray D300 L600 H179,VVD,fixed_furniture,"[-378.0,-1725.0,708.0]","[222.0,-1425.0,887.0]","[600.0,300.0,179.0]",,,,fixed_joinery_detail,existing_world_bbox_not_fabrication_dimension,existing_model_candidate,no,类型、VVD 容器与 600×300×179 mm 几何共同识别为固定柜体内部单元,0.99,FURIFC-026,ifc_observed,existing,"[""IFC-FORMAL-001""]",1,0,Do not infer fabrication openings or service connection centres from this envelope.,60552c51c71de8e86f6a7f0b722cddbb901843b81ec8c5d56d52d659cb86b2a6
existing_object,I-501,3s1sv3rivC_B$dTKwCA4kt,IfcFurniture,Island,SKI04,Skirting Th16 H60 L2400,VVD,fixed_furniture,"[-978.0,-2451.0,14.0]","[1422.0,-2435.0,74.0]","[2400.0,16.0,60.0]",,,,fixed_joinery_detail,existing_world_bbox_not_fabrication_dimension,existing_model_candidate,no,与已确认 SKI03 同系列且具有 2400×16×60 mm 踢脚板几何,0.99,FURIFC-018,ifc_observed,existing,"[""IFC-FORMAL-001""]",1,0,Do not infer fabrication openings or service connection centres from this envelope.,60552c51c71de8e86f6a7f0b722cddbb901843b81ec8c5d56d52d659cb86b2a6
existing_object,I-501,1JMXCthV161Ay1zyyjMeYY,IfcFurniture,Island,SKI04,Skirting Th16 H60 L2400,VVD,fixed_furniture,"[-978.0,-1439.0,14.0]","[1422.0,-1423.0,74.0]","[2400.0,16.0,60.0]",,,,fixed_joinery_detail,existing_world_bbox_not_fabrication_dimension,existing_model_candidate,no,与已确认 SKI03 同系列且具有 2400×16×60 mm 踢脚板几何,0.99,FURIFC-018,ifc_observed,existing,"[""IFC-FORMAL-001""]",1,0,Do not infer fabrication openings or service connection centres from this envelope.,60552c51c71de8e86f6a7f0b722cddbb901843b81ec8c5d56d52d659cb86b2a6
existing_object,I-501,3EaO22qXv38wM47SaLX1Yk,IfcFurniture,Island,SB02,Sideboard Th16 L1120 H693,VVD,fixed_furniture,"[-994.0,-2497.0,14.0]","[-978.0,-1377.0,707.0]","[16.0,1120.0,693.0]",,,,fixed_joinery_detail,existing_world_bbox_not_fabrication_dimension,existing_model_candidate,no,类型、VVD 容器与 16 mm 薄板几何共同识别为固定柜体侧板,0.99,FURIFC-052,ifc_observed,existing,"[""IFC-FORMAL-001""]",1,0,Do not infer fabrication openings or service connection centres from this envelope.,60552c51c71de8e86f6a7f0b722cddbb901843b81ec8c5d56d52d659cb86b2a6
existing_object,I-501,2$z307bK1B_v__FItEcqkC,IfcFurniture,Island,SB01,Sideboard Th16 L1120 H888,VVD,fixed_furniture,"[1422.0,-2497.0,14.0]","[1438.0,-1377.0,902.0]","[16.0,1120.0,888.0]",,,,fixed_joinery_detail,existing_world_bbox_not_fabrication_dimension,existing_model_candidate,no,类型、VVD 容器与 16 mm 薄板几何共同识别为固定柜体侧板,0.99,FURIFC-045,ifc_observed,existing,"[""IFC-FORMAL-001""]",1,0,Do not infer fabrication openings or service connection centres from this envelope.,60552c51c71de8e86f6a7f0b722cddbb901843b81ec8c5d56d52d659cb86b2a6
existing_object,I-501,1P9tbKJXXBlP00xtCWHNEd,IfcFurniture,Table,TAB01,VVD Island Table,VVD,loose_furniture,"[-1677.801073,-2877.477825,14.0]","[-377.806127,-1377.465601,767.0]","[1299.994946,1500.012224,753.0]",,,,clearance_context_only,existing_world_bbox_not_fabrication_dimension,existing_model_candidate,no,assigned IfcFurnitureType.PredefinedType explicitly identifies TABLE; no fixed installation anchor is required,1.0,FURIFC-022,ifc_observed,existing,"[""IFC-FORMAL-001""]",0,0,Do not infer fabrication openings or service connection centres from this envelope.,60552c51c71de8e86f6a7f0b722cddbb901843b81ec8c5d56d52d659cb86b2a6
existing_object,I-501,1luHljRzDAhPNXxTDNu7qB,IfcFurniture,Furniture,CHA01,Baxter Colette,VVD,loose_furniture,"[-2136.927521,-2722.438482,0.0]","[-1543.44458,-2153.972479,734.464966]","[593.482941,568.466003,734.464966]",,,,clearance_context_only,existing_world_bbox_not_fabrication_dimension,existing_model_candidate,no,assigned IfcFurnitureType.PredefinedType explicitly identifies CHAIR; no fixed installation anchor is required,1.0,FURIFC-035,ifc_observed,existing,"[""IFC-FORMAL-001""]",0,0,Do not infer fabrication openings or service connection centres from this envelope.,60552c51c71de8e86f6a7f0b722cddbb901843b81ec8c5d56d52d659cb86b2a6
existing_object,I-504,19MpdkWqXC7uhUNhLQgrce,IfcFurniture,505 UP V1.LP.S,,,LIVING,fixed_furniture,"[2805.181026,-1400.0,0.0]","[5717.181026,-963.500549,2380.0]","[2912.0,436.499451,2380.0]",,,,fixed_joinery_detail,existing_world_bbox_not_fabrication_dimension,existing_model_candidate,no,对象名 505 UP V1.LP.S、LIVING 容器与 2912×436×2380 mm 全高柜体几何共同证明固定安装,0.99,FURIFC-001,ifc_observed,existing,"[""IFC-FORMAL-001""]",1,0,Do not infer fabrication openings or service connection centres from this envelope.,60552c51c71de8e86f6a7f0b722cddbb901843b81ec8c5d56d52d659cb86b2a6
existing_object,I-504,3YoxxZCgbF3Ap7gztAKkcs,IfcFurniture,Furniture,CHA02,RODA Orson 2,LIVING,loose_furniture,"[495.728943,3720.374969,10.0]","[1102.571014,4379.625061,787.0]","[606.842072,659.250092,777.0]",,,,clearance_context_only,existing_world_bbox_not_fabrication_dimension,existing_model_candidate,no,assigned IfcFurnitureType.PredefinedType explicitly identifies CHAIR; no fixed installation anchor is required,1.0,FURIFC-041,ifc_observed,existing,"[""IFC-FORMAL-001""]",0,0,Do not infer fabrication openings or service connection centres from this envelope.,60552c51c71de8e86f6a7f0b722cddbb901843b81ec8c5d56d52d659cb86b2a6
existing_object,I-504,1GkE2YZ316gQw10Ev5DZOp,IfcFurniture,Furniture,CHA02,RODA Orson 2,LIVING,loose_furniture,"[2197.816607,3720.374939,10.0]","[2804.658678,4379.625031,787.0]","[606.842072,659.250092,777.0]",,,,clearance_context_only,existing_world_bbox_not_fabrication_dimension,existing_model_candidate,no,assigned IfcFurnitureType.PredefinedType explicitly identifies CHAIR; no fixed installation anchor is required,1.0,FURIFC-041,ifc_observed,existing,"[""IFC-FORMAL-001""]",0,0,Do not infer fabrication openings or service connection centres from this envelope.,60552c51c71de8e86f6a7f0b722cddbb901843b81ec8c5d56d52d659cb86b2a6
existing_object,I-504,2eX84IyLr8_e34nuOoRPLQ,IfcFurniture,Furniture,TAB02,Bernardo 367,LIVING,loose_furniture,"[1425.832391,3869.986534,10.0]","[1925.832391,4369.986534,680.0]","[500.0,500.0,670.0]",,,,clearance_context_only,existing_world_bbox_not_fabrication_dimension,existing_model_candidate,no,assigned IfcFurnitureType.PredefinedType explicitly identifies TABLE; no fixed installation anchor is required,1.0,FURIFC-004,ifc_observed,existing,"[""IFC-FORMAL-001""]",0,0,Do not infer fabrication openings or service connection centres from this envelope.,60552c51c71de8e86f6a7f0b722cddbb901843b81ec8c5d56d52d659cb86b2a6
existing_object,I-504,1HZoxe$df4cBb4UXXH5J2S,IfcFurniture,Furniture,BST03,Stone Bedside Table with Drawer D45,BEDG,loose_furniture,"[-4681.046219,1018.780045,10.0]","[-4218.566238,1481.241013,476.218994]","[462.47998,462.460968,466.218994]",Baxter,Stone,freestanding_bedside_table_with_L_drawer,clearance_context_only,existing_world_bbox_not_fabrication_dimension,existing_model_candidate,no,类型、BEDG 容器与 462×462×466 mm 几何共同识别为活动床头柜,0.99,FURIFC-028,ifc_observed,existing,"[""IFC-FORMAL-001""]",1,0,Do not infer fabrication openings or service connection centres from this envelope.,60552c51c71de8e86f6a7f0b722cddbb901843b81ec8c5d56d52d659cb86b2a6
existing_object,I-504,3cmikd9MTB$egM5KQaNgUf,IfcFurniture,Furniture,WD03,Poliform SENZAFINE,BEDG,fixed_furniture,"[-4679.988068,222.603582,-9.3e-05]","[-3367.024567,808.24262,2389.5]","[1312.963501,585.639038,2389.500094]",Poliform,Senzafine,,fixed_joinery_detail,existing_world_bbox_not_fabrication_dimension,existing_model_candidate,no,类型、BEDG 容器与 1313×586×2390 mm 全高几何共同识别为固定衣柜单元,0.99,FURIFC-013,ifc_observed,existing,"[""IFC-FORMAL-001""]",1,0,Do not infer fabrication openings or service connection centres from this envelope.,60552c51c71de8e86f6a7f0b722cddbb901843b81ec8c5d56d52d659cb86b2a6
existing_object,I-504,3IQBEqO5vDI8Z9k1Ltge_N,IfcFurniture,Furniture,BED01,Casablanca 180,BEDM,loose_furniture,"[-6508.921635,-3882.12793,10.310961]","[-3970.119633,-1617.96106,957.578918]","[2538.802002,2264.16687,947.267957]",,,,clearance_context_only,existing_world_bbox_not_fabrication_dimension,existing_model_candidate,no,assigned IfcFurnitureType.PredefinedType explicitly identifies BED; no fixed installation anchor is required,1.0,FURIFC-049,ifc_observed,existing,"[""IFC-FORMAL-001""]",0,0,Do not infer fabrication openings or service connection centres from this envelope.,60552c51c71de8e86f6a7f0b722cddbb901843b81ec8c5d56d52d659cb86b2a6
existing_object,I-504,3eic1dzkn5heTIn4PhF37v,IfcFurniture,Furniture,BST01,Nifea Comodino diam42xh45,BEDM,loose_furniture,"[-6296.129578,-1675.997633,10.0]","[-5897.097672,-1276.966719,460.0]","[399.031906,399.030914,450.0]",Baxter,Ninfea,bedside_table_opening_side_not_recorded,clearance_context_only,existing_world_bbox_not_fabrication_dimension,existing_model_candidate,no,类型、BEDM 容器与 399×399×450 mm 几何共同识别为活动床头柜,0.99,FURIFC-011,ifc_observed,existing,"[""IFC-FORMAL-001""]",1,0,Do not infer fabrication openings or service connection centres from this envelope.,60552c51c71de8e86f6a7f0b722cddbb901843b81ec8c5d56d52d659cb86b2a6
existing_object,I-504,3hA0vKpcn44u4Tsx4tqiUz,IfcFurniture,Furniture,BST02,Beside 55x58xh35,BEDM,loose_furniture,"[-6367.031841,-4425.180702,10.0]","[-5789.14259,-3865.180702,260.0]","[577.889252,560.0,250.0]",Baxter,Beside,bedside_table,clearance_context_only,existing_world_bbox_not_fabrication_dimension,existing_model_candidate,no,类型、BEDM 容器与 578×560×250 mm 几何共同识别为活动床头柜,0.99,FURIFC-030,ifc_observed,existing,"[""IFC-FORMAL-001""]",1,0,Do not infer fabrication openings or service connection centres from this envelope.,60552c51c71de8e86f6a7f0b722cddbb901843b81ec8c5d56d52d659cb86b2a6
existing_object,I-504,2mPTt7$nvBSAn28I9NWt6T,IfcFurniture,Furniture,WD01,Poliform Pivot Senzafine,BEDM,fixed_furniture,"[-3225.189209,-2758.672364,9.930002]","[-2551.664869,-1555.793518,2399.952881]","[673.52434,1202.878845,2390.022879]",Poliform,Senzafine + Pivot,freestanding_wardrobe_and_wall_mounted_pivot,fixed_joinery_detail,existing_world_bbox_not_fabrication_dimension,existing_model_candidate,no,类型、BEDM 容器与 674×1203×2390 mm 全高几何共同识别为固定衣柜单元,0.99,FURIFC-019,ifc_observed,existing,"[""IFC-FORMAL-001""]",1,0,Do not infer fabrication openings or service connection centres from this envelope.,60552c51c71de8e86f6a7f0b722cddbb901843b81ec8c5d56d52d659cb86b2a6
existing_object,I-504,3osoWufdD1mhDDAM6lcix4,IfcFurniture,MiamiSoft E09,MiamiSoft E09,R terminal module 130 x 108 h70/80 cm,LIVING,loose_furniture,"[1669.321146,72.775251,10.0]","[2814.075296,1415.948164,807.479919]","[1144.75415,1343.172913,797.479919]",,,,clearance_context_only,existing_world_bbox_not_fabrication_dimension,existing_model_candidate,no,assigned IfcFurnitureType.PredefinedType explicitly identifies SOFA; no fixed installation anchor is required,1.0,FURIFC-048,ifc_observed,existing,"[""IFC-FORMAL-001""]",0,0,Do not infer fabrication openings or service connection centres from this envelope.,60552c51c71de8e86f6a7f0b722cddbb901843b81ec8c5d56d52d659cb86b2a6
existing_object,I-504,1G7iO6CfP64PjummX$qTbt,IfcFurniture,MiamiSoft E07,MiamiSoft E07,L dormeuse 150 x 170 h70/80 cm,LIVING,loose_furniture,"[1132.551482,1391.738354,10.0]","[2843.037322,2935.569653,807.484863]","[1710.48584,1543.831299,797.484863]",,,,clearance_context_only,existing_world_bbox_not_fabrication_dimension,existing_model_candidate,no,assigned IfcFurnitureType.PredefinedType explicitly identifies SOFA; no fixed installation anchor is required,1.0,FURIFC-006,ifc_observed,existing,"[""IFC-FORMAL-001""]",0,0,Do not infer fabrication openings or service connection centres from this envelope.,60552c51c71de8e86f6a7f0b722cddbb901843b81ec8c5d56d52d659cb86b2a6
existing_object,I-504,1y3lLYK$H9fPbuh1R1vAKX,IfcFurniture,Furniture,MiamiSoft F03,Pouf 170 x 108 h40 cm,LIVING,loose_furniture,"[2736.287827,630.202002,10.0]","[3839.447739,2377.741003,474.938965]","[1103.159912,1747.539001,464.938965]",,,,clearance_context_only,existing_world_bbox_not_fabrication_dimension,existing_model_candidate,no,assigned IfcFurnitureType.PredefinedType explicitly identifies SOFA; no fixed installation anchor is required,1.0,FURIFC-005,ifc_observed,existing,"[""IFC-FORMAL-001""]",0,0,Do not infer fabrication openings or service connection centres from this envelope.,60552c51c71de8e86f6a7f0b722cddbb901843b81ec8c5d56d52d659cb86b2a6
existing_object,I-504,0B8rO47U14sgJ_ydZxqvs6,IfcFurniture,Furniture,MiamiSoft H01,Cushion 80 x 80 cm,LIVING,loose_furniture,"[2004.860422,599.019903,409.658003]","[2569.836161,1408.777014,813.621979]","[564.975739,809.757111,403.963976]",,,,clearance_context_only,existing_world_bbox_not_fabrication_dimension,existing_model_candidate,no,assigned IfcFurnitureType.PredefinedType explicitly identifies SOFA; no fixed installation anchor is required,1.0,FURIFC-038,ifc_observed,existing,"[""IFC-FORMAL-001""]",0,0,Do not infer fabrication openings or service connection centres from this envelope.,60552c51c71de8e86f6a7f0b722cddbb901843b81ec8c5d56d52d659cb86b2a6
existing_object,I-504,0b9rDAHDD2qAIQqZ8m9INg,IfcFurniture,Furniture,MiamiSoft H01,Cushion 80 x 80 cm,LIVING,loose_furniture,"[2004.860422,1499.019999,409.658003]","[2569.836161,2308.777109,813.621979]","[564.975739,809.757111,403.963976]",,,,clearance_context_only,existing_world_bbox_not_fabrication_dimension,existing_model_candidate,no,assigned IfcFurnitureType.PredefinedType explicitly identifies SOFA; no fixed installation anchor is required,1.0,FURIFC-038,ifc_observed,existing,"[""IFC-FORMAL-001""]",0,0,Do not infer fabrication openings or service connection centres from this envelope.,60552c51c71de8e86f6a7f0b722cddbb901843b81ec8c5d56d52d659cb86b2a6
existing_object,I-504,1hdNtfQRPCGfHLfqzdp6w0,IfcFurniture,Furniture,MiamiSoft I03,Roll 108 x Ø27 cm,LIVING,loose_furniture,"[2850.775326,648.003027,410.0]","[3125.037319,2359.752905,682.80899]","[274.261993,1711.749878,272.80899]",,,,clearance_context_only,existing_world_bbox_not_fabrication_dimension,existing_model_candidate,no,assigned IfcFurnitureType.PredefinedType explicitly identifies SOFA; no fixed installation anchor is required,1.0,FURIFC-024,ifc_observed,existing,"[""IFC-FORMAL-001""]",0,0,Do not infer fabrication openings or service connection centres from this envelope.,60552c51c71de8e86f6a7f0b722cddbb901843b81ec8c5d56d52d659cb86b2a6
existing_object,I-504,3UYImQPLf1uu3JCcET1_6C,IfcFurniture,Furniture,SHE01,Rafiki 84x27xh215,LIVING,fixed_furniture,"[6223.037155,2024.413299,15.0]","[6426.040352,2863.588256,2161.0]","[203.003197,839.174957,2146.0]",Baxter,Rafiki,,fixed_joinery_detail,existing_world_bbox_not_fabrication_dimension,existing_model_candidate,no,IfcFurnitureType.SHELF、LIVING 容器与 203×839×2146 mm 全高层架几何共同证明固定安装,0.99,FURIFC-061,ifc_observed,existing,"[""IFC-FORMAL-001""]",1,0,Do not infer fabrication openings or service connection centres from this envelope.,60552c51c71de8e86f6a7f0b722cddbb901843b81ec8c5d56d52d659cb86b2a6
existing_object,I-504,0whsxXmfbD19z3Z9JaiItG,IfcFurniture,Furniture,SHE01,Rafiki 84x27xh215,LIVING,fixed_furniture,"[6223.000168,1186.834228,15.0]","[6426.003365,2026.009185,2161.0]","[203.003197,839.174957,2146.0]",Baxter,Rafiki,,fixed_joinery_detail,existing_world_bbox_not_fabrication_dimension,existing_model_candidate,no,IfcFurnitureType.SHELF、LIVING 容器与 203×839×2146 mm 全高层架几何共同证明固定安装,0.99,FURIFC-061,ifc_observed,existing,"[""IFC-FORMAL-001""]",1,0,Do not infer fabrication openings or service connection centres from this envelope.,60552c51c71de8e86f6a7f0b722cddbb901843b81ec8c5d56d52d659cb86b2a6
existing_object,I-504,1THxa7p7n97w$wtLn4THjz,IfcFurniture,Furniture,Marilyn 02,Pouf with swivel base W80D62H45,LIVING,loose_furniture,"[4426.104187,941.712199,114.020979]","[5236.719147,1533.661143,570.602966]","[810.61496,591.948944,456.581987]",,,,clearance_context_only,existing_world_bbox_not_fabrication_dimension,existing_model_candidate,no,assigned IfcFurnitureType.PredefinedType explicitly identifies SOFA; no fixed installation anchor is required,1.0,FURIFC-015,ifc_observed,existing,"[""IFC-FORMAL-001""]",0,0,Do not infer fabrication openings or service connection centres from this envelope.,60552c51c71de8e86f6a7f0b722cddbb901843b81ec8c5d56d52d659cb86b2a6
existing_object,I-504,3DC1GDi6j01O$a9IjXU81p,IfcFurniture,Furniture,GP01,Grid Partition,NBW,fixed_furniture,"[-894.821289,0.0,-0.0]","[-224.821289,30.0,2365.0]","[670.0,30.0,2365.0]",,,,fixed_joinery_detail,existing_world_bbox_not_fabrication_dimension,existing_model_candidate,no,类型、NBW 容器与 670×30×2365 mm 全高薄板几何共同识别为固定板件,0.99,FURIFC-042,ifc_observed,existing,"[""IFC-FORMAL-001""]",1,0,Do not infer fabrication openings or service connection centres from this envelope.,60552c51c71de8e86f6a7f0b722cddbb901843b81ec8c5d56d52d659cb86b2a6
existing_object,I-504,03OxzOyN12ff3jkuUtjJPD,IfcFurniture,Furniture,GP01S,Grid Partition Support,NBW,fixed_furniture,"[-719.821304,-20.0,0.0]","[-199.821304,80.0,2400.0]","[520.0,100.0,2400.0]",,,,fixed_joinery_detail,existing_world_bbox_not_fabrication_dimension,existing_model_candidate,no,类型、NBW 容器与 520×100×2400 mm 全高几何共同识别为固定板件,0.99,FURIFC-044,ifc_observed,existing,"[""IFC-FORMAL-001""]",1,0,Do not infer fabrication openings or service connection centres from this envelope.,60552c51c71de8e86f6a7f0b722cddbb901843b81ec8c5d56d52d659cb86b2a6
existing_object,I-502,2xmcLzu1rDTeMzRuNxPDyE,IfcFurniture,Furniture,HIMA01,Poliform HIMA 3 elements 1m,BATHM,fixed_furniture,"[-6481.600834,-2888.741089,9.0]","[-5655.441471,-1203.701988,1008.0]","[826.159363,1685.039101,999.0]",,,,fixed_joinery_detail,existing_world_bbox_not_fabrication_dimension,existing_model_candidate,no,类型、BATHM 容器与 826×1685×999 mm 几何共同识别为主卫固定柜体,0.99,FURIFC-014,ifc_observed,existing,"[""IFC-FORMAL-001""]",1,0,Do not infer fabrication openings or service connection centres from this envelope.,60552c51c71de8e86f6a7f0b722cddbb901843b81ec8c5d56d52d659cb86b2a6
existing_object,I-501,1MzM8Ms2vFo8KEm503j9w2,IfcFurniture,Furniture,SIS04,Sistema 7 Wall Unit 4 Doors,KITCHEN,fixed_furniture,"[2661.194502,-5797.714153,1661.008581]","[3030.194502,-3835.739605,2382.999609]","[369.0,1961.974548,721.991028]",,,,fixed_joinery_detail,existing_world_bbox_not_fabrication_dimension,existing_model_candidate,no,类型、KITCHEN 容器与 369×1962×722 mm 高位柜体几何共同证明固定安装,0.99,FURIFC-050,ifc_observed,existing,"[""IFC-FORMAL-001""]",1,0,Do not infer fabrication openings or service connection centres from this envelope.,60552c51c71de8e86f6a7f0b722cddbb901843b81ec8c5d56d52d659cb86b2a6
existing_object,I-504,3yuXF4PtnBHgIXDlmXFJ$7,IfcFurniture,Furniture,WD02,Poliform Glass Wardrobe,LIVING,fixed_furniture,"[5851.720459,322.0,10.5]","[6480.126648,922.0,2403.252685]","[628.406189,600.0,2392.752686]",Poliform,Senzafine,,fixed_joinery_detail,existing_world_bbox_not_fabrication_dimension,existing_model_candidate,no,类型、LIVING 容器与 628×600×2393 mm 全高几何共同识别为固定柜体单元,0.99,FURIFC-059,ifc_observed,existing,"[""IFC-FORMAL-001""]",1,0,Do not infer fabrication openings or service connection centres from this envelope.,60552c51c71de8e86f6a7f0b722cddbb901843b81ec8c5d56d52d659cb86b2a6
existing_object,I-504,2LN3hvkNfE$P7IVE0GkeKc,IfcFurniture,Furniture,WD01L,Poliform Pivot Senzafine,BEDM,fixed_furniture,"[-3225.18872,-1558.672369,9.930002]","[-2551.664823,-955.793518,2399.952881]","[673.523897,602.878851,2390.022879]",Poliform,Senzafine + Pivot,freestanding_wardrobe_and_wall_mounted_pivot,fixed_joinery_detail,existing_world_bbox_not_fabrication_dimension,existing_model_candidate,no,类型、BEDM 容器与 674×603×2390 mm 全高几何共同识别为固定衣柜单元,0.99,FURIFC-036,ifc_observed,existing,"[""IFC-FORMAL-001""]",1,0,Do not infer fabrication openings or service connection centres from this envelope.,60552c51c71de8e86f6a7f0b722cddbb901843b81ec8c5d56d52d659cb86b2a6
existing_object,I-501,25drCvvZjA$xIp_iFFOLwt,IfcFurniture,Furniture,BNW900C,D545-D695 L650+450 H888,KITCHEN,fixed_furniture,"[2098.0,-5797.989419,0.0]","[3198.0,-5048.001602,888.0]","[1100.0,749.987817,888.0]",,,,fixed_joinery_detail,existing_world_bbox_not_fabrication_dimension,existing_model_candidate,no,类型与 KITCHEN 中 1100×750×888 mm 几何共同识别为固定转角柜单元,0.99,FURIFC-020,ifc_observed,existing,"[""IFC-FORMAL-001""]",1,0,Do not infer fabrication openings or service connection centres from this envelope.,60552c51c71de8e86f6a7f0b722cddbb901843b81ec8c5d56d52d659cb86b2a6
existing_object,I-501,2y9Xds0sP3Ph_Hx7QACT58,IfcFurniture,Furniture,W06L,WorkTop Th60 D720-620 L650+450,KITCHEN,fixed_furniture,"[2098.0,-5798.0,888.0]","[3198.0,-5048.0,948.0]","[1100.0,750.0,60.0]",,,,fixed_joinery_detail,existing_world_bbox_not_fabrication_dimension,existing_model_candidate,no,类型、KITCHEN 容器与 1100×750×60 mm 薄板几何共同识别为固定柜体板件,0.99,FURIFC-043,ifc_observed,existing,"[""IFC-FORMAL-001""]",1,0,Do not infer fabrication openings or service connection centres from this envelope.,60552c51c71de8e86f6a7f0b722cddbb901843b81ec8c5d56d52d659cb86b2a6
existing_object,I-501,0oa9P8fWXBR9CrIiSdqzDf,IfcFurniture,Furniture,HC02,Handle D745 H888Corner,KITCHEN,fixed_furniture,"[2550.498734,-5127.988525,838.0]","[2628.0,-5048.0,888.0]","[77.501266,79.988525,50.0]",,,,fixed_joinery_detail,existing_world_bbox_not_fabrication_dimension,existing_model_candidate,no,类型、KITCHEN 容器与 78×80×50 mm 五金几何共同识别为固定柜体五金,0.99,FURIFC-010,ifc_observed,existing,"[""IFC-FORMAL-001""]",1,0,Do not infer fabrication openings or service connection centres from this envelope.,60552c51c71de8e86f6a7f0b722cddbb901843b81ec8c5d56d52d659cb86b2a6
existing_object,I-501,2iMAo4woT84gCqVpuNv1yV,IfcFurniture,Furniture,HC01,Handle D595 H888Corner,KITCHEN,fixed_furniture,"[2581.0,-5128.0,838.0]","[2628.0,-5081.0,888.0]","[47.0,47.0,50.0]",,,,fixed_joinery_detail,existing_world_bbox_not_fabrication_dimension,existing_model_candidate,no,类型、KITCHEN 容器与 47×47×50 mm 五金几何共同识别为固定柜体五金,0.99,FURIFC-029,ifc_observed,existing,"[""IFC-FORMAL-001""]",1,0,Do not infer fabrication openings or service connection centres from this envelope.,60552c51c71de8e86f6a7f0b722cddbb901843b81ec8c5d56d52d659cb86b2a6
existing_object,I-501,2tCmGkmFz2_Pg0jRjf3Nup,IfcFurniture,Furniture,CHA01,Baxter Colette,VVD,loose_furniture,"[-2136.927521,-2022.438554,0.0]","[-1543.44458,-1453.97255,734.464966]","[593.482941,568.466003,734.464966]",,,,clearance_context_only,existing_world_bbox_not_fabrication_dimension,existing_model_candidate,no,assigned IfcFurnitureType.PredefinedType explicitly identifies CHAIR; no fixed installation anchor is required,1.0,FURIFC-035,ifc_observed,existing,"[""IFC-FORMAL-001""]",0,0,Do not infer fabrication openings or service connection centres from this envelope.,60552c51c71de8e86f6a7f0b722cddbb901843b81ec8c5d56d52d659cb86b2a6
existing_object,I-501,09n9MD4MP6YwWt7w8SLJlG,IfcFurniture,Island,BD600DW,Dishwasher Cabinet D745 L600 H888,VVD,fixed_furniture,"[222.005654,-2496.997853,14.0]","[822.005654,-1729.997853,902.0]","[600.0,767.0,888.0]",,,,fixed_joinery_detail,existing_world_bbox_not_fabrication_dimension,existing_model_candidate,no,类型与 VVD 中 600×767×888 mm 几何共同识别为岛台固定柜体单元,0.99,FURIFC-031,ifc_observed,existing,"[""IFC-FORMAL-001""]",1,0,Do not infer fabrication openings or service connection centres from this envelope.,60552c51c71de8e86f6a7f0b722cddbb901843b81ec8c5d56d52d659cb86b2a6
existing_object,I-501,2zI$UMamH5GwexMsI4p5LC,IfcFurniture,Furniture,BN900,D595 L900 H888,KITCHEN,fixed_furniture,"[2581.0,-5048.0,0.0]","[3198.0,-4148.0,888.0]","[617.0,900.0,888.0]",,,,fixed_joinery_detail,existing_world_bbox_not_fabrication_dimension,existing_model_candidate,no,类型与 KITCHEN 中 617×900×888 mm 几何共同识别为固定地柜,0.99,FURIFC-053,ifc_observed,existing,"[""IFC-FORMAL-001""]",1,0,Do not infer fabrication openings or service connection centres from this envelope.,60552c51c71de8e86f6a7f0b722cddbb901843b81ec8c5d56d52d659cb86b2a6
existing_object,I-501,33w0xYssjAauNQOhCbE0MS,IfcFurniture,Furniture,BW900,Bay Window D695 L900 H888,KITCHEN,fixed_furniture,"[1201.0,-5798.0,0.0]","[2101.0,-5081.0,888.0]","[900.0,717.0,888.0]",,,,fixed_joinery_detail,existing_world_bbox_not_fabrication_dimension,existing_model_candidate,no,类型与 KITCHEN 中 900×717×888 mm 几何共同识别为固定地柜,0.99,FURIFC-051,ifc_observed,existing,"[""IFC-FORMAL-001""]",1,0,Do not infer fabrication openings or service connection centres from this envelope.,60552c51c71de8e86f6a7f0b722cddbb901843b81ec8c5d56d52d659cb86b2a6
existing_object,I-501,0n8o0OmS14dPMzkq7lmKwu,IfcFurniture,Furniture,BW450,Bay Window D695 L450 H888,KITCHEN,fixed_furniture,"[751.024368,-5798.0,0.0]","[1201.024368,-5081.0,888.0]","[450.0,717.0,888.0]",,,,fixed_joinery_detail,existing_world_bbox_not_fabrication_dimension,existing_model_candidate,no,类型与 KITCHEN 中 450×717×888 mm 几何共同识别为固定地柜,0.99,FURIFC-017,ifc_observed,existing,"[""IFC-FORMAL-001""]",1,0,Do not infer fabrication openings or service connection centres from this envelope.,60552c51c71de8e86f6a7f0b722cddbb901843b81ec8c5d56d52d659cb86b2a6
existing_object,I-501,3dhCNvdyj2ChIzarSRLztN,IfcFurniture,Furniture,BN450,D595 L450 H888,KITCHEN,fixed_furniture,"[2581.0,-4148.0,0.0]","[3198.0,-3698.0,888.0]","[617.0,450.0,888.0]",,,,fixed_joinery_detail,existing_world_bbox_not_fabrication_dimension,existing_model_candidate,no,类型与 KITCHEN 中 617×450×888 mm 几何共同识别为固定地柜,0.99,FURIFC-016,ifc_observed,existing,"[""IFC-FORMAL-001""]",1,0,Do not infer fabrication openings or service connection centres from this envelope.,60552c51c71de8e86f6a7f0b722cddbb901843b81ec8c5d56d52d659cb86b2a6
existing_object,I-501,3Gd5XFWpTEVQA12Tfubj6B,IfcFurniture,Furniture,HD450,Handle L450,KITCHEN,fixed_furniture,"[2098.0,-5128.0,838.019364]","[2548.0,-5081.0,888.019306]","[450.0,47.0,49.999943]",,,,fixed_joinery_detail,existing_world_bbox_not_fabrication_dimension,existing_model_candidate,no,类型、KITCHEN 容器与 450×47×50 mm 条状几何共同识别为固定柜体五金,0.99,FURIFC-046,ifc_observed,existing,"[""IFC-FORMAL-001""]",1,0,Do not infer fabrication openings or service connection centres from this envelope.,60552c51c71de8e86f6a7f0b722cddbb901843b81ec8c5d56d52d659cb86b2a6
existing_object,I-501,2wYNbs_Ef9TvMEPnqTIHs$,IfcFurniture,Furniture,HD900,Handle L900,KITCHEN,fixed_furniture,"[1201.0,-5128.0,838.019364]","[2101.0,-5081.0,888.01931]","[900.0,47.0,49.999946]",,,,fixed_joinery_detail,existing_world_bbox_not_fabrication_dimension,existing_model_candidate,no,类型、KITCHEN 容器与 900×47×50 mm 条状几何共同识别为固定柜体五金,0.99,FURIFC-037,ifc_observed,existing,"[""IFC-FORMAL-001""]",1,0,Do not infer fabrication openings or service connection centres from this envelope.,60552c51c71de8e86f6a7f0b722cddbb901843b81ec8c5d56d52d659cb86b2a6
existing_object,I-501,0D_hmxPvb3WOoXxhcnHyq6,IfcFurniture,Furniture,HD450,Handle L450,KITCHEN,fixed_furniture,"[751.0,-5128.0,838.019364]","[1201.0,-5081.0,888.019306]","[450.0,47.0,49.999943]",,,,fixed_joinery_detail,existing_world_bbox_not_fabrication_dimension,existing_model_candidate,no,类型、KITCHEN 容器与 450×47×50 mm 条状几何共同识别为固定柜体五金,0.99,FURIFC-046,ifc_observed,existing,"[""IFC-FORMAL-001""]",1,0,Do not infer fabrication openings or service connection centres from this envelope.,60552c51c71de8e86f6a7f0b722cddbb901843b81ec8c5d56d52d659cb86b2a6
existing_object,I-501,0N5uQVMzvDsOlNej5ARtSG,IfcFurniture,Furniture,HD900,Handle L900,KITCHEN,fixed_furniture,"[2581.0,-5048.0,838.019364]","[2628.0,-4148.0,888.01931]","[47.0,900.0,49.999946]",,,,fixed_joinery_detail,existing_world_bbox_not_fabrication_dimension,existing_model_candidate,no,类型、KITCHEN 容器与 900×47×50 mm 条状几何共同识别为固定柜体五金,0.99,FURIFC-037,ifc_observed,existing,"[""IFC-FORMAL-001""]",1,0,Do not infer fabrication openings or service connection centres from this envelope.,60552c51c71de8e86f6a7f0b722cddbb901843b81ec8c5d56d52d659cb86b2a6
existing_object,I-501,3SN45IALL1se6tWUWfwjkR,IfcFurniture,Furniture,HD450,Handle L450,KITCHEN,fixed_furniture,"[2581.0,-4148.0,838.019364]","[2628.0,-3698.0,888.019306]","[47.0,450.0,49.999943]",,,,fixed_joinery_detail,existing_world_bbox_not_fabrication_dimension,existing_model_candidate,no,类型、KITCHEN 容器与 450×47×50 mm 条状几何共同识别为固定柜体五金,0.99,FURIFC-046,ifc_observed,existing,"[""IFC-FORMAL-001""]",1,0,Do not infer fabrication openings or service connection centres from this envelope.,60552c51c71de8e86f6a7f0b722cddbb901843b81ec8c5d56d52d659cb86b2a6
existing_object,I-501,0KOZ2zF5X9Nx_1fZfaon0m,IfcFurniture,Furniture,HD600,Handle D595 L600 H888,KITCHEN,fixed_furniture,"[822.0,-1424.0,657.009662]","[1422.0,-1377.0,707.009611]","[600.0,47.0,49.999949]",,,,fixed_joinery_detail,existing_world_bbox_not_fabrication_dimension,existing_model_candidate,no,类型、KITCHEN 容器与 600×47×50 mm 条状几何共同识别为固定柜体五金,0.99,FURIFC-009,ifc_observed,existing,"[""IFC-FORMAL-001""]",1,0,Do not infer fabrication openings or service connection centres from this envelope.,60552c51c71de8e86f6a7f0b722cddbb901843b81ec8c5d56d52d659cb86b2a6
existing_object,I-501,0EjdAJnV5AxxJ1FbxzQY3I,IfcFurniture,Furniture,HD600,Handle D595 L600 H888,KITCHEN,fixed_furniture,"[222.0,-1424.0,657.009662]","[822.0,-1377.0,707.009611]","[600.0,47.0,49.999949]",,,,fixed_joinery_detail,existing_world_bbox_not_fabrication_dimension,existing_model_candidate,no,类型、KITCHEN 容器与 600×47×50 mm 条状几何共同识别为固定柜体五金,0.99,FURIFC-009,ifc_observed,existing,"[""IFC-FORMAL-001""]",1,0,Do not infer fabrication openings or service connection centres from this envelope.,60552c51c71de8e86f6a7f0b722cddbb901843b81ec8c5d56d52d659cb86b2a6
existing_object,I-501,0tM_AFFsLCsfwouf4rVzw9,IfcFurniture,Furniture,HD600,Handle D595 L600 H888,KITCHEN,fixed_furniture,"[-378.0,-1424.0,657.009662]","[222.0,-1377.0,707.009611]","[600.0,47.0,49.999949]",,,,fixed_joinery_detail,existing_world_bbox_not_fabrication_dimension,existing_model_candidate,no,类型、KITCHEN 容器与 600×47×50 mm 条状几何共同识别为固定柜体五金,0.99,FURIFC-009,ifc_observed,existing,"[""IFC-FORMAL-001""]",1,0,Do not infer fabrication openings or service connection centres from this envelope.,60552c51c71de8e86f6a7f0b722cddbb901843b81ec8c5d56d52d659cb86b2a6
existing_object,I-501,0pXVcnUbz8VQurx0yCzZMi,IfcFurniture,Furniture,HD600,Handle D595 L600 H888,KITCHEN,fixed_furniture,"[-978.0,-1424.0,657.009662]","[-378.0,-1377.0,707.009611]","[600.0,47.0,49.999949]",,,,fixed_joinery_detail,existing_world_bbox_not_fabrication_dimension,existing_model_candidate,no,类型、KITCHEN 容器与 600×47×50 mm 条状几何共同识别为固定柜体五金,0.99,FURIFC-009,ifc_observed,existing,"[""IFC-FORMAL-001""]",1,0,Do not infer fabrication openings or service connection centres from this envelope.,60552c51c71de8e86f6a7f0b722cddbb901843b81ec8c5d56d52d659cb86b2a6
existing_object,I-501,3KK_SgXEX5zRUBrRmnKqCR,IfcFurniture,Furniture,HD600,Handle D595 L600 H888,KITCHEN,fixed_furniture,"[822.0,-2497.0,852.009662]","[1422.0,-2450.0,902.009611]","[600.0,47.0,49.999949]",,,,fixed_joinery_detail,existing_world_bbox_not_fabrication_dimension,existing_model_candidate,no,类型、KITCHEN 容器与 600×47×50 mm 条状几何共同识别为固定柜体五金,0.99,FURIFC-009,ifc_observed,existing,"[""IFC-FORMAL-001""]",1,0,Do not infer fabrication openings or service connection centres from this envelope.,60552c51c71de8e86f6a7f0b722cddbb901843b81ec8c5d56d52d659cb86b2a6
existing_object,I-501,1rEY33mWr2nxgCw3qNVY0n,IfcFurniture,Furniture,HD600,Handle D595 L600 H888,KITCHEN,fixed_furniture,"[222.0,-2497.0,852.009662]","[822.0,-2450.0,902.009611]","[600.0,47.0,49.999949]",,,,fixed_joinery_detail,existing_world_bbox_not_fabrication_dimension,existing_model_candidate,no,类型、KITCHEN 容器与 600×47×50 mm 条状几何共同识别为固定柜体五金,0.99,FURIFC-009,ifc_observed,existing,"[""IFC-FORMAL-001""]",1,0,Do not infer fabrication openings or service connection centres from this envelope.,60552c51c71de8e86f6a7f0b722cddbb901843b81ec8c5d56d52d659cb86b2a6
existing_object,I-501,1$8Qz3qyrCNh2OkNLTBz8K,IfcFurniture,Furniture,HD600,Handle D595 L600 H888,KITCHEN,fixed_furniture,"[-378.0,-2497.0,657.009663]","[222.0,-2450.0,707.009611]","[600.0,47.0,49.999949]",,,,fixed_joinery_detail,existing_world_bbox_not_fabrication_dimension,existing_model_candidate,no,类型、KITCHEN 容器与 600×47×50 mm 条状几何共同识别为固定柜体五金,0.99,FURIFC-009,ifc_observed,existing,"[""IFC-FORMAL-001""]",1,0,Do not infer fabrication openings or service connection centres from this envelope.,60552c51c71de8e86f6a7f0b722cddbb901843b81ec8c5d56d52d659cb86b2a6
existing_object,I-501,1OU00zHknFfQOKVh$gmE1r,IfcFurniture,Island,BD600P,Door Base D745 L600 H693,VVD,fixed_furniture,"[-378.002738,-2496.997731,14.0]","[221.997262,-1729.997731,707.0]","[600.0,767.0,693.0]",,,,fixed_joinery_detail,existing_world_bbox_not_fabrication_dimension,existing_model_candidate,no,类型与 VVD 中 600×767×693 mm 几何共同识别为岛台固定柜体单元,0.99,FURIFC-062,ifc_observed,existing,"[""IFC-FORMAL-001""]",1,0,Do not infer fabrication openings or service connection centres from this envelope.,60552c51c71de8e86f6a7f0b722cddbb901843b81ec8c5d56d52d659cb86b2a6
existing_object,I-501,3TzcgvX591BfiTgtWaS4C4,IfcFurniture,Furniture,HD600,Handle D595 L600 H888,KITCHEN,fixed_furniture,"[-978.0,-2497.0,657.009663]","[-378.0,-2450.0,707.009611]","[600.0,47.0,49.999949]",,,,fixed_joinery_detail,existing_world_bbox_not_fabrication_dimension,existing_model_candidate,no,类型、KITCHEN 容器与 600×47×50 mm 条状几何共同识别为固定柜体五金,0.99,FURIFC-009,ifc_observed,existing,"[""IFC-FORMAL-001""]",1,0,Do not infer fabrication openings or service connection centres from this envelope.,60552c51c71de8e86f6a7f0b722cddbb901843b81ec8c5d56d52d659cb86b2a6
existing_object,I-501,2Urz4772T2w8c8KKNtSUY2,IfcFurniture,Libelle L1300,Libelle,Libelle L1300,KITCHEN,fixed_furniture,"[-231.0,-3638.359638,0.0]","[1111.09524,-3300.875278,2399.929443]","[1342.09524,337.48436,2399.929443]",Baxter,Libelle,,fixed_joinery_detail,existing_world_bbox_not_fabrication_dimension,existing_model_candidate,no,IfcFurnitureType.SHELF、KITCHEN 容器与 1342×337×2400 mm 全高层架几何共同证明固定安装,0.99,FURIFC-027,ifc_observed,existing,"[""IFC-FORMAL-001""]",1,0,Do not infer fabrication openings or service connection centres from this envelope.,60552c51c71de8e86f6a7f0b722cddbb901843b81ec8c5d56d52d659cb86b2a6
existing_object,I-501,2PE$0_g2r8SRhDD21$0slH,IfcFurniture,Furniture,BN1200,D595 L1200 H888,KITCHEN,fixed_furniture,"[2581.0,-5048.0,0.0]","[3198.0,-3848.0,888.0]","[617.0,1200.0,888.0]",,,,fixed_joinery_detail,existing_world_bbox_not_fabrication_dimension,existing_model_candidate,no,类型与 KITCHEN 中 617×1200×888 mm 几何共同识别为固定地柜,0.99,FURIFC-033,ifc_observed,existing,"[""IFC-FORMAL-001""]",1,0,Do not infer fabrication openings or service connection centres from this envelope.,60552c51c71de8e86f6a7f0b722cddbb901843b81ec8c5d56d52d659cb86b2a6
existing_object,I-501,2Ow9_uborBZBD0$5xNeixV,IfcFurniture,Furniture,HD1200,Handle D595 L1200 H888,KITCHEN,fixed_furniture,"[2581.0,-5048.0,838.0]","[2628.0,-3848.0,888.0]","[47.0,1200.0,50.0]",,,,fixed_joinery_detail,existing_world_bbox_not_fabrication_dimension,existing_model_candidate,no,类型、KITCHEN 容器与 1200×47×50 mm 条状几何共同识别为固定柜体五金,0.99,FURIFC-008,ifc_observed,existing,"[""IFC-FORMAL-001""]",1,0,Do not infer fabrication openings or service connection centres from this envelope.,60552c51c71de8e86f6a7f0b722cddbb901843b81ec8c5d56d52d659cb86b2a6
existing_object,I-501,1W$zPXJs93UfXs41zQw4oi,IfcFurniture,VVD Island worktop board,,,VVD,fixed_furniture,"[-378.0,-1783.0,886.0]","[1422.0,-1377.0,902.0]","[1800.0,406.0,16.0]",,,,fixed_joinery_detail,existing_world_bbox_not_fabrication_dimension,existing_model_candidate,no,对象名 VVD Island worktop board 明确为岛台固定台面板,1.0,FURIFC-003,ifc_observed,existing,"[""IFC-FORMAL-001""]",1,0,Do not infer fabrication openings or service connection centres from this envelope.,60552c51c71de8e86f6a7f0b722cddbb901843b81ec8c5d56d52d659cb86b2a6
existing_object,I-501,34ibuNihL8HQ7qG1pk9Bvn,IfcFurniture,VVD Island Inner Sideboard,,,VVD,fixed_furniture,"[-394.0,-2497.0,767.0]","[-378.0,-1377.0,902.0]","[16.0,1120.0,135.0]",,,,fixed_joinery_detail,existing_world_bbox_not_fabrication_dimension,existing_model_candidate,no,对象名 VVD Island Inner Sideboard 明确为岛台固定侧板,1.0,FURIFC-002,ifc_observed,existing,"[""IFC-FORMAL-001""]",1,0,Do not infer fabrication openings or service connection centres from this envelope.,60552c51c71de8e86f6a7f0b722cddbb901843b81ec8c5d56d52d659cb86b2a6
existing_object,I-501,3weUZWAWv7_fzNorBDCdeL,IfcFurniture,Furniture,BW900,Bay Window D695 L900 H888,KITCHEN,fixed_furniture,"[-1369.747162,-5029.250122,0.0]","[-469.747162,-4312.250122,888.0]","[900.0,717.0,888.0]",,,,fixed_joinery_detail,existing_world_bbox_not_fabrication_dimension,existing_model_candidate,no,类型与 KITCHEN 中 900×717×888 mm 几何共同识别为固定地柜,0.99,FURIFC-051,ifc_observed,existing,"[""IFC-FORMAL-001""]",1,0,Do not infer fabrication openings or service connection centres from this envelope.,60552c51c71de8e86f6a7f0b722cddbb901843b81ec8c5d56d52d659cb86b2a6
existing_object,I-501,3W49YFIC1BfgfuUQBU6ylN,IfcFurniture,Furniture,BW1200,Bay Window D695 L1200 H888,KITCHEN,fixed_furniture,"[-2569.74704,-5029.250473,0.0]","[-1369.74704,-4312.250473,888.0]","[1200.0,717.0,888.0]",,,,fixed_joinery_detail,existing_world_bbox_not_fabrication_dimension,existing_model_candidate,no,类型与 KITCHEN 中 1200×717×888 mm 几何共同识别为固定地柜,0.99,FURIFC-057,ifc_observed,existing,"[""IFC-FORMAL-001""]",1,0,Do not infer fabrication openings or service connection centres from this envelope.,60552c51c71de8e86f6a7f0b722cddbb901843b81ec8c5d56d52d659cb86b2a6
existing_object,I-501,02IFRV8lH2DOUrX4F4N2rR,IfcFurniture,Furniture,HD900,Handle L900,KITCHEN,fixed_furniture,"[-1320.0,-4359.0,838.019364]","[-420.0,-4312.0,888.01931]","[900.0,47.0,49.999946]",,,,fixed_joinery_detail,existing_world_bbox_not_fabrication_dimension,existing_model_candidate,no,类型、KITCHEN 容器与 900×47×50 mm 条状几何共同识别为固定柜体五金,0.99,FURIFC-037,ifc_observed,existing,"[""IFC-FORMAL-001""]",1,0,Do not infer fabrication openings or service connection centres from this envelope.,60552c51c71de8e86f6a7f0b722cddbb901843b81ec8c5d56d52d659cb86b2a6
existing_object,I-501,0g9nlU$MjAMRCzhYImmt98,IfcFurniture,Furniture,HD1200,Handle D595 L1200 H888,KITCHEN,fixed_furniture,"[-2520.0,-4359.0,838.0]","[-1320.0,-4312.0,888.0]","[1200.0,47.0,50.0]",,,,fixed_joinery_detail,existing_world_bbox_not_fabrication_dimension,existing_model_candidate,no,类型、KITCHEN 容器与 1200×47×50 mm 条状几何共同识别为固定柜体五金,0.99,FURIFC-008,ifc_observed,existing,"[""IFC-FORMAL-001""]",1,0,Do not infer fabrication openings or service connection centres from this envelope.,60552c51c71de8e86f6a7f0b722cddbb901843b81ec8c5d56d52d659cb86b2a6
existing_object,I-504,1i_pqgLv9A7uuV7MjaArBW,IfcFurniture,Furniture,BED02,VIKTOR 162x234xh106,BEDG,loose_furniture,"[-4727.516523,1503.719994,10.0]","[-2323.498823,3179.430931,1117.145996]","[2404.0177,1675.710938,1107.145996]",,,,clearance_context_only,existing_world_bbox_not_fabrication_dimension,existing_model_candidate,no,assigned IfcFurnitureType.PredefinedType explicitly identifies BED; no fixed installation anchor is required,1.0,FURIFC-025,ifc_observed,existing,"[""IFC-FORMAL-001""]",0,0,Do not infer fabrication openings or service connection centres from this envelope.,60552c51c71de8e86f6a7f0b722cddbb901843b81ec8c5d56d52d659cb86b2a6
existing_object,I-504,3l2Ji4k2H9oOTDGWYUq7uV,IfcFurniture,Furniture,Marilyn 01,Bergère armchair with swivel base W86D100H78,LIVING,loose_furniture,"[4392.775146,1948.114105,14.074979]","[5269.950104,2962.02597,984.551941]","[877.174957,1013.911865,970.476962]",,,,clearance_context_only,existing_world_bbox_not_fabrication_dimension,existing_model_candidate,no,assigned IfcFurnitureType.PredefinedType explicitly identifies SOFA; no fixed installation anchor is required,1.0,FURIFC-034,ifc_observed,existing,"[""IFC-FORMAL-001""]",0,0,Do not infer fabrication openings or service connection centres from this envelope.,60552c51c71de8e86f6a7f0b722cddbb901843b81ec8c5d56d52d659cb86b2a6
existing_object,I-501,0UOnmuAdP1MPy6p3olwiEU,IfcElectricAppliance,ElectricAppliance,WD01,Water Dispenser,VVD,fixed_equipment,"[2587.75252,-2658.406678,970.0]","[3137.758525,-2094.400949,1420.0]","[550.006005,564.005728,450.0]",,,,equipment_envelope_coordination,existing_world_bbox_not_fabrication_dimension,existing_model_candidate,no,Exact IFC GlobalId and assigned type preserve the existing equipment identity.,1.0,ELECIFC-003,ifc_observed,existing,"[""IFC-FORMAL-001""]",0,0,Do not infer fabrication openings or service connection centres from this envelope.,60552c51c71de8e86f6a7f0b722cddbb901843b81ec8c5d56d52d659cb86b2a6
existing_object,I-501,288GLY62v8kPPydA1lAK8W,IfcElectricAppliance,ElectricAppliance,HD01,Siemens LS35S6VC9W,ELEC,fixed_equipment,"[2835.195332,-4915.439205,1437.0]","[3180.195332,-4020.439236,2310.0]","[345.0,894.999969,873.0]",,,,equipment_envelope_coordination,existing_world_bbox_not_fabrication_dimension,existing_model_candidate,no,Exact IFC GlobalId and assigned type preserve the existing equipment identity.,1.0,APP-013,confirmed,purchased_arrived,"[""APP-013-PHOTO-001"",""APP-013-PHOTO-002"",""APP-013-OFFICIAL-001""]",17,0,Do not infer fabrication openings or service connection centres from this envelope.,60552c51c71de8e86f6a7f0b722cddbb901843b81ec8c5d56d52d659cb86b2a6
existing_object,I-501,3PQOXKxgj6IftqWXFXMQXG,IfcElectricAppliance,ElectricAppliance,OV01,Oven,VVD,fixed_equipment,"[2587.755396,-2658.407146,370.0]","[3129.755526,-2094.407146,970.0]","[542.00013,564.0,600.0]",,,,equipment_envelope_coordination,existing_world_bbox_not_fabrication_dimension,existing_model_candidate,no,Exact IFC GlobalId and assigned type preserve the existing equipment identity.,1.0,APP-011,confirmed,purchased_arrived,"[""APP-011-PHOTO-001"",""APP-011-OFFICIAL-001""]",18,0,Do not infer fabrication openings or service connection centres from this envelope.,60552c51c71de8e86f6a7f0b722cddbb901843b81ec8c5d56d52d659cb86b2a6
existing_object,I-501,1$3UG05MPFmumejbg1KJ$I,IfcSanitaryTerminal,SanitaryTerminal,FAU01,Gessi316 Pro Faucet 60014,VVD,fixed_sanitary_fixture,"[-101.599705,-2172.789981,962.0]","[-9.451841,-1905.473208,1438.694641]","[92.147863,267.316772,476.694641]",,,,kitchen_fixture_envelope_coordination,existing_world_bbox_not_fabrication_dimension,existing_model_candidate,no,Exact IFC GlobalId and assigned sanitary type preserve the existing fixture identity.,1.0,SAN-004,ifc_observed,existing,"[""IFC-FORMAL-001""]",0,0,Do not infer fabrication openings or service connection centres from this envelope.,60552c51c71de8e86f6a7f0b722cddbb901843b81ec8c5d56d52d659cb86b2a6
existing_object,I-501,2C9JmXaZXCX9I$vMds4lYK,IfcSanitaryTerminal,Island,SIN01,Sink D745 L600,VVD,fixed_sanitary_fixture,"[-377.8234,-2500.455155,706.988647]","[222.1766,-2000.455094,976.989014]","[600.0,500.000061,270.000366]",,,,kitchen_fixture_envelope_coordination,existing_world_bbox_not_fabrication_dimension,existing_model_candidate,no,Exact IFC GlobalId and assigned sanitary type preserve the existing fixture identity.,1.0,SAN-022,ifc_observed,existing,"[""IFC-FORMAL-001""]",0,0,Do not infer fabrication openings or service connection centres from this envelope.,60552c51c71de8e86f6a7f0b722cddbb901843b81ec8c5d56d52d659cb86b2a6
existing_object,I-501,2Ca2tGerPBj8kvUTjlUtDl,IfcWall,厨房移门门垛墙,,,KITCHEN,fixed_context,"[2550.0,-3832.0,0.0]","[3200.0,-3678.0,2400.0]","[650.0,154.0,2400.0]",,,,kitchen_joinery_context,existing_world_bbox_not_fabrication_dimension,existing_model_candidate,no,Previously confirmed kitchen pier or cabinet assembly identity; world geometry is read only.,1.0,,,,[],0,0,Do not infer fabrication openings or service connection centres from this envelope.,60552c51c71de8e86f6a7f0b722cddbb901843b81ec8c5d56d52d659cb86b2a6
existing_object,I-501,3NIZVJBir6rQlVwhKs84Ca,IfcElementAssembly,Cabinet,,,VVD,fixed_context,"[2537.499972,-3682.000046,0.0]","[3182.899902,-1400.001778,2383.0]","[645.39993,2281.998268,2383.0]",,,,kitchen_joinery_context,existing_world_bbox_not_fabrication_dimension,existing_model_candidate,no,Previously confirmed kitchen pier or cabinet assembly identity; world geometry is read only.,1.0,,,,[],0,0,Do not infer fabrication openings or service connection centres from this envelope.,60552c51c71de8e86f6a7f0b722cddbb901843b81ec8c5d56d52d659cb86b2a6
existing_object,I-502,36ZX3QPyD7SvlXsDKMP8rY,IfcSanitaryTerminal,SanitaryTerminal,FAU02,Falper SORGENTE Faucet,BATHG,fixed_sanitary_fixture,"[-459.035111,79.973795,10.151566]","[-279.797299,259.211817,1111.437211]","[179.237812,179.238023,1101.285645]",,,,bathroom_fixture_envelope_coordination,existing_world_bbox_not_fabrication_dimension,existing_model_candidate,no,Existing assigned sanitary type is retained for grouping; it does not prove rough-in centres.,0.8,SAN-005,ifc_observed,existing,"[""IFC-FORMAL-001""]",0,0,Do not infer fabrication openings or service connection centres from this envelope.,60552c51c71de8e86f6a7f0b722cddbb901843b81ec8c5d56d52d659cb86b2a6
existing_object,I-502,245NU$zZL0d9tYTVwwBdk$,IfcSanitaryTerminal,SanitaryTerminal,Gessi316 54038,"External parts wall-mounted for shower mixer, two-way, diverter, water outlet, handshower hook",BATHG,fixed_sanitary_fixture,"[-1839.811683,1707.326126,756.56366]","[-1741.11666,1972.673096,1418.471786]","[98.695023,265.34697,661.908127]",,,,bathroom_fixture_envelope_coordination,existing_world_bbox_not_fabrication_dimension,existing_model_candidate,no,Existing assigned sanitary type is retained for grouping; it does not prove rough-in centres.,0.8,SAN-020,ifc_observed,existing,"[""IFC-FORMAL-001""]",0,0,Do not infer fabrication openings or service connection centres from this envelope.,60552c51c71de8e86f6a7f0b722cddbb901843b81ec8c5d56d52d659cb86b2a6
existing_object,I-502,3jT4sCgpHC98VSIUdGUNYH,IfcSanitaryTerminal,SanitaryTerminal,Gessi316 54145,Wall-mounted adjustable headshower Ø300,BATHG,fixed_sanitary_fixture,"[-1778.874874,1690.181168,2121.92556]","[-1179.05621,1990.0,2241.0]","[599.818665,299.818832,119.07444]",,,,bathroom_fixture_envelope_coordination,existing_world_bbox_not_fabrication_dimension,existing_model_candidate,no,Existing assigned sanitary type is retained for grouping; it does not prove rough-in centres.,0.8,SAN-016,ifc_observed,existing,"[""IFC-FORMAL-001""]",0,0,Do not infer fabrication openings or service connection centres from this envelope.,60552c51c71de8e86f6a7f0b722cddbb901843b81ec8c5d56d52d659cb86b2a6
existing_object,I-502,1rhZG98PPCSxaLeMFLTYb9,IfcSanitaryTerminal,SanitaryTerminal,Geberit 146.140,"AquaClean Sela WC, wall-hung",WC,fixed_sanitary_fixture,"[-1095.642014,2575.143311,71.547104]","[-517.887986,2960.857574,515.782043]","[577.754028,385.714264,444.23494]",,,,bathroom_fixture_envelope_coordination,existing_world_bbox_not_fabrication_dimension,existing_model_candidate,no,Existing assigned sanitary type is retained for grouping; it does not prove rough-in centres.,0.8,SAN-006,ifc_observed,existing,"[""IFC-FORMAL-001""]",0,0,Do not infer fabrication openings or service connection centres from this envelope.,60552c51c71de8e86f6a7f0b722cddbb901843b81ec8c5d56d52d659cb86b2a6
existing_object,I-502,3hgNkx97vCTOC2eewCpMNk,IfcSanitaryTerminal,SanitaryTerminal,Geberit Duofix Sigma,H112cm D12 cm,WC,fixed_sanitary_fixture,"[-680.386322,2518.0,-80.0]","[-358.702973,3018.411011,1134.988281]","[321.68335,500.411011,1214.988281]",,,,bathroom_fixture_envelope_coordination,existing_world_bbox_not_fabrication_dimension,existing_model_candidate,no,Existing assigned sanitary type is retained for grouping; it does not prove rough-in centres.,0.8,SAN-014,ifc_observed,existing,"[""IFC-FORMAL-001""]",0,0,Do not infer fabrication openings or service connection centres from this envelope.,60552c51c71de8e86f6a7f0b722cddbb901843b81ec8c5d56d52d659cb86b2a6
existing_object,I-502,2gFgcOYEXEaQWAzcKulTFt,IfcSanitaryTerminal,SanitaryTerminal,Geberit 115.770,Sigma01 gr_kl_ spoeling,WC,fixed_sanitary_fixture,"[-577.44511,2641.0,914.910217]","[-565.0,2895.0,1085.089783]","[12.44511,254.0,170.179565]",,,,bathroom_fixture_envelope_coordination,existing_world_bbox_not_fabrication_dimension,semantic_correction_required_flush_plate_not_wcseat,no,Existing assigned sanitary type is retained for grouping; it does not prove rough-in centres.,0.8,SAN-003,ifc_observed,existing,"[""IFC-FORMAL-001""]",0,0,Do not infer fabrication openings or service connection centres from this envelope.,60552c51c71de8e86f6a7f0b722cddbb901843b81ec8c5d56d52d659cb86b2a6
existing_object,I-502,350tdaubr8QP3Cu2YMQZIN,IfcSanitaryTerminal,SanitaryTerminal,BS01,Falper SORGENTE,BATHG,fixed_sanitary_fixture,"[-801.30084,98.52095,10.076733]","[-298.342268,601.479523,913.683544]","[502.958572,502.958572,903.606812]",,,,bathroom_fixture_envelope_coordination,existing_world_bbox_not_fabrication_dimension,existing_model_candidate,no,Existing assigned sanitary type is retained for grouping; it does not prove rough-in centres.,0.8,SAN-018,ifc_observed,existing,"[""IFC-FORMAL-001""]",0,0,Do not infer fabrication openings or service connection centres from this envelope.,60552c51c71de8e86f6a7f0b722cddbb901843b81ec8c5d56d52d659cb86b2a6
existing_object,I-502,0UtU7yPb10ku4gsbGoM_sp,IfcSanitaryTerminal,SanitaryTerminal,Geberit 146.140,"AquaClean Sela WC, wall-hung",WC,fixed_sanitary_fixture,"[-6125.707531,2052.302528,81.547104]","[-5547.953503,2438.016792,525.782043]","[577.754028,385.714264,444.23494]",,,,bathroom_fixture_envelope_coordination,existing_world_bbox_not_fabrication_dimension,existing_model_candidate,no,Existing assigned sanitary type is retained for grouping; it does not prove rough-in centres.,0.8,SAN-006,ifc_observed,existing,"[""IFC-FORMAL-001""]",0,0,Do not infer fabrication openings or service connection centres from this envelope.,60552c51c71de8e86f6a7f0b722cddbb901843b81ec8c5d56d52d659cb86b2a6
existing_object,I-502,2lDPsdQevFSfeOThtjSlPG,IfcSanitaryTerminal,SanitaryTerminal,Geberit 115.770,Sigma01 gr_kl_ spoeling,WC,fixed_sanitary_fixture,"[-6078.0,2118.0,924.910217]","[-6065.55489,2372.0,1095.089783]","[12.44511,254.0,170.179565]",,,,bathroom_fixture_envelope_coordination,existing_world_bbox_not_fabrication_dimension,semantic_correction_required_flush_plate_not_wcseat,no,Existing assigned sanitary type is retained for grouping; it does not prove rough-in centres.,0.8,SAN-003,ifc_observed,existing,"[""IFC-FORMAL-001""]",0,0,Do not infer fabrication openings or service connection centres from this envelope.,60552c51c71de8e86f6a7f0b722cddbb901843b81ec8c5d56d52d659cb86b2a6
existing_object,I-502,3pvAlH5C14v8uVEJ1LmK8M,IfcSanitaryTerminal,SanitaryTerminal,Geberit Duofix Sigma,H112cm D12 cm,WC,fixed_sanitary_fixture,"[-6284.892544,1994.749092,-70.0]","[-5963.209194,2495.160103,1144.988281]","[321.68335,500.411011,1214.988281]",,,,bathroom_fixture_envelope_coordination,existing_world_bbox_not_fabrication_dimension,existing_model_candidate,no,Existing assigned sanitary type is retained for grouping; it does not prove rough-in centres.,0.8,SAN-014,ifc_observed,existing,"[""IFC-FORMAL-001""]",0,0,Do not infer fabrication openings or service connection centres from this envelope.,60552c51c71de8e86f6a7f0b722cddbb901843b81ec8c5d56d52d659cb86b2a6
existing_object,I-502,1sgpvCENf4xQiaypKWW2JC,IfcSanitaryTerminal,SanitaryTerminal,Gessi316 54038,"External parts wall-mounted for shower mixer, two-way, diverter, water outlet, handshower hook",BATHM,fixed_sanitary_fixture,"[-5019.4547,817.326904,756.56366]","[-4920.759678,1082.673874,1418.471786]","[98.695023,265.34697,661.908127]",,,,bathroom_fixture_envelope_coordination,existing_world_bbox_not_fabrication_dimension,existing_model_candidate,no,Existing assigned sanitary type is retained for grouping; it does not prove rough-in centres.,0.8,SAN-020,ifc_observed,existing,"[""IFC-FORMAL-001""]",0,0,Do not infer fabrication openings or service connection centres from this envelope.,60552c51c71de8e86f6a7f0b722cddbb901843b81ec8c5d56d52d659cb86b2a6
existing_object,I-502,39j3ZGWibC9OzRnhnTZwHN,IfcSanitaryTerminal,SanitaryTerminal,BATH01,Gavin Floating L160 HI420,BATHM,fixed_sanitary_fixture,"[-6457.242107,150.0,10.0]","[-5757.242107,1850.0,530.0]","[700.0,1700.0,520.0]",,,,bathroom_fixture_envelope_coordination,existing_world_bbox_not_fabrication_dimension,existing_model_candidate,no,Existing assigned sanitary type is retained for grouping; it does not prove rough-in centres.,0.8,SAN-009,ifc_observed,existing,"[""IFC-FORMAL-001""]",0,0,Do not infer fabrication openings or service connection centres from this envelope.,60552c51c71de8e86f6a7f0b722cddbb901843b81ec8c5d56d52d659cb86b2a6
existing_object,I-502,2iKOL78$H0N9Yd9$ky3pW4,IfcSanitaryTerminal,SanitaryTerminal,Gessi316 54294,"External parts three-holes basin mixer with long spout, without waste.",BATHM,fixed_sanitary_fixture,"[-6479.816093,770.544022,674.659359]","[-6276.94865,1129.455658,742.0]","[202.867443,358.911636,67.340641]",,,,bathroom_fixture_envelope_coordination,existing_world_bbox_not_fabrication_dimension,existing_model_candidate,no,Existing assigned sanitary type is retained for grouping; it does not prove rough-in centres.,0.8,SAN-012,ifc_observed,existing,"[""IFC-FORMAL-001""]",0,0,Do not infer fabrication openings or service connection centres from this envelope.,60552c51c71de8e86f6a7f0b722cddbb901843b81ec8c5d56d52d659cb86b2a6
existing_object,I-502,1jM_suNMPAw8_nvZejQSnp,IfcSanitaryTerminal,SanitaryTerminal,Gessi316 54093,High spout basin,BATHM,fixed_sanitary_fixture,"[-6291.28924,-912.487488,832.749971]","[-6242.314297,-722.206055,1105.953094]","[48.974943,190.281433,273.203123]",,,,bathroom_fixture_envelope_coordination,existing_world_bbox_not_fabrication_dimension,existing_model_candidate,no,Existing assigned sanitary type is retained for grouping; it does not prove rough-in centres.,0.8,SAN-010,ifc_observed,existing,"[""IFC-FORMAL-001""]",0,0,Do not infer fabrication openings or service connection centres from this envelope.,60552c51c71de8e86f6a7f0b722cddbb901843b81ec8c5d56d52d659cb86b2a6
existing_object,I-502,1u997JrDbByeKqbJ6ku8GF,IfcSanitaryTerminal,SanitaryTerminal,Gessi316 54205,Separate control,BATHM,fixed_sanitary_fixture,"[-6191.498644,-912.696655,834.0]","[-6142.105358,-808.891182,899.663437]","[49.393286,103.805473,65.663437]",,,,bathroom_fixture_envelope_coordination,existing_world_bbox_not_fabrication_dimension,existing_model_candidate,no,Existing assigned sanitary type is retained for grouping; it does not prove rough-in centres.,0.8,SAN-015,ifc_observed,existing,"[""IFC-FORMAL-001""]",0,0,Do not infer fabrication openings or service connection centres from this envelope.,60552c51c71de8e86f6a7f0b722cddbb901843b81ec8c5d56d52d659cb86b2a6
existing_object,I-502,1FgLPMw$5B4wBH2ySMkXE1,IfcSanitaryTerminal,SanitaryTerminal,STREET,antoniolupi street240 prof. 40 + street4054 prof. 40,BATHM,fixed_sanitary_fixture,"[-6496.811535,-1048.0,659.0]","[-6026.811535,-48.0,909.0]","[470.0,1000.0,250.0]",,,,bathroom_fixture_envelope_coordination,existing_world_bbox_not_fabrication_dimension,existing_model_candidate,no,Existing assigned sanitary type is retained for grouping; it does not prove rough-in centres.,0.8,SAN-021,ifc_observed,existing,"[""IFC-FORMAL-001""]",0,0,Do not infer fabrication openings or service connection centres from this envelope.,60552c51c71de8e86f6a7f0b722cddbb901843b81ec8c5d56d52d659cb86b2a6
existing_object,I-502,2YnGmmoYbF28Vy25$aNKT8,IfcSanitaryTerminal,SanitaryTerminal,PANTA REI,PA2108,BATHM,fixed_sanitary_fixture,"[-6366.811535,-1048.0,409.0]","[-6026.811535,-48.0,659.0]","[340.0,1000.0,250.0]",,,,bathroom_fixture_envelope_coordination,existing_world_bbox_not_fabrication_dimension,existing_model_candidate,no,Existing assigned sanitary type is retained for grouping; it does not prove rough-in centres.,0.8,SAN-013,ifc_observed,existing,"[""IFC-FORMAL-001""]",0,0,Do not infer fabrication openings or service connection centres from this envelope.,60552c51c71de8e86f6a7f0b722cddbb901843b81ec8c5d56d52d659cb86b2a6
existing_object,I-502,2ajpw0I9n1dBypfISg3ejX,IfcSanitaryTerminal,SanitaryTerminal,STREET-H,Sink holder,BATHM,fixed_sanitary_fixture,"[-6496.801853,-198.0,714.0]","[-6196.801853,-48.0,814.0]","[300.0,150.0,100.0]",,,,bathroom_fixture_envelope_coordination,existing_world_bbox_not_fabrication_dimension,existing_model_candidate,no,Existing assigned sanitary type is retained for grouping; it does not prove rough-in centres.,0.8,SAN-017,ifc_observed,existing,"[""IFC-FORMAL-001""]",0,0,Do not infer fabrication openings or service connection centres from this envelope.,60552c51c71de8e86f6a7f0b722cddbb901843b81ec8c5d56d52d659cb86b2a6
existing_object,I-502,3PRBtW00j1D8r2Or5PTFdh,IfcSanitaryTerminal,SanitaryTerminal,STREET-H,Sink holder,BATHM,fixed_sanitary_fixture,"[-6496.801853,-998.0,714.0]","[-6196.801853,-848.0,814.0]","[300.0,150.0,100.0]",,,,bathroom_fixture_envelope_coordination,existing_world_bbox_not_fabrication_dimension,existing_model_candidate,no,Existing assigned sanitary type is retained for grouping; it does not prove rough-in centres.,0.8,SAN-017,ifc_observed,existing,"[""IFC-FORMAL-001""]",0,0,Do not infer fabrication openings or service connection centres from this envelope.,60552c51c71de8e86f6a7f0b722cddbb901843b81ec8c5d56d52d659cb86b2a6
existing_object,I-502,2Ak2ma0lvBEA49UpplzUqi,IfcSanitaryTerminal,SanitaryTerminal,TRAP01,Space Saving Dip Tube Trap,BATHM,fixed_sanitary_fixture,"[-6447.811604,-588.268143,515.500046]","[-6195.309025,-511.727169,707.440025]","[252.502579,76.540974,191.93998]",,,,bathroom_fixture_envelope_coordination,existing_world_bbox_not_fabrication_dimension,existing_model_candidate,no,Existing assigned sanitary type is retained for grouping; it does not prove rough-in centres.,0.8,SAN-008,ifc_observed,existing,"[""IFC-FORMAL-001""]",0,0,Do not infer fabrication openings or service connection centres from this envelope.,60552c51c71de8e86f6a7f0b722cddbb901843b81ec8c5d56d52d659cb86b2a6
existing_object,I-502,04DLh1Jk9Dcu9ibcaE0id8,IfcSanitaryTerminal,SanitaryTerminal,Gessi316 54146,Ceiling-mounted adjustable headshower Ø300,BATHM,fixed_sanitary_fixture,"[-5450.668716,800.027542,2135.525122]","[-5150.668716,1099.972458,2414.896362]","[300.0,299.944916,279.371241]",,,,bathroom_fixture_envelope_coordination,existing_world_bbox_not_fabrication_dimension,existing_model_candidate,no,Existing assigned sanitary type is retained for grouping; it does not prove rough-in centres.,0.8,SAN-002,ifc_observed,existing,"[""IFC-FORMAL-001""]",0,0,Do not infer fabrication openings or service connection centres from this envelope.,60552c51c71de8e86f6a7f0b722cddbb901843b81ec8c5d56d52d659cb86b2a6
existing_object,I-502,14EazrLgP8whYZWY_yCuKy,IfcSanitaryTerminal,SanitaryTerminal,Geberit 154.154.00,"Installation set for CleanLine shower channel, for screed height at inlet 90–220 mm",BATHM,fixed_sanitary_fixture,"[-6170.591496,885.0,-124.740021]","[-5808.891472,1015.0,-34.740005]","[361.700024,130.0,90.000015]",,,,bathroom_fixture_envelope_coordination,existing_world_bbox_not_fabrication_dimension,existing_model_candidate,no,Existing assigned sanitary type is retained for grouping; it does not prove rough-in centres.,0.8,SAN-019,ifc_observed,existing,"[""IFC-FORMAL-001""]",0,0,Do not infer fabrication openings or service connection centres from this envelope.,60552c51c71de8e86f6a7f0b722cddbb901843b81ec8c5d56d52d659cb86b2a6
existing_object,I-502,2jjNIn9gHBYwNSWwlM5T_i,IfcSanitaryTerminal,SanitaryTerminal,Geberit 154.154.00.1.F,"Flange for CleanLine shower channel, for screed height at inlet 90–220 mm",BATHM,fixed_sanitary_fixture,"[-5901.241154,845.0,-121.356903]","[-5813.241154,1055.0,-16.356905]","[88.0,210.0,104.999998]",,,,bathroom_fixture_envelope_coordination,existing_world_bbox_not_fabrication_dimension,existing_model_candidate,no,Existing assigned sanitary type is retained for grouping; it does not prove rough-in centres.,0.8,SAN-011,ifc_observed,existing,"[""IFC-FORMAL-001""]",0,0,Do not infer fabrication openings or service connection centres from this envelope.,60552c51c71de8e86f6a7f0b722cddbb901843b81ec8c5d56d52d659cb86b2a6
existing_object,I-502,2S2c498tb7$gzdukjhCGVQ,IfcSanitaryTerminal,SanitaryTerminal,Geberit 154.446.KS.1,CleanLine50 shower channel L90cm,BATHM,fixed_sanitary_fixture,"[-5894.730499,500.0,-30.499996]","[-5819.741863,1400.0,20.0]","[74.988636,900.0,50.499996]",,,,bathroom_fixture_envelope_coordination,existing_world_bbox_not_fabrication_dimension,existing_model_candidate,no,Existing assigned sanitary type is retained for grouping; it does not prove rough-in centres.,0.8,SAN-001,ifc_observed,existing,"[""IFC-FORMAL-001""]",0,0,Do not infer fabrication openings or service connection centres from this envelope.,60552c51c71de8e86f6a7f0b722cddbb901843b81ec8c5d56d52d659cb86b2a6
existing_object,I-502,3ErNe1i1TCsQ3xogoRbN2S,IfcSanitaryTerminal,SanitaryTerminal,Geberit 154.154.00.1.C,"Cover for CleanLine shower channel, for screed height at inlet 90–220 mm",BATHM,fixed_sanitary_fixture,"[-5927.241154,817.500031,-16.356905]","[-5787.241154,1082.500061,13.643095]","[140.0,265.000031,30.0]",,,,bathroom_fixture_envelope_coordination,existing_world_bbox_not_fabrication_dimension,existing_model_candidate,no,Existing assigned sanitary type is retained for grouping; it does not prove rough-in centres.,0.8,SAN-007,ifc_observed,existing,"[""IFC-FORMAL-001""]",0,0,Do not infer fabrication openings or service connection centres from this envelope.,60552c51c71de8e86f6a7f0b722cddbb901843b81ec8c5d56d52d659cb86b2a6
existing_object,I-502,3IVqCnhGr51hY4LrOq_5G_,IfcWasteTerminal,JingAn Linear Shower Channel,,,BEDG,fixed_waste_terminal,"[-333.188176,8480.355263,-20.0]","[866.811824,8535.355263,9.0]","[1200.0,55.0,29.0]",,,,bathroom_drain_envelope_coordination,existing_world_bbox_not_fabrication_dimension,existing_model_candidate,no,Existing waste-terminal identity and world geometry; connection centres remain unconfirmed.,0.8,WASTE-001,ifc_observed,existing,"[""IFC-FORMAL-001""]",0,0,Do not infer fabrication openings or service connection centres from this envelope.,60552c51c71de8e86f6a7f0b722cddbb901843b81ec8c5d56d52d659cb86b2a6
existing_object,I-502,0ZdhupFgf4tAoahLHQRjBq,IfcWasteTerminal,JingAn Linear Shower Channel Aqura,,,BATHG,fixed_waste_terminal,"[-1799.897861,2074.592056,-83.0]","[-199.897861,2194.592056,-11.0]","[1600.0,120.0,72.0]",,,,bathroom_drain_envelope_coordination,existing_world_bbox_not_fabrication_dimension,existing_model_candidate,no,Existing waste-terminal identity and world geometry; connection centres remain unconfirmed.,0.8,WASTE-002,ifc_observed,existing,"[""IFC-FORMAL-001""]",0,0,Do not infer fabrication openings or service connection centres from this envelope.,60552c51c71de8e86f6a7f0b722cddbb901843b81ec8c5d56d52d659cb86b2a6
existing_object,I-502,2sZvyk$8b2IRSOnE23XQTH,IfcWasteTerminal,JingAn Linear Shower Channel Aqura,,,BATHM,fixed_waste_terminal,"[-6502.517223,1782.607949,-93.0]","[-4902.517223,1902.607949,-21.0]","[1600.0,120.0,72.0]",,,,bathroom_drain_envelope_coordination,existing_world_bbox_not_fabrication_dimension,existing_model_candidate,no,Existing waste-terminal identity and world geometry; connection centres remain unconfirmed.,0.8,WASTE-002,ifc_observed,existing,"[""IFC-FORMAL-001""]",0,0,Do not infer fabrication openings or service connection centres from this envelope.,60552c51c71de8e86f6a7f0b722cddbb901843b81ec8c5d56d52d659cb86b2a6
existing_object,I-502,04rs0EDjn2EvxytEQSxWRB,IfcWall,Wall,WAL170,计划采用快装龙骨墙；完成面总厚度 170 mm；具体板材、龙骨、填充、防水与加固层次待深化确认,NBW,fixed_context,"[-6500.0,-70.0,0.0]","[-6020.0,100.0,2480.0]","[480.0,170.0,2480.0]",,,,bathroom_wall_or_depressed_slab_context,existing_world_bbox_not_fabrication_dimension,existing_model_candidate,no,Previously confirmed bathroom wall or 50 mm depressed-slab context.,1.0,,,,[],0,0,Do not infer fabrication openings or service connection centres from this envelope.,60552c51c71de8e86f6a7f0b722cddbb901843b81ec8c5d56d52d659cb86b2a6
existing_object,I-502,1UixnpnQb97wuNAGrTmMJd,IfcSlab,Slab,CAS130,卫生间沉箱,FFL,fixed_context,"[-6699.898529,200.158879,-550.0]","[-4899.898529,1800.158879,0.0]","[1800.0,1600.0,550.0]",,,,bathroom_wall_or_depressed_slab_context,existing_world_bbox_not_fabrication_dimension,existing_model_candidate,no,Previously confirmed bathroom wall or 50 mm depressed-slab context.,1.0,,,,[],0,0,Do not infer fabrication openings or service connection centres from this envelope.,60552c51c71de8e86f6a7f0b722cddbb901843b81ec8c5d56d52d659cb86b2a6
existing_object,I-502,3ARl_CqPrCWQrA6_$W073W,IfcSlab,Slab,CAS130,卫生间沉箱,FFL,fixed_context,"[-1799.839735,200.125742,-553.672656]","[0.160265,2400.125742,-3.672656]","[1800.0,2200.0,550.0]",,,,bathroom_wall_or_depressed_slab_context,existing_world_bbox_not_fabrication_dimension,existing_model_candidate,no,Previously confirmed bathroom wall or 50 mm depressed-slab context.,1.0,,,,[],0,0,Do not infer fabrication openings or service connection centres from this envelope.,60552c51c71de8e86f6a7f0b722cddbb901843b81ec8c5d56d52d659cb86b2a6
existing_object,I-502,3jha5L04zBjh0$pMl_tHLy,IfcWall,Wall,WAL170,计划采用快装龙骨墙；完成面总厚度 170 mm；具体板材、龙骨、填充、防水与加固层次待深化确认,NBW,fixed_context,"[-6500.0,-1200.0,0.0]","[-6020.0,-1030.0,2480.0]","[480.0,170.0,2480.0]",,,,bathroom_wall_or_depressed_slab_context,existing_world_bbox_not_fabrication_dimension,existing_model_candidate,no,Previously confirmed bathroom wall or 50 mm depressed-slab context.,1.0,,,,[],0,0,Do not infer fabrication openings or service connection centres from this envelope.,60552c51c71de8e86f6a7f0b722cddbb901843b81ec8c5d56d52d659cb86b2a6
existing_object,I-503,3JAkt8PsX7vPfGKWLK5EKp,IfcBuildingElementProxy,LG WashTower,,FN23BQH W600D660H1655,ELEC,fixed_equipment,"[50.0,-4527.714157,0.0]","[710.0,-3927.714157,1655.0]","[660.0,600.0,1655.0]",,,,laundry_equipment_envelope_coordination,existing_world_bbox_not_fabrication_dimension,existing_model_candidate,no,"Exact IFC GlobalId, LG WashTower name and existing description preserve the current model identity.",1.0,APP-017,pending,not_selected,"[""IFC-FORMAL-001""]",6,1,Do not infer fabrication openings or service connection centres from this envelope.,60552c51c71de8e86f6a7f0b722cddbb901843b81ec8c5d56d52d659cb86b2a6
blocker,I-501/I-502/I-503/I-504,,,INT1-BLOCK-001,equipment_installation_drawings,Final equipment installation drawings are missing.,,,,,,,,,human_or_site_input_required,not_available,BLOCK,yes,Final equipment installation drawings are missing.,1.0,,,,,,,"Do not freeze cabinet openings, dedicated services, ventilation, heat-clearance or access dimensions from the existing model envelope.",60552c51c71de8e86f6a7f0b722cddbb901843b81ec8c5d56d52d659cb86b2a6
blocker,I-501/I-502/I-503/I-504,,,INT1-BLOCK-002,gas_meter_site_survey,"Gas meter, valve and pipe dimensions and authority requirements have not been verified on site.",,,,,,,,,human_or_site_input_required,not_available,BLOCK,yes,"Gas meter, valve and pipe dimensions and authority requirements have not been verified on site.",1.0,,,,,,,"Do not freeze enclosure depth, openings, ventilation, observation or access provisions.",60552c51c71de8e86f6a7f0b722cddbb901843b81ec8c5d56d52d659cb86b2a6
blocker,I-501/I-502/I-503/I-504,,,INT1-BLOCK-003,sanitary_rough_in_drawings,Manufacturer sanitary rough-in drawings are missing.,,,,,,,,,human_or_site_input_required,not_available,BLOCK,yes,Manufacturer sanitary rough-in drawings are missing.,1.0,,,,,,,"Do not infer water, waste, fixing or wall/floor connection centres from complex product-shell geometry.",60552c51c71de8e86f6a7f0b722cddbb901843b81ec8c5d56d52d659cb86b2a6
blocker,I-501/I-502/I-503/I-504,,,INT1-BLOCK-004,hardware_motion_envelopes,"Door, drawer, mirror-cabinet and kitchen-pier hardware motion envelopes are not confirmed.",,,,,,,,,human_or_site_input_required,not_available,BLOCK,yes,"Door, drawer, mirror-cabinet and kitchen-pier hardware motion envelopes are not confirmed.",1.0,,,,,,,"Do not publish opening, collision or ergonomic clearances for unmodelled hardware.",60552c51c71de8e86f6a7f0b722cddbb901843b81ec8c5d56d52d659cb86b2a6
