record_kind,queue_id,global_id,ifc_class,name,description,object_type,predefined_type,type_global_id,type_name,type_description,type_occurrence_count,container,observable_role,bbox_min_mm,bbox_max_mm,dimensions_mm,basis,confidence,human_review_required,review_status,missing_or_unverified,stop_condition,source_ifc_sha256
actual_instance,M401-EQUIP-001,1yW7DASIz8qA$2j8z9tdl2,IfcElectricAppliance,ElectricAppliance,,,,0greWYU5v9BBjuI$1v0flf,AC1180,RPIZ-71FSLN5Q/P 1180x447x192,1,CEL,assigned_ac_equipment_instance,"[5970.46294,1453.457611,2508.0]","[6448.287037,2781.229401,2700.0]","[477.824097,1327.77179,192.0]",Assigned IfcElectricApplianceType has ElementType=AC and preserves the exact model/type identity.,1.0,yes,HUMAN_REVIEW_REQUIRED,"final equipment selection, manufacturer installation data, performance, services, controls and access","Do not infer airflow, circuit, pipe/duct connection, access or final equipment selection from the current shell.",7521c09991f3d0c7b7d91ca2324fd55ad961d8e32e9e3e9a9777a4cc19b06e81
actual_instance,M401-EQUIP-001,1QBdVekDnBsOleyo9PM6rT,IfcElectricAppliance,ElectricAppliance,,,,10_Arew0nAGOoYjFDTyzcn,AC700F,RPIZ-22FSLN5QDF/P 700x447x192,2,CEL,assigned_ac_equipment_instance,"[-2724.19537,-1144.200912,2523.018749]","[-1876.420345,-666.376511,2715.018749]","[847.775024,477.824402,192.0]",Assigned IfcElectricApplianceType has ElementType=AC and preserves the exact model/type identity.,1.0,yes,HUMAN_REVIEW_REQUIRED,"final equipment selection, manufacturer installation data, performance, services, controls and access","Do not infer airflow, circuit, pipe/duct connection, access or final equipment selection from the current shell.",7521c09991f3d0c7b7d91ca2324fd55ad961d8e32e9e3e9a9777a4cc19b06e81
actual_instance,M401-EQUIP-001,33chLv3TzEOhKalIJJAPNF,IfcElectricAppliance,ElectricAppliance,,,,2dvNw761v4cgkv5QvrQtre,AC700,RPIZ-22FSLN5QD/P 700x447x192,2,CEL,assigned_ac_equipment_instance,"[-4397.316963,-1144.200775,2524.518536]","[-3549.547188,-666.376648,2716.518531]","[847.769775,477.824127,191.999996]",Assigned IfcElectricApplianceType has ElementType=AC and preserves the exact model/type identity.,1.0,yes,HUMAN_REVIEW_REQUIRED,"final equipment selection, manufacturer installation data, performance, services, controls and access","Do not infer airflow, circuit, pipe/duct connection, access or final equipment selection from the current shell.",7521c09991f3d0c7b7d91ca2324fd55ad961d8e32e9e3e9a9777a4cc19b06e81
actual_instance,M401-EQUIP-001,06GpMzzWj1XQobAhD35cgU,IfcElectricAppliance,ElectricAppliance,,,,10_Arew0nAGOoYjFDTyzcn,AC700F,RPIZ-22FSLN5QDF/P 700x447x192,2,CEL,assigned_ac_equipment_instance,"[-3042.190466,247.999111,2510.0]","[-2194.415442,725.823513,2702.0]","[847.775024,477.824402,192.0]",Assigned IfcElectricApplianceType has ElementType=AC and preserves the exact model/type identity.,1.0,yes,HUMAN_REVIEW_REQUIRED,"final equipment selection, manufacturer installation data, performance, services, controls and access","Do not infer airflow, circuit, pipe/duct connection, access or final equipment selection from the current shell.",7521c09991f3d0c7b7d91ca2324fd55ad961d8e32e9e3e9a9777a4cc19b06e81
actual_instance,M401-EQUIP-001,1PUCikoaP5fgiYt8sJd8$6,IfcElectricAppliance,ElectricAppliance,,,,2dvNw761v4cgkv5QvrQtre,AC700,RPIZ-22FSLN5QD/P 700x447x192,2,CEL,assigned_ac_equipment_instance,"[2645.087936,-3206.884888,2475.000004]","[3122.912064,-2359.115112,2667.0]","[477.824127,847.769775,191.999996]",Assigned IfcElectricApplianceType has ElementType=AC and preserves the exact model/type identity.,1.0,yes,HUMAN_REVIEW_REQUIRED,"final equipment selection, manufacturer installation data, performance, services, controls and access","Do not infer airflow, circuit, pipe/duct connection, access or final equipment selection from the current shell.",7521c09991f3d0c7b7d91ca2324fd55ad961d8e32e9e3e9a9777a4cc19b06e81
actual_instance,M401-FLOW-001,0hHnbLj0X4jPDz4o3QJo1l,IfcPipeSegment,Liquid,,HVAC,USERDEFINED,,,,,CEL,legacy_base_refrigerant_liquid_geometry,"[-3553.579926,-3675.988602,2471.018253]","[2733.325871,-377.988602,2806.746181]","[6286.905796,3298.0,335.727928]",用户确认该对象在旧方案中表达冷媒液管，但紫色几何不是装修后最终管线；旧 lowpoly 与正式 IFC 的 3 个独立分支及组件包围尺寸在 0.0153 mm 内一致.,1.0,yes,LEGACY_BASE_CONFIRMED_REMODEL_DESIGN_PENDING,"diameter, insulation, system membership, ports, connections, route ownership and installer clearances",Treat this as a legacy design base only; redesign the remodel route before claiming a connected or installable system.,7521c09991f3d0c7b7d91ca2324fd55ad961d8e32e9e3e9a9777a4cc19b06e81
actual_instance,M401-FLOW-001,10Wm8ivdX7dAVfz4cV8l5Q,IfcPipeSegment,Drain Pipe,,HVAC,USERDEFINED,,,,,CEL,legacy_base_condensate_geometry,"[-3549.725922,-3515.988435,2461.018272]","[6504.2304,1748.011565,2766.499592]","[10053.956322,5264.0,305.481319]",用户确认该对象在旧方案中表达冷凝水管，但紫色几何不是装修后最终管线；旧 lowpoly 与正式 IFC 的 4 个独立分支及组件包围尺寸在 0.0008 mm 内一致.,1.0,yes,LEGACY_BASE_CONFIRMED_REMODEL_DESIGN_PENDING,"diameter, slope, discharge destination, system membership, ports, connections and access",Treat this as a legacy design base only; redesign the remodel route before claiming drainage continuity or an installable route.,7521c09991f3d0c7b7d91ca2324fd55ad961d8e32e9e3e9a9777a4cc19b06e81
actual_instance,M401-FLOW-001,0Ik2RcgGbFOhdYTJPgh5AQ,IfcPipeSegment,Liquid Living Room,,HVAC,USERDEFINED,,,,,CEL,legacy_base_refrigerant_liquid_geometry,"[2769.873634,-3561.34937,2441.03508]","[6306.073299,1748.01147,2777.360069]","[3536.199665,5309.36084,336.324989]",用户确认该对象在旧方案中表达冷媒液管，但不是装修后最终管线；旧 lowpoly 与正式 IFC 的单一分支组件包围尺寸在 0.001 mm 内一致.,1.0,yes,LEGACY_BASE_CONFIRMED_REMODEL_DESIGN_PENDING,"diameter, insulation, system membership, ports, connections, route ownership and installer clearances",Treat this as a legacy design base only; redesign the remodel route before claiming a connected or installable system.,7521c09991f3d0c7b7d91ca2324fd55ad961d8e32e9e3e9a9777a4cc19b06e81
actual_instance,M401-FLOW-001,1hZRB0eOX8OA8rcjke67P0,IfcPipeSegment,Gas,,HVAC,USERDEFINED,,,,,CEL,legacy_base_refrigerant_gas_geometry,"[-3553.578892,-5552.286587,2514.018253]","[2693.090054,-381.522781,2801.574986]","[6246.668945,5170.763806,287.556732]",用户确认该对象在旧方案中表达冷媒气管，但紫色几何不是装修后最终管线；旧 lowpoly 与正式 IFC 的 3 个独立分支及组件包围尺寸在 0.0077 mm 内一致.,1.0,yes,LEGACY_BASE_CONFIRMED_REMODEL_DESIGN_PENDING,"diameter, insulation, system membership, ports, connections, route ownership and installer clearances",Treat this as a legacy design base only; redesign the remodel route before claiming a connected or installable system.,7521c09991f3d0c7b7d91ca2324fd55ad961d8e32e9e3e9a9777a4cc19b06e81
actual_instance,M401-FLOW-001,0f2ZLauDH8lRnYj6oervDm,IfcPipeSegment,Gas Living Room,,HVAC,USERDEFINED,,,,,CEL,legacy_base_refrigerant_gas_geometry,"[2793.11338,-5552.843999,2514.376835]","[6302.73173,1747.948538,2752.535656]","[3509.618349,7300.792537,238.158821]",用户确认该对象在旧方案中表达冷媒气管，但不是装修后最终管线；旧 lowpoly 与正式 IFC 的单一分支组件包围尺寸在 0.001 mm 内一致.,1.0,yes,LEGACY_BASE_CONFIRMED_REMODEL_DESIGN_PENDING,"diameter, insulation, system membership, ports, connections, route ownership and installer clearances",Treat this as a legacy design base only; redesign the remodel route before claiming a connected or installable system.,7521c09991f3d0c7b7d91ca2324fd55ad961d8e32e9e3e9a9777a4cc19b06e81
actual_instance,M401-VALVE-001,1faflkXXH6M9cnYPE9Liir,IfcBuildingElementProxy,Electric flue check valve,,,COMPLEX,,,,,ELEC,named_flue_check_valve_proxy,"[2740.182898,-5245.933605,2560.0]","[2987.683021,-5005.933599,2770.0]","[247.500123,240.000006,210.0]",Exact IfcBuildingElementProxy name is Electric flue check valve; existing Boolean-sensitive geometry is observable.,0.9,yes,HUMAN_REVIEW_REQUIRED,"served exhaust, product specification, power/control, connection and access conditions","Do not infer the served appliance, duct connection, powered action or access requirement from proximity or proxy shape.",7521c09991f3d0c7b7d91ca2324fd55ad961d8e32e9e3e9a9777a4cc19b06e81
actual_instance,M401-DIFFUSER-001,16Ey9Flj9BK9VRun$ozzjH,IfcBuildingElementProxy,AC Diffuser Embeded L Corner,,,PARTIAL,,,,,DCL,named_embedded_ac_diffuser_proxy,"[5760.17952,349.953299,2500.0]","[6370.17952,2969.953299,2650.0]","[610.0,2620.0,150.0]",用户在 Blender 集中审图中确认该 Proxy 是转角空调风口；正式 IFC 仍无 IfcAirTerminal 类型、系统、端口或风量.,1.0,yes,IDENTITY_CONFIRMED_REMODEL_DESIGN_PENDING,"supply/return/exhaust role, grille selection, airflow, connection, installation and access","Retain the confirmed outlet identity, but do not convert the proxy to a terminal or publish it until the remodel air-side design is complete.",7521c09991f3d0c7b7d91ca2324fd55ad961d8e32e9e3e9a9777a4cc19b06e81
actual_instance,M401-DIFFUSER-001,3Bv_Kl3jDC5RvaUMdyge1U,IfcBuildingElementProxy,AC Diffuser Embeded,,,PARTIAL,,,,,DCL,named_embedded_ac_diffuser_proxy,"[2540.179491,-3300.0,2500.0]","[2567.179491,-1400.0,2650.0]","[27.0,1900.0,150.0]",用户确认该 Proxy 是旧方案空调出风口，同时明确该方案有缺陷；正式 IFC 仍无 IfcAirTerminal、系统、端口或风量.,1.0,yes,LEGACY_SCHEME_CONFIRMED_REDESIGN_REQUIRED,"remodel supply-air design, airflow, grille size, centreline, connection, installation and access",Retain only as a legacy design base; do not publish the current proxy as the remodel supply outlet.,7521c09991f3d0c7b7d91ca2324fd55ad961d8e32e9e3e9a9777a4cc19b06e81
actual_instance,M401-RCP-CONTEXT-001,0JcqcpduD9YRHOQJ2Q92gO,IfcBuildingElementProxy,Living Room Drop Ceiling,,,PARTIAL,,,,,DCL,high_level_ceiling_or_led_coordination_context,"[0.175476,-3370.00227,2670.0]","[5750.179291,2979.953051,2770.0]","[5750.003815,6349.95532,100.0]",Exact IfcBuildingElementProxy name and elevated world geometry are observable; the object is retained only as RCP coordination context.,1.0,no,OBSERVED_CONTEXT,"ceiling build-up, support, access zones and relation to unmodelled MEP equipment","Do not treat a ceiling/LED proxy as HVAC equipment, a service opening or an access panel.",7521c09991f3d0c7b7d91ca2324fd55ad961d8e32e9e3e9a9777a4cc19b06e81
actual_instance,M401-RCP-CONTEXT-001,0goB22sEf0W9caxUqAkTwJ,IfcBuildingElementProxy,Kitchen Drop Ceiling,,,PARTIAL,,,,,DCL,high_level_ceiling_or_led_coordination_context,"[0.176407,-5200.0028,2400.0]","[2800.174454,-3700.002312,2400.0]","[2799.998047,1500.000488,0.0]",Exact IfcBuildingElementProxy name and elevated world geometry are observable; the object is retained only as RCP coordination context.,1.0,no,OBSERVED_CONTEXT,"ceiling build-up, support, access zones and relation to unmodelled MEP equipment","Do not treat a ceiling/LED proxy as HVAC equipment, a service opening or an access panel.",7521c09991f3d0c7b7d91ca2324fd55ad961d8e32e9e3e9a9777a4cc19b06e81
actual_instance,M401-RCP-CONTEXT-001,0jI$MQCH9A_w5aml5rEXbg,IfcBuildingElementProxy,Public Bathroom Ceiling,,,COMPLEX,,,,,DCL,high_level_ceiling_or_led_coordination_context,"[-1799.817734,1369.997566,2400.0]","[-199.82164,3799.997444,2540.0]","[1599.996094,2429.999878,140.0]",Exact IfcBuildingElementProxy name and elevated world geometry are observable; the object is retained only as RCP coordination context.,1.0,no,OBSERVED_CONTEXT,"ceiling build-up, support, access zones and relation to unmodelled MEP equipment","Do not treat a ceiling/LED proxy as HVAC equipment, a service opening or an access panel.",7521c09991f3d0c7b7d91ca2324fd55ad961d8e32e9e3e9a9777a4cc19b06e81
actual_instance,M401-RCP-CONTEXT-001,0w_j3LiLHFX8uK$fI3H5IP,IfcBuildingElementProxy,Cabinet Drop Ceiling,,,PARTIAL,,,,,DCL,high_level_ceiling_or_led_coordination_context,"[-439.825058,-4400.00248,2400.0]","[5900.178909,-1050.002396,2720.0]","[6340.003967,3350.000083,320.0]",Exact IfcBuildingElementProxy name and elevated world geometry are observable; the object is retained only as RCP coordination context.,1.0,no,OBSERVED_CONTEXT,"ceiling build-up, support, access zones and relation to unmodelled MEP equipment","Do not treat a ceiling/LED proxy as HVAC equipment, a service opening or an access panel.",7521c09991f3d0c7b7d91ca2324fd55ad961d8e32e9e3e9a9777a4cc19b06e81
actual_instance,M401-RCP-CONTEXT-001,1_eTV3TaD0ewHXs5A2gCk0,IfcBuildingElementProxy,LED Curtain Sub 2,,,PARTIAL,,,,,DCL,high_level_ceiling_or_led_coordination_context,"[-4699.812889,3399.997234,2400.0]","[-1899.801254,3599.997282,2600.0]","[2800.011635,200.000048,200.0]",Exact IfcBuildingElementProxy name and elevated world geometry are observable; the object is retained only as RCP coordination context.,1.0,no,OBSERVED_CONTEXT,"ceiling build-up, support, access zones and relation to unmodelled MEP equipment","Do not treat a ceiling/LED proxy as HVAC equipment, a service opening or an access panel.",7521c09991f3d0c7b7d91ca2324fd55ad961d8e32e9e3e9a9777a4cc19b06e81
actual_instance,M401-RCP-CONTEXT-001,1wtOLxfnP3ZfqIIkLZaTFU,IfcBuildingElementProxy,Guest Bedroom Ceiling,,,PARTIAL,,,,,DCL,high_level_ceiling_or_led_coordination_context,"[-4699.843407,799.99727,2720.0]","[-1899.801254,3199.997187,2820.0]","[2800.042152,2399.999917,100.0]",Exact IfcBuildingElementProxy name and elevated world geometry are observable; the object is retained only as RCP coordination context.,1.0,no,OBSERVED_CONTEXT,"ceiling build-up, support, access zones and relation to unmodelled MEP equipment","Do not treat a ceiling/LED proxy as HVAC equipment, a service opening or an access panel.",7521c09991f3d0c7b7d91ca2324fd55ad961d8e32e9e3e9a9777a4cc19b06e81
actual_instance,M401-RCP-CONTEXT-001,24GcPrcEPB0QT3HxbcvPtq,IfcBuildingElementProxy,Balcony Drop Ceiling,,,PARTIAL,,,,,DCL,high_level_ceiling_or_led_coordination_context,"[0.179529,3399.998116,2720.0]","[3800.179529,4700.046944,2720.0]","[3800.0,1300.048828,0.0]",Exact IfcBuildingElementProxy name and elevated world geometry are observable; the object is retained only as RCP coordination context.,1.0,no,OBSERVED_CONTEXT,"ceiling build-up, support, access zones and relation to unmodelled MEP equipment","Do not treat a ceiling/LED proxy as HVAC equipment, a service opening or an access panel.",7521c09991f3d0c7b7d91ca2324fd55ad961d8e32e9e3e9a9777a4cc19b06e81
actual_instance,M401-RCP-CONTEXT-001,26M2TYddDFzeD98_XKwBgZ,IfcBuildingElementProxy,LED Curtain Main,,,PARTIAL,,,,,DCL,high_level_ceiling_or_led_coordination_context,"[-6379.842758,-4800.001144,2400.0]","[-3399.842262,-4600.000858,2600.0]","[2980.000496,200.000286,200.0]",Exact IfcBuildingElementProxy name and elevated world geometry are observable; the object is retained only as RCP coordination context.,1.0,no,OBSERVED_CONTEXT,"ceiling build-up, support, access zones and relation to unmodelled MEP equipment","Do not treat a ceiling/LED proxy as HVAC equipment, a service opening or an access panel.",7521c09991f3d0c7b7d91ca2324fd55ad961d8e32e9e3e9a9777a4cc19b06e81
actual_instance,M401-RCP-CONTEXT-001,2B9gGJ5197jvvwqUj7h8_U,IfcBuildingElementProxy,Dining Ceiling,,,PARTIAL,,,,,DCL,high_level_ceiling_or_led_coordination_context,"[-3199.843124,-4400.001335,2400.0]","[-399.843124,-1200.000725,2720.0]","[2800.0,3200.00061,320.0]",Exact IfcBuildingElementProxy name and elevated world geometry are observable; the object is retained only as RCP coordination context.,1.0,no,OBSERVED_CONTEXT,"ceiling build-up, support, access zones and relation to unmodelled MEP equipment","Do not treat a ceiling/LED proxy as HVAC equipment, a service opening or an access panel.",7521c09991f3d0c7b7d91ca2324fd55ad961d8e32e9e3e9a9777a4cc19b06e81
actual_instance,M401-RCP-CONTEXT-001,2HNrakrjbCTuX3CgB2ORBO,IfcBuildingElementProxy,Bedroom Ceiling,,,PARTIAL,,,,,DCL,high_level_ceiling_or_led_coordination_context,"[-6379.842758,-4400.001526,2720.0]","[-3199.842453,-1200.00124,2820.0]","[3180.000305,3200.000286,100.0]",Exact IfcBuildingElementProxy name and elevated world geometry are observable; the object is retained only as RCP coordination context.,1.0,no,OBSERVED_CONTEXT,"ceiling build-up, support, access zones and relation to unmodelled MEP equipment","Do not treat a ceiling/LED proxy as HVAC equipment, a service opening or an access panel.",7521c09991f3d0c7b7d91ca2324fd55ad961d8e32e9e3e9a9777a4cc19b06e81
actual_instance,M401-RCP-CONTEXT-001,2PT3O6ohvAxPR570xBmdX6,IfcBuildingElementProxy,Guest Bedroom Low Ceiling,,,PARTIAL,,,,,DCL,high_level_ceiling_or_led_coordination_context,"[-4699.843124,199.998817,2400.0]","[-1899.832382,799.998909,2720.0]","[2800.010742,600.000092,320.0]",Exact IfcBuildingElementProxy name and elevated world geometry are observable; the object is retained only as RCP coordination context.,1.0,no,OBSERVED_CONTEXT,"ceiling build-up, support, access zones and relation to unmodelled MEP equipment","Do not treat a ceiling/LED proxy as HVAC equipment, a service opening or an access panel.",7521c09991f3d0c7b7d91ca2324fd55ad961d8e32e9e3e9a9777a4cc19b06e81
actual_instance,M401-RCP-CONTEXT-001,3$lrsbcgT3Jg4KFoQ9xsL_,IfcBuildingElementProxy,LED Curtain Sub1,,,PARTIAL,,,,,DCL,high_level_ceiling_or_led_coordination_context,"[-2799.841881,-4800.001144,2400.0]","[-399.843216,-4600.000858,2600.0]","[2399.998665,200.000286,200.0]",Exact IfcBuildingElementProxy name and elevated world geometry are observable; the object is retained only as RCP coordination context.,1.0,no,OBSERVED_CONTEXT,"ceiling build-up, support, access zones and relation to unmodelled MEP equipment","Do not treat a ceiling/LED proxy as HVAC equipment, a service opening or an access panel.",7521c09991f3d0c7b7d91ca2324fd55ad961d8e32e9e3e9a9777a4cc19b06e81
actual_instance,M401-RCP-CONTEXT-001,30YXVJrQjBEgTfH5xSTneR,IfcBuildingElementProxy,Powder Ceiling,,,PARTIAL,,,,,DCL,high_level_ceiling_or_led_coordination_context,"[-1799.823761,-0.001475,2400.0]","[-199.821472,1269.99867,2640.0]","[1600.002289,1270.000145,240.0]",Exact IfcBuildingElementProxy name and elevated world geometry are observable; the object is retained only as RCP coordination context.,1.0,no,OBSERVED_CONTEXT,"ceiling build-up, support, access zones and relation to unmodelled MEP equipment","Do not treat a ceiling/LED proxy as HVAC equipment, a service opening or an access panel.",7521c09991f3d0c7b7d91ca2324fd55ad961d8e32e9e3e9a9777a4cc19b06e81
actual_instance,M401-RCP-CONTEXT-001,3BNIc86L19ZBCt40wmF$KZ,IfcBuildingElementProxy,Private Bathroom Ceiling,,,COMPLEX,,,,,DCL,high_level_ceiling_or_led_coordination_context,"[-6379.813828,99.997871,2400.0]","[-4899.813828,3199.997444,2480.0]","[1480.0,3099.999573,80.0]",Exact IfcBuildingElementProxy name and elevated world geometry are observable; the object is retained only as RCP coordination context.,1.0,no,OBSERVED_CONTEXT,"ceiling build-up, support, access zones and relation to unmodelled MEP equipment","Do not treat a ceiling/LED proxy as HVAC equipment, a service opening or an access panel.",7521c09991f3d0c7b7d91ca2324fd55ad961d8e32e9e3e9a9777a4cc19b06e81
actual_instance,M401-RCP-CONTEXT-001,3Kxq1aQl9EyfzEhA_7IoLA,IfcBuildingElementProxy,Alley Ceiling,,,PARTIAL,,,,,DCL,high_level_ceiling_or_led_coordination_context,"[-6499.843597,-1200.00124,2400.0]","[0.156403,-0.001937,2720.0]","[6500.0,1199.999303,320.0]",Exact IfcBuildingElementProxy name and elevated world geometry are observable; the object is retained only as RCP coordination context.,1.0,no,OBSERVED_CONTEXT,"ceiling build-up, support, access zones and relation to unmodelled MEP equipment","Do not treat a ceiling/LED proxy as HVAC equipment, a service opening or an access panel.",7521c09991f3d0c7b7d91ca2324fd55ad961d8e32e9e3e9a9777a4cc19b06e81
type_definition,M401-TYPE-001,,IfcElectricApplianceType,,,,USERDEFINED,0greWYU5v9BBjuI$1v0flf,AC1180,RPIZ-71FSLN5Q/P 1180x447x192,1,,assigned_ac_equipment_type_definition,,,,IfcElectricApplianceType ElementType=AC and exact occurrence assignment.,1.0,no,OBSERVED,"manufacturer installation data, capacity, airflow, circuit, controls and connections","Type identity does not authorize performance, service or installation assumptions.",7521c09991f3d0c7b7d91ca2324fd55ad961d8e32e9e3e9a9777a4cc19b06e81
type_definition,M401-TYPE-001,,IfcElectricApplianceType,,,,USERDEFINED,2dvNw761v4cgkv5QvrQtre,AC700,RPIZ-22FSLN5QD/P 700x447x192,2,,assigned_ac_equipment_type_definition,,,,IfcElectricApplianceType ElementType=AC and exact occurrence assignment.,1.0,no,OBSERVED,"manufacturer installation data, capacity, airflow, circuit, controls and connections","Type identity does not authorize performance, service or installation assumptions.",7521c09991f3d0c7b7d91ca2324fd55ad961d8e32e9e3e9a9777a4cc19b06e81
type_definition,M401-TYPE-001,,IfcElectricApplianceType,,,,USERDEFINED,10_Arew0nAGOoYjFDTyzcn,AC700F,RPIZ-22FSLN5QDF/P 700x447x192,2,,assigned_ac_equipment_type_definition,,,,IfcElectricApplianceType ElementType=AC and exact occurrence assignment.,1.0,no,OBSERVED,"manufacturer installation data, capacity, airflow, circuit, controls and connections","Type identity does not authorize performance, service or installation assumptions.",7521c09991f3d0c7b7d91ca2324fd55ad961d8e32e9e3e9a9777a4cc19b06e81
missing_input,M401-MISS-001,,,,,,,,,,,,typed_air_terminal_and_system_connectivity_missing,,,,"No IfcAirTerminal, IfcAirTerminalType, IfcDuctSegment, IfcFan, IfcDistributionPort, IfcSystem or IfcRelConnectsPorts is present for the two diffuser proxies.",1.0,yes,BLOCK,"air-terminal identity, supply/return/exhaust role, system membership, ports and connections","Do not infer terminal role, duct route, connection or airflow from proxy geometry.",7521c09991f3d0c7b7d91ca2324fd55ad961d8e32e9e3e9a9777a4cc19b06e81
missing_input,M401-MISS-002,,,,,,,,,,,,kitchen_gas_alarm_missing,,,,No observable alarm or sensor instance/type matches the confirmed kitchen gas-alarm requirement.,1.0,yes,BLOCK,"device selection, mounting location, power/control and required interlock",Do not mark the gas alarm coordinated until equipment and authority requirements are confirmed.,7521c09991f3d0c7b7d91ca2324fd55ad961d8e32e9e3e9a9777a4cc19b06e81
missing_input,M401-MISS-003,,,,,,,,,,,,bedroom_living_fire_sensor_missing,,,,No observable fire/smoke detector or sensor instance/type exists in the formal IFC.,1.0,yes,BLOCK,"device type, quantity, location, power/communication and ceiling clearance",Do not publish sensor positions or coverage without the fire/safety equipment basis.,7521c09991f3d0c7b7d91ca2324fd55ad961d8e32e9e3e9a9777a4cc19b06e81
missing_input,M401-MISS-004,,,,,,,,,,,,bathroom_warm_air_unit_missing,,,,"No observable bathroom heater, warm-air unit or ventilation fan instance/type exists in the formal IFC.",1.0,yes,BLOCK,"equipment size, power, airflow path, grille, mounting and access conditions","Do not reserve an opening, circuit, grille or access zone from an assumed equipment size.",7521c09991f3d0c7b7d91ca2324fd55ad961d8e32e9e3e9a9777a4cc19b06e81
missing_input,M401-MISS-005,,,,,,,,,,,,operational_and_access_data_missing,,,,"Existing AC appliances, flow-segment meshes and proxies contain observable geometry but no verified operational schedule or installation/access record.",1.0,yes,BLOCK,"airflow, pipe/duct diameter, circuit, controls, condensate/refrigerant identity, access and manufacturer installation clearances","Do not infer performance, circuit, diameter, access or connection relations from names, bounding boxes or proximity.",7521c09991f3d0c7b7d91ca2324fd55ad961d8e32e9e3e9a9777a4cc19b06e81
