schedule_id,section,source_key,item_name,confirmed_scope,candidate_or_observed_scope,unresolved_for_release,evidence_reference,review_status,automatic_ifc_write_allowed,construction_release_ready,source_ifc_sha256
S701-FUR-01,家具产品身份,SHE01,Baxter Rafiki,厂家与产品系列身份已确认,用途未填写,本项目最终规格、数量、五金配置、安装图与现场接口,https://www.baxter.it/en/products/rafiki-accessories,identity_confirmed_installation_pending,false,false,7a50b87e8f48a7c2bfbaa9f1dabdfca7155fa684b2325c66aa1ae15c8ab0a25c
S701-FUR-02,家具产品身份,Libelle,Baxter Libelle,厂家与产品系列身份已确认,存放酒和调酒器具,本项目最终规格、数量、五金配置、安装图与现场接口,https://www.baxter.it/en/products/libelle-accessories,identity_confirmed_installation_pending,false,false,7a50b87e8f48a7c2bfbaa9f1dabdfca7155fa684b2325c66aa1ae15c8ab0a25c
S701-FUR-03,家具产品身份,WD01,Poliform Senzafine + Pivot freestanding_wardrobe_and_wall_mounted_pivot,厂家与产品系列身份已确认,衣物收纳及衣柜与墙体之间的旋转门系统,本项目最终规格、数量、五金配置、安装图与现场接口,https://www.poliform.it/en/products/pivot/,identity_confirmed_installation_pending,false,false,7a50b87e8f48a7c2bfbaa9f1dabdfca7155fa684b2325c66aa1ae15c8ab0a25c
S701-FUR-04,家具产品身份,WD01L,Poliform Senzafine + Pivot freestanding_wardrobe_and_wall_mounted_pivot,厂家与产品系列身份已确认,衣物收纳及衣柜与墙体之间的旋转门系统,本项目最终规格、数量、五金配置、安装图与现场接口,https://www.poliform.it/en/products/pivot/,identity_confirmed_installation_pending,false,false,7a50b87e8f48a7c2bfbaa9f1dabdfca7155fa684b2325c66aa1ae15c8ab0a25c
S701-FUR-05,家具产品身份,WD02,Poliform Senzafine,厂家与产品系列身份已确认,衣物收纳,本项目最终规格、数量、五金配置、安装图与现场接口,https://www.poliform.it/en/products/senzafine-wardrobe/,identity_confirmed_installation_pending,false,false,7a50b87e8f48a7c2bfbaa9f1dabdfca7155fa684b2325c66aa1ae15c8ab0a25c
S701-FUR-06,家具产品身份,WD03,Poliform Senzafine,厂家与产品系列身份已确认,衣物收纳,本项目最终规格、数量、五金配置、安装图与现场接口,https://www.poliform.it/en/products/senzafine-wardrobe/,identity_confirmed_installation_pending,false,false,7a50b87e8f48a7c2bfbaa9f1dabdfca7155fa684b2325c66aa1ae15c8ab0a25c
S701-FUR-07,家具产品身份,BST01,Baxter Ninfea bedside_table_opening_side_not_recorded,厂家与产品系列身份已确认,床头收纳,本项目最终规格、数量、五金配置、安装图与现场接口,https://www.baxter.it/en/products/ninfea-tables-and-coffee-tables,identity_confirmed_installation_pending,false,false,7a50b87e8f48a7c2bfbaa9f1dabdfca7155fa684b2325c66aa1ae15c8ab0a25c
S701-FUR-08,家具产品身份,BST02,Baxter Beside bedside_table,厂家与产品系列身份已确认,床头收纳,本项目最终规格、数量、五金配置、安装图与现场接口,https://www.baxter.it/en/products/beside-tables-and-coffee-tables,identity_confirmed_installation_pending,false,false,7a50b87e8f48a7c2bfbaa9f1dabdfca7155fa684b2325c66aa1ae15c8ab0a25c
S701-FUR-09,家具产品身份,BST03,Baxter Stone freestanding_bedside_table_with_L_drawer,厂家与产品系列身份已确认,床头收纳,本项目最终规格、数量、五金配置、安装图与现场接口,https://www.baxter.it/en/products/stone-beds,identity_confirmed_installation_pending,false,false,7a50b87e8f48a7c2bfbaa9f1dabdfca7155fa684b2325c66aa1ae15c8ab0a25c
S701-APP-001,家电与移动厨电,APP-001,火锅电器,使用=西厨岛台 NS-01,存放候选=厨房柜内；使用候选=西厨岛台 NS-01,型号、铭牌功率,OWNER-INBOX-20260814-001;ELEC-RESEARCH-20260815-001,partial_input,false,false,7a50b87e8f48a7c2bfbaa9f1dabdfca7155fa684b2325c66aa1ae15c8ab0a25c
S701-APP-002,家电与移动厨电,APP-002,搅拌机,使用=西厨岛台 NS-01,存放候选=厨房柜内；使用候选=西厨岛台 NS-01,型号、铭牌功率,OWNER-INBOX-20260814-001;ELEC-RESEARCH-20260815-001,partial_input,false,false,7a50b87e8f48a7c2bfbaa9f1dabdfca7155fa684b2325c66aa1ae15c8ab0a25c
S701-APP-003,家电与移动厨电,APP-003,Sous-vide 棒,使用=西厨岛台 NS-01,存放候选=厨房柜内；使用候选=西厨岛台 NS-01,型号、铭牌功率,OWNER-INBOX-20260814-001;ELEC-RESEARCH-20260815-001,partial_input,false,false,7a50b87e8f48a7c2bfbaa9f1dabdfca7155fa684b2325c66aa1ae15c8ab0a25c
S701-APP-004,家电与移动厨电,APP-004,咖啡机,使用=餐边柜 NS-02,存放候选=餐边柜；使用候选=餐边柜 NS-02,铭牌功率、给水接口、排水接口,OWNER-INBOX-20260814-001;APP-004-GS3-OFFICIAL-001;APP-004-E1PRIMA-OFFICIAL-001;ELEC-RESEARCH-20260815-001,partial_input,false,false,7a50b87e8f48a7c2bfbaa9f1dabdfca7155fa684b2325c66aa1ae15c8ab0a25c
S701-APP-005,家电与移动厨电,APP-005,手冲电热水壶,使用=餐边柜 NS-02,存放候选=餐边柜；使用候选=餐边柜 NS-02,型号,OWNER-INBOX-20260814-001,partial_input,false,false,7a50b87e8f48a7c2bfbaa9f1dabdfca7155fa684b2325c66aa1ae15c8ab0a25c
S701-APP-006,家电与移动厨电,APP-006,磨豆机,使用=餐边柜 NS-02,存放候选=餐边柜；使用候选=餐边柜 NS-02,型号、铭牌功率,OWNER-INBOX-20260814-001,partial_input,false,false,7a50b87e8f48a7c2bfbaa9f1dabdfca7155fa684b2325c66aa1ae15c8ab0a25c
S701-APP-007,家电与移动厨电,APP-007,冰箱 1,使用=西厨,存放候选=西厨；使用候选=西厨,型号、铭牌功率、证据,source-evidence-register.csv,input_required,false,false,7a50b87e8f48a7c2bfbaa9f1dabdfca7155fa684b2325c66aa1ae15c8ab0a25c
S701-APP-008,家电与移动厨电,APP-008,冰箱 2,使用=西厨,存放候选=西厨；使用候选=西厨,型号、铭牌功率、证据,source-evidence-register.csv,input_required,false,false,7a50b87e8f48a7c2bfbaa9f1dabdfca7155fa684b2325c66aa1ae15c8ab0a25c
S701-APP-009,家电与移动厨电,APP-009,岛台洗碗机 1,使用=西厨岛台,存放候选=西厨岛台；使用候选=西厨岛台,仍须厂家安装图与现场接口复核,APP-DW-SPEC-001;APP-DW-INSTALL-001;APP-DW-MANUAL-001;ELEC-RESEARCH-20260815-001,partial_input,false,false,7a50b87e8f48a7c2bfbaa9f1dabdfca7155fa684b2325c66aa1ae15c8ab0a25c
S701-APP-010,家电与移动厨电,APP-010,岛台洗碗机 2,使用=西厨岛台,存放候选=西厨岛台；使用候选=西厨岛台,仍须厂家安装图与现场接口复核,APP-DW-SPEC-001;APP-DW-INSTALL-001;APP-DW-MANUAL-001;ELEC-RESEARCH-20260815-001,partial_input,false,false,7a50b87e8f48a7c2bfbaa9f1dabdfca7155fa684b2325c66aa1ae15c8ab0a25c
S701-APP-011,家电与移动厨电,APP-011,烤箱,存放=西厨高柜；使用=西厨高柜,存放候选=西厨高柜；使用候选=西厨高柜,仍须厂家安装图与现场接口复核,APP-011-PHOTO-001;APP-011-OFFICIAL-001;ELEC-RESEARCH-20260815-001,confirmed_input_installation_review_pending,false,false,7a50b87e8f48a7c2bfbaa9f1dabdfca7155fa684b2325c66aa1ae15c8ab0a25c
S701-APP-012,家电与移动厨电,APP-012,炉灶,存放=中厨；使用=中厨,存放候选=中厨；使用候选=中厨,仍须厂家安装图与现场接口复核,APP-012-PHOTO-001;APP-012-PHOTO-002;APP-012-OFFICIAL-001;ELEC-RESEARCH-20260815-001,confirmed_input_installation_review_pending,false,false,7a50b87e8f48a7c2bfbaa9f1dabdfca7155fa684b2325c66aa1ae15c8ab0a25c
S701-APP-013,家电与移动厨电,APP-013,油烟机,存放=中厨；使用=中厨,存放候选=中厨；使用候选=中厨,仍须厂家安装图与现场接口复核,APP-013-PHOTO-001;APP-013-PHOTO-002;APP-013-OFFICIAL-001;ELEC-RESEARCH-20260815-001,confirmed_input_installation_review_pending,false,false,7a50b87e8f48a7c2bfbaa9f1dabdfca7155fa684b2325c66aa1ae15c8ab0a25c
S701-APP-014,家电与移动厨电,APP-014,西门子嵌入式净水饮水机（直饮+净水）,使用=西厨使用点,存放候选=西厨；使用候选=西厨使用点,仍须厂家安装图与现场接口复核,OWNER-INBOX-20260814-001;APP-014-SIEMENS-NEW-WEB-001;APP-014-SIEMENS-OLD-WEB-001;APP-014-SIEMENS-MANUAL-001;ELEC-RESEARCH-20260815-001;OWNER-APP014-REPLACEABLE-SLEEVE-20260817,partial_input,false,false,7a50b87e8f48a7c2bfbaa9f1dabdfca7155fa684b2325c66aa1ae15c8ab0a25c
S701-APP-016,家电与移动厨电,APP-016,垃圾处理器,使用=西厨水槽柜,存放候选=西厨水槽柜；使用候选=西厨水槽柜,铭牌功率,OWNER-INBOX-20260814-001;OUTBOUND-FORM-PLUM-20260817;APP-016-FRANKE-SLIM50-CN-RESEARCH-20260818;OUTBOUND-FORM-KITCHEN-20260818,partial_input,false,false,7a50b87e8f48a7c2bfbaa9f1dabdfca7155fa684b2325c66aa1ae15c8ab0a25c
S701-APP-017,家电与移动厨电,APP-017,西门子洗衣机＋热泵干衣机叠放套装,使用=中厨家政位,存放候选=中厨家政位；使用候选=中厨家政位,仍须厂家安装图与现场接口复核,IFC-FORMAL-001;OWNER-INBOX-20260814-001;APP-017-SIEMENS-WASHER-WEB-001;APP-017-SIEMENS-WASHER-MANUAL-001;APP-017-SIEMENS-DRYER-WEB-001;APP-017-SIEMENS-DRYER-MANUAL-001;APP-017-SIEMENS-WTZ27510-WEB-001;APP-017-SIEMENS-STACKKIT-MANUAL-001;ELEC-RESEARCH-20260815-001;OUTBOUND-FORM-PLUM-20260817;OWNER-RESPONSE-HVAC-PLUM-20260818,partial_input,false,false,7a50b87e8f48a7c2bfbaa9f1dabdfca7155fa684b2325c66aa1ae15c8ab0a25c
S701-APP-018,家电与移动厨电,APP-018,Huawei 联通智家设备,使用=玄关弱电箱,存放候选=玄关弱电箱；使用候选=玄关弱电箱,型号、铭牌功率、证据,source-evidence-register.csv,partial_input,false,false,7a50b87e8f48a7c2bfbaa9f1dabdfca7155fa684b2325c66aa1ae15c8ab0a25c
S701-APP-019,家电与移动厨电,APP-019,冰淇淋机,尚无关闭项,存放候选=厨房台面／可取放柜格，待 I-501；使用候选=厨房稳定台面，待 I-501,铭牌功率、给水接口、排水接口、燃气、通风,OWNER-INPUT-APP019-20260815;OUTBOUND-FORM-KITCHEN-20260818,partial_input,false,false,7a50b87e8f48a7c2bfbaa9f1dabdfca7155fa684b2325c66aa1ae15c8ab0a25c
S701-APP-020,家电与移动厨电,APP-020,已购惠人 H70FT 原汁机,存放=岛台下；使用=厨房台面,无位置候选,铭牌功率、给水接口、排水接口、燃气、通风,OWNER-KITCHEN-H70FT-20260820;OUTBOUND-FORM-KITCHEN-20260818,partial_input,false,false,7a50b87e8f48a7c2bfbaa9f1dabdfca7155fa684b2325c66aa1ae15c8ab0a25c
S701-KTOOL-001,家电与移动厨电,KTOOL-001,Dreamfarm Clongs 食品夹,已购；存放分组=K-D01,K-D01 长工具,到货实物 SKU／包络、抽屉内净尺寸、摆样、导轨与承重,OWNER-KITCHEN-TOOLS-PURCHASED-20260820,purchased_delivery_unverified_storage_group_confirmed,false,false,7a50b87e8f48a7c2bfbaa9f1dabdfca7155fa684b2325c66aa1ae15c8ab0a25c
S701-KTOOL-002,家电与移动厨电,KTOOL-002,Kuhn Rikon 夹碗夹,已购；存放分组=K-D01,K-D01 长工具,到货实物 SKU／包络、抽屉内净尺寸、摆样、导轨与承重,OWNER-KITCHEN-TOOLS-PURCHASED-20260820,purchased_delivery_unverified_storage_group_confirmed,false,false,7a50b87e8f48a7c2bfbaa9f1dabdfca7155fa684b2325c66aa1ae15c8ab0a25c
S701-KTOOL-003,家电与移动厨电,KTOOL-003,Coravin Model 6+ 酒具套装,已购；存放分组=K-D02,K-D02 独立酒具抽／柜格,到货实物 SKU／包络、抽屉内净尺寸、摆样、导轨与承重,OWNER-KITCHEN-TOOLS-PURCHASED-20260820,purchased_delivery_unverified_storage_group_confirmed,false,false,7a50b87e8f48a7c2bfbaa9f1dabdfca7155fa684b2325c66aa1ae15c8ab0a25c
S701-KTOOL-004,家电与移动厨电,KTOOL-004,Alessi Pots&Pans 木制厨具三件套,已购；存放分组=K-D01,K-D01 长工具,到货实物 SKU／包络、抽屉内净尺寸、摆样、导轨与承重,OWNER-KITCHEN-TOOLS-PURCHASED-20260820,purchased_delivery_unverified_storage_group_confirmed,false,false,7a50b87e8f48a7c2bfbaa9f1dabdfca7155fa684b2325c66aa1ae15c8ab0a25c
S701-KTOOL-005,家电与移动厨电,KTOOL-005,Dreamfarm Garject 压蒜器,已购；存放分组=K-D01,K-D01 长工具,到货实物 SKU／包络、抽屉内净尺寸、摆样、导轨与承重,OWNER-KITCHEN-TOOLS-PURCHASED-20260820,purchased_delivery_unverified_storage_group_confirmed,false,false,7a50b87e8f48a7c2bfbaa9f1dabdfca7155fa684b2325c66aa1ae15c8ab0a25c
S701-KTOOL-006,家电与移动厨电,KTOOL-006,Dreamfarm Bishears 厨房剪,已购；存放分组=K-D01,K-D01 长工具,到货实物 SKU／包络、抽屉内净尺寸、摆样、导轨与承重,OWNER-KITCHEN-TOOLS-PURCHASED-20260820,purchased_delivery_unverified_storage_group_confirmed,false,false,7a50b87e8f48a7c2bfbaa9f1dabdfca7155fa684b2325c66aa1ae15c8ab0a25c
S701-KTOOL-007,家电与移动厨电,KTOOL-007,不锈钢单柄奶锅与玻璃沥水盖,已购；存放分组=K-D03,K-D03 深锅具抽,到货实物 SKU／包络、抽屉内净尺寸、摆样、导轨与承重,OWNER-KITCHEN-TOOLS-PURCHASED-20260820,purchased_delivery_unverified_storage_group_confirmed,false,false,7a50b87e8f48a7c2bfbaa9f1dabdfca7155fa684b2325c66aa1ae15c8ab0a25c
S701-KTOOL-008,家电与移动厨电,KTOOL-008,HARIO 胡桃木 V60 玻璃套装,已购；存放分组=K-D04,K-D04 易碎咖啡器具抽,到货实物 SKU／包络、抽屉内净尺寸、摆样、导轨与承重,OWNER-KITCHEN-TOOLS-PURCHASED-20260820,purchased_delivery_unverified_storage_group_confirmed,false,false,7a50b87e8f48a7c2bfbaa9f1dabdfca7155fa684b2325c66aa1ae15c8ab0a25c
S701-M01,门窗与五金,0KYkZzyYj4leM7EZCh3ZYW,M01 · Door,身份/定位；名义尺寸 1465×2240 mm,OperationType=SLIDING_TO_LEFT,厂家门窗表、五金型号、安装/收口与现场复核,IFC-FORMAL-001,observed_geometry_hardware_pending,false,false,7a50b87e8f48a7c2bfbaa9f1dabdfca7155fa684b2325c66aa1ae15c8ab0a25c
S701-M02,门窗与五金,0KtzVrwAn5aBZMFpM3Ygkt,M02 · Door,身份/定位；名义尺寸 1465×2240 mm,OperationType=SLIDING_TO_LEFT,厂家门窗表、五金型号、安装/收口与现场复核,IFC-FORMAL-001,observed_geometry_hardware_pending,false,false,7a50b87e8f48a7c2bfbaa9f1dabdfca7155fa684b2325c66aa1ae15c8ab0a25c
S701-M03,门窗与五金,1To6gRjrf2nBU5GQuuD8FV,M03 · Door,身份/定位；名义尺寸 800×2000 mm,OperationType=SINGLE_SWING_RIGHT,厂家门窗表、五金型号、安装/收口与现场复核,IFC-FORMAL-001,observed_geometry_hardware_pending,false,false,7a50b87e8f48a7c2bfbaa9f1dabdfca7155fa684b2325c66aa1ae15c8ab0a25c
S701-M04,门窗与五金,3xKBbA2CT9mfby2$MODnzM,M04 · 次卧门,身份/定位；名义尺寸 900×2000 mm,OperationType=SINGLE_SWING_LEFT,厂家门窗表、五金型号、安装/收口与现场复核,IFC-FORMAL-001,observed_geometry_hardware_pending,false,false,7a50b87e8f48a7c2bfbaa9f1dabdfca7155fa684b2325c66aa1ae15c8ab0a25c
S701-M05,门窗与五金,2D5BPoo2XFSvhTdfPenCh7,M05 · Rimadesio Sail 格栅门板,身份/定位；名义尺寸 1000×2400 mm,OperationType=Sail MONOROTAIA single-track single-leaf; slide east/drawing-right,厂家门窗表、五金型号、安装/收口与现场复核,IFC-FORMAL-001;RIMADESIO-SAIL-PRODUCT-PDF-001;RIMADESIO-SAIL-MONOROTAIA-001;OUTBOUND-FORM-DOOR-20260817;OUTBOUND-FORM-DOOR-VENDOR-20260817,observed_geometry_hardware_pending,false,false,7a50b87e8f48a7c2bfbaa9f1dabdfca7155fa684b2325c66aa1ae15c8ab0a25c
S701-M06,门窗与五金,0zjVS5FBbBewgUkk0fdfiv,M06 · Rimadesio Sail 轨道,身份/定位；名义尺寸 2000× mm,OperationType=Sail MONOROTAIA concealed ceiling track; east/drawing-right slide; no continuous floor track; lower anti-sway/positioning component per Rimadesio final shop drawing,厂家门窗表、五金型号、安装/收口与现场复核,IFC-FORMAL-001;RIMADESIO-SAIL-MONOROTAIA-001;OUTBOUND-FORM-DOOR-20260817;OUTBOUND-FORM-DOOR-VENDOR-20260817,observed_geometry_hardware_pending,false,false,7a50b87e8f48a7c2bfbaa9f1dabdfca7155fa684b2325c66aa1ae15c8ab0a25c
S701-M07,门窗与五金,1TW6$_GfnABRZusYvx0zZG,M07 · 主卧门,身份/定位；名义尺寸 950×2400 mm,OperationType=single Pivot; opens inward to master; parks at drawing-right fixed wall/guest-bedroom side,厂家门窗表、五金型号、安装/收口与现场复核,IFC-FORMAL-001;POLIFORM-ARCHITECTURAL-PDF-001;OUTBOUND-FORM-DOOR-20260817;OUTBOUND-FORM-DOOR-VENDOR-20260817,observed_geometry_hardware_pending,false,false,7a50b87e8f48a7c2bfbaa9f1dabdfca7155fa684b2325c66aa1ae15c8ab0a25c
S701-M08,门窗与五金,2dxcvMre5F6fk90OTXSFJH,M08 · Door,身份/定位；名义尺寸 900×2000 mm,OperationType=SINGLE_SWING_LEFT,厂家门窗表、五金型号、安装/收口与现场复核,IFC-FORMAL-001,observed_geometry_hardware_pending,false,false,7a50b87e8f48a7c2bfbaa9f1dabdfca7155fa684b2325c66aa1ae15c8ab0a25c
S701-W01,门窗与五金,2lLDddG5f06Q_oQZwIEaZ8,W01 · Window.003,身份/定位；名义尺寸 640×1730 mm,OperationType=DOUBLE_PANEL_HORIZONTAL,厂家门窗表、五金型号、安装/收口与现场复核,IFC-FORMAL-001,observed_geometry_hardware_pending,false,false,7a50b87e8f48a7c2bfbaa9f1dabdfca7155fa684b2325c66aa1ae15c8ab0a25c
S701-W02,门窗与五金,2nisU4bAr9MfEP9b7LwE2g,W02 · Window.008,身份/定位；名义尺寸 1180×1780 mm,OperationType=TRIPLE_PANEL_RIGHT,厂家门窗表、五金型号、安装/收口与现场复核,IFC-FORMAL-001,observed_geometry_hardware_pending,false,false,7a50b87e8f48a7c2bfbaa9f1dabdfca7155fa684b2325c66aa1ae15c8ab0a25c
S701-W03,门窗与五金,0sj5O$jhz2Huyt2vHf63WK,W03 · Window.011,身份/定位；名义尺寸 1180×1780 mm,OperationType=TRIPLE_PANEL_RIGHT,厂家门窗表、五金型号、安装/收口与现场复核,IFC-FORMAL-001,observed_geometry_hardware_pending,false,false,7a50b87e8f48a7c2bfbaa9f1dabdfca7155fa684b2325c66aa1ae15c8ab0a25c
S701-W04,门窗与五金,137J_TtpvDY9ZtjaOlzqN6,W04 · Window,身份/定位；名义尺寸 1560×1780 mm,OperationType=TRIPLE_PANEL_RIGHT,厂家门窗表、五金型号、安装/收口与现场复核,IFC-FORMAL-001,observed_geometry_hardware_pending,false,false,7a50b87e8f48a7c2bfbaa9f1dabdfca7155fa684b2325c66aa1ae15c8ab0a25c
S701-W05,门窗与五金,2dOhpqsXX1VP_tLBFGpjmu,W05 · Window.002,身份/定位；名义尺寸 640×1730 mm,OperationType=DOUBLE_PANEL_HORIZONTAL,厂家门窗表、五金型号、安装/收口与现场复核,IFC-FORMAL-001,observed_geometry_hardware_pending,false,false,7a50b87e8f48a7c2bfbaa9f1dabdfca7155fa684b2325c66aa1ae15c8ab0a25c
S701-W06,门窗与五金,3tH7BX5UbF2uE6eYlcKELR,W06 · Window.010,身份/定位；名义尺寸 430×1780 mm,OperationType=SINGLE_PANEL,厂家门窗表、五金型号、安装/收口与现场复核,IFC-FORMAL-001,observed_geometry_hardware_pending,false,false,7a50b87e8f48a7c2bfbaa9f1dabdfca7155fa684b2325c66aa1ae15c8ab0a25c
S701-W07,门窗与五金,3PzBz6aub8V8l6xG$qanOV,W07 · Window.009,身份/定位；名义尺寸 680×1780 mm,OperationType=DOUBLE_PANEL_HORIZONTAL,厂家门窗表、五金型号、安装/收口与现场复核,IFC-FORMAL-001,observed_geometry_hardware_pending,false,false,7a50b87e8f48a7c2bfbaa9f1dabdfca7155fa684b2325c66aa1ae15c8ab0a25c
S701-W08,门窗与五金,3ttzd3zSL0JA3lLsFDfLiR,W08 · Window,身份/定位；名义尺寸 2490×1780 mm,OperationType=TRIPLE_PANEL_RIGHT,厂家门窗表、五金型号、安装/收口与现场复核,IFC-FORMAL-001,observed_geometry_hardware_pending,false,false,7a50b87e8f48a7c2bfbaa9f1dabdfca7155fa684b2325c66aa1ae15c8ab0a25c
S701-W09,门窗与五金,1KBBoRNWb1Svpz9__rmYKy,W09 · Window.007,身份/定位；名义尺寸 1180×1720 mm,OperationType=TRIPLE_PANEL_LEFT,厂家门窗表、五金型号、安装/收口与现场复核,IFC-FORMAL-001,observed_geometry_hardware_pending,false,false,7a50b87e8f48a7c2bfbaa9f1dabdfca7155fa684b2325c66aa1ae15c8ab0a25c
S701-W10,门窗与五金,1uQsUUwhT9Y8fHZJQtvJqa,W10 · Window.004,身份/定位；名义尺寸 1180×1720 mm,OperationType=TRIPLE_PANEL_LEFT,厂家门窗表、五金型号、安装/收口与现场复核,IFC-FORMAL-001,observed_geometry_hardware_pending,false,false,7a50b87e8f48a7c2bfbaa9f1dabdfca7155fa684b2325c66aa1ae15c8ab0a25c
S701-W11,门窗与五金,1_4ddWLZ96JQ3X7SvSZrnR,W11 · Window,身份/定位；名义尺寸 1500×1340 mm,OperationType=DOUBLE_PANEL_VERTICAL,厂家门窗表、五金型号、安装/收口与现场复核,IFC-FORMAL-001,observed_geometry_hardware_pending,false,false,7a50b87e8f48a7c2bfbaa9f1dabdfca7155fa684b2325c66aa1ae15c8ab0a25c
S701-WINTR-001,门窗与五金,WINTR-001,公共区日帘,产品家族与颜色方向确认,采购状态=not_selected,finished_measure_split_control_track_shopdrawing,OWNER-INT1-WINDOW-TREATMENTS-20260818,owner_direction_detail_pending,false,false,7a50b87e8f48a7c2bfbaa9f1dabdfca7155fa684b2325c66aa1ae15c8ab0a25c
S701-WINTR-002,门窗与五金,WINTR-002,卧室日帘,产品家族与颜色方向确认,采购状态=not_selected,finished_measure_split_control_track_shopdrawing,OWNER-INT1-WINDOW-TREATMENTS-20260818,owner_direction_detail_pending,false,false,7a50b87e8f48a7c2bfbaa9f1dabdfca7155fa684b2325c66aa1ae15c8ab0a25c
S701-WINTR-003,门窗与五金,WINTR-003,厨卫防潮百叶,灰黑色方向确认,采购状态=not_selected,finished_measure_split_control_track_shopdrawing,OWNER-INT1-WINDOW-TREATMENTS-20260818,owner_direction_detail_pending,false,false,7a50b87e8f48a7c2bfbaa9f1dabdfca7155fa684b2325c66aa1ae15c8ab0a25c
S701-WINTR-004,门窗与五金,WINTR-004,卧室夜间遮光系统,两案比价，尚未终选,采购状态=not_selected,finished_measure_split_control_track_shopdrawing,OWNER-INT1-WINDOW-TREATMENTS-20260818,owner_direction_detail_pending,false,false,7a50b87e8f48a7c2bfbaa9f1dabdfca7155fa684b2325c66aa1ae15c8ab0a25c
S701-WIN-OPENER-001,门窗与五金,WIN-OPENER-001,既有窗手摇开窗器改造,纯机械，不加电源与智能联动,采购状态=candidate,exact_product_force_angle_hole_spacing_substrate_waterproof_mockup,OWNER-WIN-CRANK-RETROFIT-20260820;OWNER-WIN-CRANK-PHOTO-01-20260820;OWNER-WIN-CRANK-PHOTO-02-20260820,owner_direction_detail_pending,false,false,7a50b87e8f48a7c2bfbaa9f1dabdfca7155fa684b2325c66aa1ae15c8ab0a25c
S701-HVAC-AC700F,暖通设备类型,10_Arew0nAGOoYjFDTyzcn,AC700F,当前 IFC 已分配类型；实例数 2,RPIZ-22FSLN5QDF/P 700x447x192,最终精确型号、接口坐标、功率、风量、检修条件,RCP1-HVAC-IFACE-001,observed_type_not_final_selection,false,false,7a50b87e8f48a7c2bfbaa9f1dabdfca7155fa684b2325c66aa1ae15c8ab0a25c
S701-HVAC-AC700,暖通设备类型,2dvNw761v4cgkv5QvrQtre,AC700,当前 IFC 已分配类型；实例数 2,RPIZ-22FSLN5QD/P 700x447x192,最终精确型号、接口坐标、功率、风量、检修条件,RCP1-HVAC-IFACE-002,observed_type_not_final_selection,false,false,7a50b87e8f48a7c2bfbaa9f1dabdfca7155fa684b2325c66aa1ae15c8ab0a25c
S701-HVAC-AC1180,暖通设备类型,0greWYU5v9BBjuI$1v0flf,AC1180,当前 IFC 已分配类型；实例数 1,RPIZ-71FSLN5QD/P 1180x447x192,最终精确型号、接口坐标、功率、风量、检修条件,RCP1-HVAC-IFACE-003;RCP1-HVAC-IFACE-005;OUTBOUND-FORM-HVAC-20260817;OWNER-HVAC-INSULATION-PHOTOS-20260819,observed_type_not_final_selection,false,false,7a50b87e8f48a7c2bfbaa9f1dabdfca7155fa684b2325c66aa1ae15c8ab0a25c
S701-HVAC-INS-EXISTING-001,暖通设备类型,HVAC-INS-EXISTING-001,既有华美 Class 1 橡塑保温管套,现场观察 11 种 ID×TK 规格；华美 Class 1 产品族性能已登记,现场观察值不是最终设计厚度,M-401 逐段管径与防结露计算、日立／安装方按图复核,OWNER-HVAC-INSULATION-PHOTOS-20260819;HUAMEI-CLASS1-OFFICIAL-20260819,existing_observation_final_schedule_pending,false,false,7a50b87e8f48a7c2bfbaa9f1dabdfca7155fa684b2325c66aa1ae15c8ab0a25c
S701-DRAIN-CUSTOM-001,洁具与排水,DRAIN-CUSTOM-001,厕所定制水母地漏/中央集水器＋托克乐思网＋线性排水渠组合,定制渠道与组合方向已由业主确认,owner_selected_custom_vendor_direction,房间/数量、准确组件型号、厂家 shop drawing、排水/防水/完成面接口,OWNER-PLUM-CUSTOM-DRAIN-20260817,owner_selected_custom_direction_shop_drawing_pending,false,false,7a50b87e8f48a7c2bfbaa9f1dabdfca7155fa684b2325c66aa1ae15c8ab0a25c
S701-SAN-023,洁具与排水,SAN-023,已购暗装面盆龙头,已购买，数量 1；订单款式=拉丝金／双把,项目位置候选=BATHG 客卫干区／Falper Sorgente 协调候选；MF287（卖家分享标识；非已验证厂家料号）,exact_manufacturer_article_and_sku、dimension_units_centres_and_valve_envelope、final_room_mapping_and_project_coordinates,OWNER-PLUM-PURCHASED-FAUCETS-20260820;OWNER-PLUM-FAUCETS-ORDER-IMAGE-20260820;OWNER-PLUM-MF287-INSTALL-IMAGE-20260820,purchased_delivery_unverified_installation_pending,false,false,7a50b87e8f48a7c2bfbaa9f1dabdfca7155fa684b2325c66aa1ae15c8ab0a25c
S701-SAN-024,洁具与排水,SAN-024,已购双孔台面面盆龙头,已购买，数量 1；订单款式=拉丝金半圆款／双孔分体,项目位置候选=BATHM 主卫／antoniolupi Street 协调候选；CZ356（卖家分享标识；非已验证厂家料号）,exact_manufacturer_article_and_sku、hole_diameters_centres_and_countertop_range、supply_interfaces_and_valve_access、final_room_mapping_and_project_coordinates,OWNER-PLUM-PURCHASED-FAUCETS-20260820;OWNER-PLUM-FAUCETS-ORDER-IMAGE-20260820,purchased_delivery_unverified_installation_pending,false,false,7a50b87e8f48a7c2bfbaa9f1dabdfca7155fa684b2325c66aa1ae15c8ab0a25c
S701-SAN-025,洁具与排水,SAN-025,已购暗装淋浴花洒,已购买，数量 1；订单款式=拉丝金色墙出式／顶喷＋手持关系,项目位置候选=两个淋浴区之一；准确房间待 I-502；CZ028（卖家分享标识；非已验证厂家料号）,exact_manufacturer_article_and_sku、valve_envelope_depth_opening_units_and_datum、interfaces_outputs_pressure_and_flow、final_room_mapping_and_second_shower_product,OWNER-PLUM-PURCHASED-FAUCETS-20260820;OWNER-PLUM-FAUCETS-ORDER-IMAGE-20260820;OWNER-PLUM-CZ028-INSTALL-IMAGE-20260820,purchased_delivery_unverified_installation_pending,false,false,7a50b87e8f48a7c2bfbaa9f1dabdfca7155fa684b2325c66aa1ae15c8ab0a25c
S701-PLUM-LAUNDRY-TRAP-001,洁具与排水,PLUM-LAUNDRY-TRAP-001,洗烘双独立存水弯组合候选,两台设备各自独立存水弯后下游合流,优先候选=Taobao item 703917654224 / SKU 5125125938318；未采购,exact_parts_interfaces_water_seal_envelope_and_height、anti_crossflow_access_and_two_machine_test,OWNER-PLUM-GEBERIT-DOUBLE-TRAP-20260819,candidate_project_detail_external_review_pending,false,false,7a50b87e8f48a7c2bfbaa9f1dabdfca7155fa684b2325c66aa1ae15c8ab0a25c
S701-WFIN-R02,墙面材料系统,WFIN-R02,tadelakt-system,当前候选分段中 24 段为 Tadelakt 意图；最终产品选择由用户统一延后,材料方向候选，不代表产品确认,确认产品系统、颜色样板、完成面总厚、基层和湿区防水/收口节点,wfin-open-issues.csv,decision_required,false,false,7a50b87e8f48a7c2bfbaa9f1dabdfca7155fa684b2325c66aa1ae15c8ab0a25c
S701-WFIN-R03,墙面材料系统,WFIN-R03,white-wall-system,当前候选分段中 26 段为大白墙；其中两件跨 Space 对象已由用户确认为整件大白墙，最终产品选择统一延后,材料方向候选，不代表产品确认,确认涂料体系、白色样板/光泽、基层处理和完成面总厚,wfin-open-issues.csv,decision_required,false,false,7a50b87e8f48a7c2bfbaa9f1dabdfca7155fa684b2325c66aa1ae15c8ab0a25c
S701-WFIN-R05,墙面材料系统,WFIN-R05,kitchen-countertop-match-slab-and-shallow-shelf-system,全生堂商家明确建议厨房贴砖便于打理；业主随后确认灶台操作墙采用台面同材大板、远端墙采用浅置物架，并撤回中厨全墙全生堂方案,材料方向候选，不代表产品确认,由 I-501／全屋定制明确灶台操作墙与远端墙；提交大板材质、厚度、板幅、拼缝、耐热、开孔和收口，以及浅置物架宽深高、层数、承载、固定基层、背衬和清洁方式,wfin-open-issues.csv,decision_required,false,false,7a50b87e8f48a7c2bfbaa9f1dabdfca7155fa684b2325c66aa1ae15c8ab0a25c
