source_id,discipline,sheet_id,decision_scope,source_kind,source_document,source_url,local_path,sha256,locator,evidence,proves,does_not_prove,status,confidence,review_required,formal_ifc_write_allowed,manufacturer,model_scope,revision,publication_date,legacy_targets,legacy_projection_json,notes
E304-CAD-001,ELEC,E-304,弱电箱所在家具,official_dwg,01 成品房(D1户型-115)平面系统图.dwg,,/Users/jiaxinchen/Documents/Projects/仁恒-滨海湾/图纸/矩阵纵横/01 成品房(D1户型-115)平面系统图.dwg,ba355f6a90732ad07f843d59e8bab5e1da9daffe7aed74889d1d265b2ce22d7e,通用说明；验证转换DXF BLOCK A$C5B8D7635 / TEXT #2598C0,强电箱、弱电箱配置于过道高柜内，见机电综合点位图,强弱电箱位于过道高柜,路由器产品与安装高度及柜内层位,verified_official_source,1.00,no,no,,,,,elec-source-evidence.csv,"{""evidence_id"":""E304-CAD-001"",""discipline"":""ELEC"",""sheet_id"":""E-304"",""decision_scope"":""弱电箱所在家具"",""source_kind"":""official_dwg"",""source_document"":""01 成品房(D1户型-115)平面系统图.dwg"",""source_sha256"":""ba355f6a90732ad07f843d59e8bab5e1da9daffe7aed74889d1d265b2ce22d7e"",""source_locator"":""通用说明；验证转换DXF BLOCK A$C5B8D7635 / TEXT #2598C0"",""evidence"":""强电箱、弱电箱配置于过道高柜内，见机电综合点位图"",""proves"":""强弱电箱位于过道高柜"",""does_not_prove"":""路由器产品与安装高度及柜内层位"",""status"":""verified_official_source"",""confidence"":""1.00"",""review_required"":""no"",""formal_ifc_write_allowed"":""no"",""notes"":""原始DWG哈希固定；文字实体由验证转换DXF机械读取""}",原始DWG哈希固定；文字实体由验证转换DXF机械读取
E304-CAD-002,ELEC,E-304,弱电箱平面柜格及安装基准,verified_dwg_conversion,d1-handover-plan.dxf,,tmp/dwg/d1-handover-plan.dxf,706483de83d90e526d7d7cf4f0b097902a4f97868c16aba5f6fac9d9e942f0f0,E-2弱电平面图；VIEWPORT #224238；LEADER #224271；TEXT #224270/#224295；柜体 #22017E/#220182,"引线落点换算为IFC XY约(4600.016,-735.369)mm；弱电箱底边H+350mm；箱内预留五孔插座",弱电箱所在右侧高柜柜格和平面坐标及弱电箱底边基准,路由器自身Z和供电数据端口散热检修条件,verified_conversion_evidence,1.00,no,no,,,,,elec-source-evidence.csv,"{""evidence_id"":""E304-CAD-002"",""discipline"":""ELEC"",""sheet_id"":""E-304"",""decision_scope"":""弱电箱平面柜格及安装基准"",""source_kind"":""verified_dwg_conversion"",""source_document"":""d1-handover-plan.dxf"",""source_sha256"":""706483de83d90e526d7d7cf4f0b097902a4f97868c16aba5f6fac9d9e942f0f0"",""source_locator"":""E-2弱电平面图；VIEWPORT #224238；LEADER #224271；TEXT #224270/#224295；柜体 #22017E/#220182"",""evidence"":""引线落点换算为IFC XY约(4600.016,-735.369)mm；弱电箱底边H+350mm；箱内预留五孔插座"",""proves"":""弱电箱所在右侧高柜柜格和平面坐标及弱电箱底边基准"",""does_not_prove"":""路由器自身Z和供电数据端口散热检修条件"",""status"":""verified_conversion_evidence"",""confidence"":""1.00"",""review_required"":""no"",""formal_ifc_write_allowed"":""no"",""notes"":""纸空间经50倍视口与Grid偏移机械换算；H+350不得当作路由器高度""}",纸空间经50倍视口与Grid偏移机械换算；H+350不得当作路由器高度
E304-USER-001,ELEC,E-304,客厅书房共享路由器位置,user_confirmation,Codex task 2026-08-10,,Codex task 2026-08-10,not_applicable_user_confirmation,用户本轮明确“Router 得放门口的柜子里头”,共享路由器放入户玄关/过道高柜的弱电箱柜位,用户对柜位的设计确认,具体产品Z层板散热检修供电通信及弱电拓扑,position_confirmed_details_pending,1.00,yes,no,,,,,elec-source-evidence.csv,"{""evidence_id"":""E304-USER-001"",""discipline"":""ELEC"",""sheet_id"":""E-304"",""decision_scope"":""客厅书房共享路由器位置"",""source_kind"":""user_confirmation"",""source_document"":""Codex task 2026-08-10"",""source_sha256"":""not_applicable_user_confirmation"",""source_locator"":""用户本轮明确“Router 得放门口的柜子里头”"",""evidence"":""共享路由器放入户玄关/过道高柜的弱电箱柜位"",""proves"":""用户对柜位的设计确认"",""does_not_prove"":""具体产品Z层板散热检修供电通信及弱电拓扑"",""status"":""position_confirmed_details_pending"",""confidence"":""1.00"",""review_required"":""yes"",""formal_ifc_write_allowed"":""no"",""notes"":""服务客厅与书房开放空间；主卧次卧仍各设有线回程AP""}",服务客厅与书房开放空间；主卧次卧仍各设有线回程AP
E304-PHOTO-001,ELEC,E-304,弱电箱外观及所在柜格,user_site_photo,drawings/evidence/E304-entry-cabinet-weak-current-box-closed.jpg,,drawings/evidence/E304-entry-cabinet-weak-current-box-closed.jpg,5f428bf20247e8a131ac4315e1f0c3958ab0e0e2823966f96cd7d80f4e1df938,弱电箱关闭状态近景；用户确认白色箱体为弱电箱,白色带面板散热孔箱体安装在玄关高柜右下柜格且柜格前方有独立层板,弱电箱外观、右下柜格位置及前方独立层板的现状关系,弱电箱内部设备身份、端口数量、柜体尺寸及路由器最终层位,verified_user_photo,1.00,no,no,,,,,elec-source-evidence.csv,"{""evidence_id"":""E304-PHOTO-001"",""discipline"":""ELEC"",""sheet_id"":""E-304"",""decision_scope"":""弱电箱外观及所在柜格"",""source_kind"":""user_site_photo"",""source_document"":""drawings/evidence/E304-entry-cabinet-weak-current-box-closed.jpg"",""source_sha256"":""5f428bf20247e8a131ac4315e1f0c3958ab0e0e2823966f96cd7d80f4e1df938"",""source_locator"":""弱电箱关闭状态近景；用户确认白色箱体为弱电箱"",""evidence"":""白色带面板散热孔箱体安装在玄关高柜右下柜格且柜格前方有独立层板"",""proves"":""弱电箱外观、右下柜格位置及前方独立层板的现状关系"",""does_not_prove"":""弱电箱内部设备身份、端口数量、柜体尺寸及路由器最终层位"",""status"":""verified_user_photo"",""confidence"":""1.00"",""review_required"":""no"",""formal_ifc_write_allowed"":""no"",""notes"":""原始960×1280 JPEG按字节固化；无比例尺不得据图量取施工尺寸""}",原始960×1280 JPEG按字节固化；无比例尺不得据图量取施工尺寸
APP-DW-SPEC-001,ELEC,E-303,APP-009/APP-010 洗碗机候选型号与额定负荷,official_product_spec,drawings/evidence/APP-009-010-Siemens-SJ85ZX26MC-specsheet.pdf,,drawings/evidence/APP-009-010-Siemens-SJ85ZX26MC-specsheet.pdf,32adbf767fc50dba3dcd4932b3d05b644ac3ae70dc3731f2935a2234553e22d4,p.1,Siemens SJ85ZX26MC；全嵌式 60 cm；2000 W；220 V；10 A；产品 775×598×550 mm；柜孔 H780–835×W600–608×D≥550 mm,候选型号的官方存在性、额定负荷及设备/柜孔包络,两台是否最终采购同型号、完整 E-Nr./FD、现场回路和安装点,verified_official_source,1.00,yes,no,,,,,elec-source-evidence.csv,"{""evidence_id"":""APP-DW-SPEC-001"",""discipline"":""ELEC"",""sheet_id"":""E-303"",""decision_scope"":""APP-009/APP-010 洗碗机候选型号与额定负荷"",""source_kind"":""official_product_spec"",""source_document"":""drawings/evidence/APP-009-010-Siemens-SJ85ZX26MC-specsheet.pdf"",""source_sha256"":""32adbf767fc50dba3dcd4932b3d05b644ac3ae70dc3731f2935a2234553e22d4"",""source_locator"":""p.1"",""evidence"":""Siemens SJ85ZX26MC；全嵌式 60 cm；2000 W；220 V；10 A；产品 775×598×550 mm；柜孔 H780–835×W600–608×D≥550 mm"",""proves"":""候选型号的官方存在性、额定负荷及设备/柜孔包络"",""does_not_prove"":""两台是否最终采购同型号、完整 E-Nr./FD、现场回路和安装点"",""status"":""verified_official_source"",""confidence"":""1.00"",""review_required"":""yes"",""formal_ifc_write_allowed"":""no"",""notes"":""两台仍为未采购候选；不得升级为已购或到货产品""}",两台仍为未采购候选；不得升级为已购或到货产品
APP-DW-INSTALL-001,ELEC/PLUM/INT1,E-303/P-201/I-503,APP-009/APP-010 洗碗机柜体门板与给排水接口,official_installation_manual,drawings/evidence/APP-009-010-Siemens-SJ85ZX26MC-installation-9002067344_A.pdf,,drawings/evidence/APP-009-010-Siemens-SJ85ZX26MC-installation-9002067344_A.pdf,9abc6dfb936e7ea6ed729bdd775bd03a5e0ad0d0740322c05b20be184be49765,p.1–2,柜孔 H780–835×W600–608×D≥550 mm；管线孔≥100×50 mm；门板 W594、厚≤20 mm、重3.5–8.5 kg；进水 G3/4；排水接管 Ø38 mm且图示最低280 mm；0.05–1 MPa；≥10 L/min；冷水≤25°C,洗碗机柜孔、门板、进排水和管线孔的官方施工约束,实际门板高度与踢脚 c/d 套算、现场阀门/支管/软管路径、两机位侧板固定条件,verified_official_source,1.00,yes,no,,,,,elec-source-evidence.csv,"{""evidence_id"":""APP-DW-INSTALL-001"",""discipline"":""ELEC/PLUM/INT1"",""sheet_id"":""E-303/P-201/I-503"",""decision_scope"":""APP-009/APP-010 洗碗机柜体门板与给排水接口"",""source_kind"":""official_installation_manual"",""source_document"":""drawings/evidence/APP-009-010-Siemens-SJ85ZX26MC-installation-9002067344_A.pdf"",""source_sha256"":""9abc6dfb936e7ea6ed729bdd775bd03a5e0ad0d0740322c05b20be184be49765"",""source_locator"":""p.1–2"",""evidence"":""柜孔 H780–835×W600–608×D≥550 mm；管线孔≥100×50 mm；门板 W594、厚≤20 mm、重3.5–8.5 kg；进水 G3/4；排水接管 Ø38 mm且图示最低280 mm；0.05–1 MPa；≥10 L/min；冷水≤25°C"",""proves"":""洗碗机柜孔、门板、进排水和管线孔的官方施工约束"",""does_not_prove"":""实际门板高度与踢脚 c/d 套算、现场阀门/支管/软管路径、两机位侧板固定条件"",""status"":""verified_official_source"",""confidence"":""1.00"",""review_required"":""yes"",""formal_ifc_write_allowed"":""no"",""notes"":""c/d 仅能按官方图定义由橱柜深化套算；不得当作通用踢脚退距""}",c/d 仅能按官方图定义由橱柜深化套算；不得当作通用踢脚退距
APP-DW-MANUAL-001,ELEC/PLUM,E-303/P-201,APP-009/APP-010 洗碗机供电供水与检修条件,official_user_manual,drawings/evidence/APP-009-010-Siemens-SJ85ZX26MC-user-manual-9002057324_C.pdf,,drawings/evidence/APP-009-010-Siemens-SJ85ZX26MC-user-manual-9002057324_C.pdf,be25d46f970dd1b8c570c44d0c57ca06000118d0d358f607cc6ed95b6ed49d90,p.3–4、p.8、p.31–32,220 V/50 Hz；2000 W；官方保护范围10–16 A；插头须可操作或固定线路设断开装置；禁用延长线/排插；冷水≤25°C；台面下安装固定橱柜两侧,供电容量、断开可达性、供水范围及侧向固定要求,现场断路器/RCD/插座位置、是否最终采购、专用通风孔面积,verified_official_source,1.00,yes,no,,,,,elec-source-evidence.csv,"{""evidence_id"":""APP-DW-MANUAL-001"",""discipline"":""ELEC/PLUM"",""sheet_id"":""E-303/P-201"",""decision_scope"":""APP-009/APP-010 洗碗机供电供水与检修条件"",""source_kind"":""official_user_manual"",""source_document"":""drawings/evidence/APP-009-010-Siemens-SJ85ZX26MC-user-manual-9002057324_C.pdf"",""source_sha256"":""be25d46f970dd1b8c570c44d0c57ca06000118d0d358f607cc6ed95b6ed49d90"",""source_locator"":""p.3–4、p.8、p.31–32"",""evidence"":""220 V/50 Hz；2000 W；官方保护范围10–16 A；插头须可操作或固定线路设断开装置；禁用延长线/排插；冷水≤25°C；台面下安装固定橱柜两侧"",""proves"":""供电容量、断开可达性、供水范围及侧向固定要求"",""does_not_prove"":""现场断路器/RCD/插座位置、是否最终采购、专用通风孔面积"",""status"":""verified_official_source"",""confidence"":""1.00"",""review_required"":""yes"",""formal_ifc_write_allowed"":""no"",""notes"":""说明书支持设备可抽出检修的设计推论；未给出专用柜体通风孔尺寸""}",说明书支持设备可抽出检修的设计推论；未给出专用柜体通风孔尺寸
E304-PHOTO-002,ELEC,E-304,强弱电箱柜内竖向关系,user_site_photo,drawings/evidence/E304-entry-cabinet-overview.jpg,,drawings/evidence/E304-entry-cabinet-overview.jpg,e9d9bf64928f264d6d59a3184b791b3a92464ff8d36f5d09e651269d76c8508f,玄关高柜全景；用户确认上部透明盖箱为带空气开关的强电配电箱、下部白色箱为弱电箱,强电配电箱位于上部柜格且弱电箱位于右下柜格并由多层木质层板分隔,强弱电箱身份及柜内上下关系,柜体净深、准确标高、柜门关闭后的通风量及任何产品安装许可,verified_user_photo_with_identification,1.00,no,no,,,,,elec-source-evidence.csv,"{""evidence_id"":""E304-PHOTO-002"",""discipline"":""ELEC"",""sheet_id"":""E-304"",""decision_scope"":""强弱电箱柜内竖向关系"",""source_kind"":""user_site_photo"",""source_document"":""drawings/evidence/E304-entry-cabinet-overview.jpg"",""source_sha256"":""e9d9bf64928f264d6d59a3184b791b3a92464ff8d36f5d09e651269d76c8508f"",""source_locator"":""玄关高柜全景；用户确认上部透明盖箱为带空气开关的强电配电箱、下部白色箱为弱电箱"",""evidence"":""强电配电箱位于上部柜格且弱电箱位于右下柜格并由多层木质层板分隔"",""proves"":""强弱电箱身份及柜内上下关系"",""does_not_prove"":""柜体净深、准确标高、柜门关闭后的通风量及任何产品安装许可"",""status"":""verified_user_photo_with_identification"",""confidence"":""1.00"",""review_required"":""no"",""formal_ifc_write_allowed"":""no"",""notes"":""原始960×1280 JPEG按字节固化；照片支持实物关系但不替代尺寸复测""}",原始960×1280 JPEG按字节固化；照片支持实物关系但不替代尺寸复测
E304-PHOTO-003,ELEC,E-304,现状弱电箱内部设备与线缆,user_site_photo,drawings/evidence/E304-entry-cabinet-weak-current-box-open.jpg,,drawings/evidence/E304-entry-cabinet-weak-current-box-open.jpg,3d01b1292d7620389e3920cfbd3420a3f0bb1fd77d754a0f59c48ec56dc4d384,弱电箱开启且Huawei设备尚在箱内的近景,现状箱内有一件Huawei带天线网络设备、另一白色未识别组件、电源适配器、橙色网线和盘留线缆且设备线缆空间拥挤,上述设备和线缆在弱电箱内存在且空间拥挤的现状,白色组件身份、Huawei设备准确型号角色、端口映射、线路去向、剩余容量及最终网络拓扑,verified_user_photo,1.00,yes,no,,,,,elec-source-evidence.csv,"{""evidence_id"":""E304-PHOTO-003"",""discipline"":""ELEC"",""sheet_id"":""E-304"",""decision_scope"":""现状弱电箱内部设备与线缆"",""source_kind"":""user_site_photo"",""source_document"":""drawings/evidence/E304-entry-cabinet-weak-current-box-open.jpg"",""source_sha256"":""3d01b1292d7620389e3920cfbd3420a3f0bb1fd77d754a0f59c48ec56dc4d384"",""source_locator"":""弱电箱开启且Huawei设备尚在箱内的近景"",""evidence"":""现状箱内有一件Huawei带天线网络设备、另一白色未识别组件、电源适配器、橙色网线和盘留线缆且设备线缆空间拥挤"",""proves"":""上述设备和线缆在弱电箱内存在且空间拥挤的现状"",""does_not_prove"":""白色组件身份、Huawei设备准确型号角色、端口映射、线路去向、剩余容量及最终网络拓扑"",""status"":""verified_user_photo"",""confidence"":""1.00"",""review_required"":""yes"",""formal_ifc_write_allowed"":""no"",""notes"":""原始1280×960 JPEG按字节固化；不得仅凭商标或外观把设备认定为最终路由器、光猫或交换机""}",原始1280×960 JPEG按字节固化；不得仅凭商标或外观把设备认定为最终路由器、光猫或交换机
E304-PHOTO-004,ELEC,E-304,弱电箱无Huawei设备时的内部布线,user_site_photo,drawings/evidence/E304-entry-cabinet-weak-current-box-cabling.jpg,,drawings/evidence/E304-entry-cabinet-weak-current-box-cabling.jpg,b049f4e6232ae3603a066253b9c975503b691febf73d9802b863324670180909,Huawei设备取出后的弱电箱全景,弱电箱内保留电源、黑色穿线管、盘留的灰白及黄色线缆、橙色网线和一件白色未识别组件且箱下方已有线缆出箱条件,箱内盘留线缆、电源、穿线管、未识别组件及线缆出箱条件的现状,线缆类别与端点通断、白色组件身份、防火封堵状态和最终出线整理方案,verified_user_photo,1.00,yes,no,,,,,elec-source-evidence.csv,"{""evidence_id"":""E304-PHOTO-004"",""discipline"":""ELEC"",""sheet_id"":""E-304"",""decision_scope"":""弱电箱无Huawei设备时的内部布线"",""source_kind"":""user_site_photo"",""source_document"":""drawings/evidence/E304-entry-cabinet-weak-current-box-cabling.jpg"",""source_sha256"":""b049f4e6232ae3603a066253b9c975503b691febf73d9802b863324670180909"",""source_locator"":""Huawei设备取出后的弱电箱全景"",""evidence"":""弱电箱内保留电源、黑色穿线管、盘留的灰白及黄色线缆、橙色网线和一件白色未识别组件且箱下方已有线缆出箱条件"",""proves"":""箱内盘留线缆、电源、穿线管、未识别组件及线缆出箱条件的现状"",""does_not_prove"":""线缆类别与端点通断、白色组件身份、防火封堵状态和最终出线整理方案"",""status"":""verified_user_photo"",""confidence"":""1.00"",""review_required"":""yes"",""formal_ifc_write_allowed"":""no"",""notes"":""原始1280×960 JPEG按字节固化；盘留弯曲半径和线路标签须现场复核""}",原始1280×960 JPEG按字节固化；盘留弯曲半径和线路标签须现场复核
E304-PHOTO-005,ELEC,E-304,现有Huawei家庭网关与房间网线标签,user_site_photo,drawings/evidence/E304-entry-cabinet-existing-huawei-gateway.jpg,,drawings/evidence/E304-entry-cabinet-existing-huawei-gateway.jpg,24ef14dd6871b469a74ee167302d894214b0df30cc31eb4029df2a18f4d8a41b,Huawei联通智家设备为拍摄而暂时拉出弱电箱的近景,设备具外置天线并连接电源及三根带房间文字标签的橙色网线；照片用于读取设备外观和线缆标签,设备外观、外置天线、电源连接及三根网线可见标签候选,设备日常运行位置、准确型号、是否集成光猫或路由功能、标签与实际房间端点一致性、网线类别性能和最终设备复用决定,verified_user_photo_label_candidates,0.95,yes,no,,,,,elec-source-evidence.csv,"{""evidence_id"":""E304-PHOTO-005"",""discipline"":""ELEC"",""sheet_id"":""E-304"",""decision_scope"":""现有Huawei家庭网关与房间网线标签"",""source_kind"":""user_site_photo"",""source_document"":""drawings/evidence/E304-entry-cabinet-existing-huawei-gateway.jpg"",""source_sha256"":""24ef14dd6871b469a74ee167302d894214b0df30cc31eb4029df2a18f4d8a41b"",""source_locator"":""Huawei联通智家设备为拍摄而暂时拉出弱电箱的近景"",""evidence"":""设备具外置天线并连接电源及三根带房间文字标签的橙色网线；照片用于读取设备外观和线缆标签"",""proves"":""设备外观、外置天线、电源连接及三根网线可见标签候选"",""does_not_prove"":""设备日常运行位置、准确型号、是否集成光猫或路由功能、标签与实际房间端点一致性、网线类别性能和最终设备复用决定"",""status"":""verified_user_photo_label_candidates"",""confidence"":""0.95"",""review_required"":""yes"",""formal_ifc_write_allowed"":""no"",""notes"":""原始960×1280 JPEG按字节固化；可见标签候选为客厅、次卧、主卧，正式端口表须逐根通断测试后确认""}",原始960×1280 JPEG按字节固化；可见标签候选为客厅、次卧、主卧，正式端口表须逐根通断测试后确认
E304-USER-002,ELEC,E-304,现有Huawei设备日常运行位置,user_confirmation,Codex task 2026-08-11,,Codex task 2026-08-11,not_applicable_user_confirmation,用户纠正“但实际是放弱电箱里运行的”,现有Huawei联通智家设备日常放在金属弱电箱内部通电运行,现状设备的实际运行位置,最终网络设备是否复用现状位置以及该位置的散热射频检修信号覆盖和产品合规性,confirmed_existing_condition,1.00,no,no,,,,,elec-source-evidence.csv,"{""evidence_id"":""E304-USER-002"",""discipline"":""ELEC"",""sheet_id"":""E-304"",""decision_scope"":""现有Huawei设备日常运行位置"",""source_kind"":""user_confirmation"",""source_document"":""Codex task 2026-08-11"",""source_sha256"":""not_applicable_user_confirmation"",""source_locator"":""用户纠正“但实际是放弱电箱里运行的”"",""evidence"":""现有Huawei联通智家设备日常放在金属弱电箱内部通电运行"",""proves"":""现状设备的实际运行位置"",""does_not_prove"":""最终网络设备是否复用现状位置以及该位置的散热射频检修信号覆盖和产品合规性"",""status"":""confirmed_existing_condition"",""confidence"":""1.00"",""review_required"":""no"",""formal_ifc_write_allowed"":""no"",""notes"":""PHOTO-005仅为拍摄设备与端口标签而临时拉出箱体；不得把照片扩大为箱外运行证据""}",PHOTO-005仅为拍摄设备与端口标签而临时拉出箱体；不得把照片扩大为箱外运行证据
APP-011-PHOTO-001,ELEC,E-303/S-701,烤箱到货型号,user_product_photo,drawings/evidence/APP-011-siemens-HB754G2B1W-package-label.jpg,,drawings/evidence/APP-011-siemens-HB754G2B1W-package-label.jpg,85d7308bad518d6efada3d266edeeef43c7b0a874813457e78543d5d61932362,包装铭牌正面,包装标注 SIEMENS HB754G2B1W 且产地 Germany,本项目已到货烤箱的厂家与型号,包装内产品完好性、现场柜体尺寸、电源回路和安装完成状态,verified_user_product_photo,1.00,no,no,,,,,elec-source-evidence.csv,"{""evidence_id"":""APP-011-PHOTO-001"",""discipline"":""ELEC"",""sheet_id"":""E-303/S-701"",""decision_scope"":""烤箱到货型号"",""source_kind"":""user_product_photo"",""source_document"":""drawings/evidence/APP-011-siemens-HB754G2B1W-package-label.jpg"",""source_sha256"":""85d7308bad518d6efada3d266edeeef43c7b0a874813457e78543d5d61932362"",""source_locator"":""包装铭牌正面"",""evidence"":""包装标注 SIEMENS HB754G2B1W 且产地 Germany"",""proves"":""本项目已到货烤箱的厂家与型号"",""does_not_prove"":""包装内产品完好性、现场柜体尺寸、电源回路和安装完成状态"",""status"":""verified_user_product_photo"",""confidence"":""1.00"",""review_required"":""no"",""formal_ifc_write_allowed"":""no"",""notes"":""原始 JPEG 按字节固化；到货型号可冻结但安装接口仍须按官方资料和现场复核""}",原始 JPEG 按字节固化；到货型号可冻结但安装接口仍须按官方资料和现场复核
APP-011-OFFICIAL-001,ELEC,E-303/S-701,烤箱电气及柜体接口,official_product_pdf,drawings/evidence/APP-011-siemens-HB754G2B1W-specsheet.pdf,,drawings/evidence/APP-011-siemens-HB754G2B1W-specsheet.pdf,34a426197ae82d96c94d38637aaac91487f78431e1c0ee6b6633531b83aa1526,西门子/BSH 官方 PDF https://media3.bsh-group.com/Documents/specsheet/zh-CN/HB754G2B1W.pdf；第 1 页电气参数；第 2–4 页机身及橱柜安装尺寸图,最大功率 3400W；220V/50Hz；16A 插头；机身 595×594×548 mm；柜体开口宽 560–568 mm、高 585–595 mm、深≥550 mm；进风面积≥200 cm²,烤箱配电负荷及橱柜开口和通风输入,现场回路实测、柜体施工完成尺寸和最终安装验收,verified_official_source,1.00,no,no,,,,,elec-source-evidence.csv,"{""evidence_id"":""APP-011-OFFICIAL-001"",""discipline"":""ELEC"",""sheet_id"":""E-303/S-701"",""decision_scope"":""烤箱电气及柜体接口"",""source_kind"":""official_product_pdf"",""source_document"":""drawings/evidence/APP-011-siemens-HB754G2B1W-specsheet.pdf"",""source_sha256"":""34a426197ae82d96c94d38637aaac91487f78431e1c0ee6b6633531b83aa1526"",""source_locator"":""西门子/BSH 官方 PDF https://media3.bsh-group.com/Documents/specsheet/zh-CN/HB754G2B1W.pdf；第 1 页电气参数；第 2–4 页机身及橱柜安装尺寸图"",""evidence"":""最大功率 3400W；220V/50Hz；16A 插头；机身 595×594×548 mm；柜体开口宽 560–568 mm、高 585–595 mm、深≥550 mm；进风面积≥200 cm²"",""proves"":""烤箱配电负荷及橱柜开口和通风输入"",""does_not_prove"":""现场回路实测、柜体施工完成尺寸和最终安装验收"",""status"":""verified_official_source"",""confidence"":""1.00"",""review_required"":""no"",""formal_ifc_write_allowed"":""no"",""notes"":""官方 PDF 与到货包装型号一致；施工仍须按现场条件和产品安装说明复核""}",官方 PDF 与到货包装型号一致；施工仍须按现场条件和产品安装说明复核
APP-012-PHOTO-001,ELEC,E-303/S-701,燃气灶到货型号及铭牌,user_product_photo,drawings/evidence/APP-012-siemens-ER9EPA33MP-package-label-front.jpg,,drawings/evidence/APP-012-siemens-ER9EPA33MP-package-label-front.jpg,3e2d492962a979ba205e544ba1bf0b2cc4c4fd213d6ee96ba27ce98440769c5f,包装铭牌正面,包装标注 SIEMENS ER9EPA33MP/01、JZT-ER9EPA33MP、天然气 12T、2.0kPa、DC 1.5V 及左中右热负荷 5.2/2.0/5.2kW,本项目已到货燃气灶的型号、气源类别、压力、电池点火和热负荷,现场燃气表容量、管线走向、阀门位置、开孔完成尺寸和安装验收,verified_user_product_photo,1.00,no,no,,,,,elec-source-evidence.csv,"{""evidence_id"":""APP-012-PHOTO-001"",""discipline"":""ELEC"",""sheet_id"":""E-303/S-701"",""decision_scope"":""燃气灶到货型号及铭牌"",""source_kind"":""user_product_photo"",""source_document"":""drawings/evidence/APP-012-siemens-ER9EPA33MP-package-label-front.jpg"",""source_sha256"":""3e2d492962a979ba205e544ba1bf0b2cc4c4fd213d6ee96ba27ce98440769c5f"",""source_locator"":""包装铭牌正面"",""evidence"":""包装标注 SIEMENS ER9EPA33MP/01、JZT-ER9EPA33MP、天然气 12T、2.0kPa、DC 1.5V 及左中右热负荷 5.2/2.0/5.2kW"",""proves"":""本项目已到货燃气灶的型号、气源类别、压力、电池点火和热负荷"",""does_not_prove"":""现场燃气表容量、管线走向、阀门位置、开孔完成尺寸和安装验收"",""status"":""verified_user_product_photo"",""confidence"":""1.00"",""review_required"":""no"",""formal_ifc_write_allowed"":""no"",""notes"":""原始 JPEG 按字节固化；燃气热负荷不得写入额定电功率列""}",原始 JPEG 按字节固化；燃气热负荷不得写入额定电功率列
APP-012-PHOTO-002,ELEC,E-303/S-701,燃气灶到货批次侧标,user_product_photo,drawings/evidence/APP-012-siemens-ER9EPA33MP-package-label-side.jpg,,drawings/evidence/APP-012-siemens-ER9EPA33MP-package-label-side.jpg,fcaf47980d296ae516f3d98d40026b21095d4dc1eacf105b2f01c7fba265648d,包装侧面铭牌,侧标再次显示 ER9EPA33MP 并可见生产日期 2024-04-10,到货包装型号与正面铭牌交叉一致,产品序列号完整性、包装内产品状态和现场安装条件,verified_user_product_photo,1.00,no,no,,,,,elec-source-evidence.csv,"{""evidence_id"":""APP-012-PHOTO-002"",""discipline"":""ELEC"",""sheet_id"":""E-303/S-701"",""decision_scope"":""燃气灶到货批次侧标"",""source_kind"":""user_product_photo"",""source_document"":""drawings/evidence/APP-012-siemens-ER9EPA33MP-package-label-side.jpg"",""source_sha256"":""fcaf47980d296ae516f3d98d40026b21095d4dc1eacf105b2f01c7fba265648d"",""source_locator"":""包装侧面铭牌"",""evidence"":""侧标再次显示 ER9EPA33MP 并可见生产日期 2024-04-10"",""proves"":""到货包装型号与正面铭牌交叉一致"",""does_not_prove"":""产品序列号完整性、包装内产品状态和现场安装条件"",""status"":""verified_user_product_photo"",""confidence"":""1.00"",""review_required"":""no"",""formal_ifc_write_allowed"":""no"",""notes"":""原始 JPEG 按字节固化；日期只作为到货批次辅助证据""}",原始 JPEG 按字节固化；日期只作为到货批次辅助证据
APP-012-OFFICIAL-001,ELEC,E-303/S-701,燃气灶开孔通风及接驳,official_product_pdf,drawings/evidence/APP-012-siemens-ER9EPA33MP-installation.pdf,,drawings/evidence/APP-012-siemens-ER9EPA33MP-installation.pdf,41aee3b28b35f5005a2f7e31fbc36ffc28e3fe3a75367b463f31bc0b65d5a96e,西门子/BSH 官方 PDF https://media3.bsh-group.cn/Documents/8001249607_B.pdf；第 4 页技术参数；第 11 页 14.2–14.8 安装与燃气连接,外形 920×500×150 mm；开孔 880×455 mm、4×R15；橱柜通风口≥100 cm²；独立安装下方净空≥100 mm；下置电器时隔板至台面≥120 mm；燃气软管≤2 m 且阀门可达,燃气灶台面开孔、柜体通风净空和燃气接驳设计输入,现场燃气公司最终要求、橱柜实测、阀门与软管最终施工验收,verified_official_source,1.00,yes,no,,,,,elec-source-evidence.csv,"{""evidence_id"":""APP-012-OFFICIAL-001"",""discipline"":""ELEC"",""sheet_id"":""E-303/S-701"",""decision_scope"":""燃气灶开孔通风及接驳"",""source_kind"":""official_product_pdf"",""source_document"":""drawings/evidence/APP-012-siemens-ER9EPA33MP-installation.pdf"",""source_sha256"":""41aee3b28b35f5005a2f7e31fbc36ffc28e3fe3a75367b463f31bc0b65d5a96e"",""source_locator"":""西门子/BSH 官方 PDF https://media3.bsh-group.cn/Documents/8001249607_B.pdf；第 4 页技术参数；第 11 页 14.2–14.8 安装与燃气连接"",""evidence"":""外形 920×500×150 mm；开孔 880×455 mm、4×R15；橱柜通风口≥100 cm²；独立安装下方净空≥100 mm；下置电器时隔板至台面≥120 mm；燃气软管≤2 m 且阀门可达"",""proves"":""燃气灶台面开孔、柜体通风净空和燃气接驳设计输入"",""does_not_prove"":""现场燃气公司最终要求、橱柜实测、阀门与软管最终施工验收"",""status"":""verified_official_source"",""confidence"":""1.00"",""review_required"":""yes"",""formal_ifc_write_allowed"":""no"",""notes"":""官方 PDF 与到货包装型号一致；燃气接驳必须服从当地燃气公司和现场验收要求""}",官方 PDF 与到货包装型号一致；燃气接驳必须服从当地燃气公司和现场验收要求
APP-013-PHOTO-001,ELEC,E-303/S-701,油烟机到货型号及功率,user_product_photo,drawings/evidence/APP-013-siemens-LS33R6VB9W-package-label-front.jpg,,drawings/evidence/APP-013-siemens-LS33R6VB9W-package-label-front.jpg,fe22444cb2bfccbf65ce1ed5723ceab11b5345199061ea1af377664899702e94,包装铭牌正面,包装标注 SIEMENS LS33R6VB9W/01、CXW-380-LS33R6VB9W、额定输入 385W、包装尺寸 940×1000×615 mm,本项目已到货油烟机的厂家、型号、额定输入功率和包装尺寸,产品本体安装尺寸、烟管走向、止逆阀和吊顶检修条件,verified_user_product_photo,1.00,no,no,,,,,elec-source-evidence.csv,"{""evidence_id"":""APP-013-PHOTO-001"",""discipline"":""ELEC"",""sheet_id"":""E-303/S-701"",""decision_scope"":""油烟机到货型号及功率"",""source_kind"":""user_product_photo"",""source_document"":""drawings/evidence/APP-013-siemens-LS33R6VB9W-package-label-front.jpg"",""source_sha256"":""fe22444cb2bfccbf65ce1ed5723ceab11b5345199061ea1af377664899702e94"",""source_locator"":""包装铭牌正面"",""evidence"":""包装标注 SIEMENS LS33R6VB9W/01、CXW-380-LS33R6VB9W、额定输入 385W、包装尺寸 940×1000×615 mm"",""proves"":""本项目已到货油烟机的厂家、型号、额定输入功率和包装尺寸"",""does_not_prove"":""产品本体安装尺寸、烟管走向、止逆阀和吊顶检修条件"",""status"":""verified_user_product_photo"",""confidence"":""1.00"",""review_required"":""no"",""formal_ifc_write_allowed"":""no"",""notes"":""原始 JPEG 按字节固化；包装尺寸不得当作产品实体尺寸""}",原始 JPEG 按字节固化；包装尺寸不得当作产品实体尺寸
APP-013-PHOTO-002,ELEC,E-303/S-701,油烟机到货批次侧标,user_product_photo,drawings/evidence/APP-013-siemens-LS33R6VB9W-package-label-side.jpg,,drawings/evidence/APP-013-siemens-LS33R6VB9W-package-label-side.jpg,890e44f1c3007636637f8e481d5faf7c26acdb8aa3b79d7875e61a2852b53edb,包装侧面铭牌,侧标再次显示 LS33R6VB9W 且可见生产日期 2024-03-21,到货包装型号与正面铭牌交叉一致,产品序列号完整性、包装内产品状态和现场安装条件,verified_user_product_photo,1.00,no,no,,,,,elec-source-evidence.csv,"{""evidence_id"":""APP-013-PHOTO-002"",""discipline"":""ELEC"",""sheet_id"":""E-303/S-701"",""decision_scope"":""油烟机到货批次侧标"",""source_kind"":""user_product_photo"",""source_document"":""drawings/evidence/APP-013-siemens-LS33R6VB9W-package-label-side.jpg"",""source_sha256"":""890e44f1c3007636637f8e481d5faf7c26acdb8aa3b79d7875e61a2852b53edb"",""source_locator"":""包装侧面铭牌"",""evidence"":""侧标再次显示 LS33R6VB9W 且可见生产日期 2024-03-21"",""proves"":""到货包装型号与正面铭牌交叉一致"",""does_not_prove"":""产品序列号完整性、包装内产品状态和现场安装条件"",""status"":""verified_user_product_photo"",""confidence"":""1.00"",""review_required"":""no"",""formal_ifc_write_allowed"":""no"",""notes"":""原始 JPEG 按字节固化；日期只作为到货批次辅助证据""}",原始 JPEG 按字节固化；日期只作为到货批次辅助证据
APP-013-OFFICIAL-001,ELEC,E-303/S-701,油烟机配电排烟及检修接口,official_product_pdf,drawings/evidence/APP-013-siemens-LS33R6VB9W-installation.pdf,,drawings/evidence/APP-013-siemens-LS33R6VB9W-installation.pdf,c655a75042381c8b418e13ccccf484593b084c58286d263cd0db85215d3c5cab,西门子/BSH 官方 PDF https://media3.bsh-group.cn/Documents/8001293270_A.pdf；第 4 页技术参数；第 9 页 11.3 机器与橱柜尺寸及排烟/电源/检修条件,220V/50Hz；额定输入 385W；外形 895×345×873 mm；烟管及止逆阀内径≥160 mm；烟管宜≤3 m 且 1 弯；墙洞建议 Ø180 mm；吊顶圆孔 Ø190 mm；检修口建议 400×400 mm；与燃气灶承锅面净距≥650 mm,油烟机配电负荷、排烟管径和安装检修设计输入,现场烟道可用性、吊顶完成尺寸、止逆阀安装和系统调试验收,verified_official_source,1.00,yes,no,,,,,elec-source-evidence.csv,"{""evidence_id"":""APP-013-OFFICIAL-001"",""discipline"":""ELEC"",""sheet_id"":""E-303/S-701"",""decision_scope"":""油烟机配电排烟及检修接口"",""source_kind"":""official_product_pdf"",""source_document"":""drawings/evidence/APP-013-siemens-LS33R6VB9W-installation.pdf"",""source_sha256"":""c655a75042381c8b418e13ccccf484593b084c58286d263cd0db85215d3c5cab"",""source_locator"":""西门子/BSH 官方 PDF https://media3.bsh-group.cn/Documents/8001293270_A.pdf；第 4 页技术参数；第 9 页 11.3 机器与橱柜尺寸及排烟/电源/检修条件"",""evidence"":""220V/50Hz；额定输入 385W；外形 895×345×873 mm；烟管及止逆阀内径≥160 mm；烟管宜≤3 m 且 1 弯；墙洞建议 Ø180 mm；吊顶圆孔 Ø190 mm；检修口建议 400×400 mm；与燃气灶承锅面净距≥650 mm"",""proves"":""油烟机配电负荷、排烟管径和安装检修设计输入"",""does_not_prove"":""现场烟道可用性、吊顶完成尺寸、止逆阀安装和系统调试验收"",""status"":""verified_official_source"",""confidence"":""1.00"",""review_required"":""yes"",""formal_ifc_write_allowed"":""no"",""notes"":""官方 PDF 与到货包装型号一致；最终排烟路径和吊顶检修口须结合现场复核""}",官方 PDF 与到货包装型号一致；最终排烟路径和吊顶检修口须结合现场复核
A106-FIRE-OFFICIAL-001,ELEC,A-106,候选 JTW-ZD-A20 产品类型,official_product_web,https://www.sz-sanjiang.com/productdetail/10.html,https://www.sz-sanjiang.com/productdetail/10.html,,not_applicable_live_official_web,高新投三江官方产品页；2026-08-11 核对；产品型号和技术参数段,JTW-ZD-A20 为点型感温火灾探测器；总线 24V；二线制；天花板吸顶安装,候选 A20 属于感温探测器产品线,用户文本中 JTW-ZD-920A20 是否存在或是否为复合式产品,verified_official_source_negative_match,1.00,yes,no,,,,,elec-source-evidence.csv,"{""evidence_id"":""A106-FIRE-OFFICIAL-001"",""discipline"":""ELEC"",""sheet_id"":""A-106"",""decision_scope"":""候选 JTW-ZD-A20 产品类型"",""source_kind"":""official_product_web"",""source_document"":""https://www.sz-sanjiang.com/productdetail/10.html"",""source_sha256"":""not_applicable_live_official_web"",""source_locator"":""高新投三江官方产品页；2026-08-11 核对；产品型号和技术参数段"",""evidence"":""JTW-ZD-A20 为点型感温火灾探测器；总线 24V；二线制；天花板吸顶安装"",""proves"":""候选 A20 属于感温探测器产品线"",""does_not_prove"":""用户文本中 JTW-ZD-920A20 是否存在或是否为复合式产品"",""status"":""verified_official_source_negative_match"",""confidence"":""1.00"",""review_required"":""yes"",""formal_ifc_write_allowed"":""no"",""notes"":""只用于阻止型号拼接被写成已定产品；不据此选定 A20""}",只用于阻止型号拼接被写成已定产品；不据此选定 A20
A106-FIRE-OFFICIAL-002,ELEC,A-106,候选 JTW-ZD-920E 产品类型,official_product_pdf,drawings/evidence/A106-sanjiang-JTW-ZD-920E-official-manual.pdf,,drawings/evidence/A106-sanjiang-JTW-ZD-920E-official-manual.pdf,a69f5d5d46bc3ed9e726efa45c934e912bcfded5d16fd7135e6047003545ea95,高新投三江官方英文下载 https://sanjiang-security.com/userfiles/files/2020/10/10/2020101013585255.pdf；第 1–2 页,JTW-ZD-920E 为点型感温火灾探测器；非极性二总线 24V；配 DZ-910 底座；探测器Φ100×56 mm,候选 920E 属于感温探测器产品线,用户文本中 JTW-ZD-920A20 的精确型号、当前国内认证、与现有系统兼容性或复合式身份,verified_official_source_negative_match,1.00,yes,no,,,,,elec-source-evidence.csv,"{""evidence_id"":""A106-FIRE-OFFICIAL-002"",""discipline"":""ELEC"",""sheet_id"":""A-106"",""decision_scope"":""候选 JTW-ZD-920E 产品类型"",""source_kind"":""official_product_pdf"",""source_document"":""drawings/evidence/A106-sanjiang-JTW-ZD-920E-official-manual.pdf"",""source_sha256"":""a69f5d5d46bc3ed9e726efa45c934e912bcfded5d16fd7135e6047003545ea95"",""source_locator"":""高新投三江官方英文下载 https://sanjiang-security.com/userfiles/files/2020/10/10/2020101013585255.pdf；第 1–2 页"",""evidence"":""JTW-ZD-920E 为点型感温火灾探测器；非极性二总线 24V；配 DZ-910 底座；探测器Φ100×56 mm"",""proves"":""候选 920E 属于感温探测器产品线"",""does_not_prove"":""用户文本中 JTW-ZD-920A20 的精确型号、当前国内认证、与现有系统兼容性或复合式身份"",""status"":""verified_official_source_negative_match"",""confidence"":""1.00"",""review_required"":""yes"",""formal_ifc_write_allowed"":""no"",""notes"":""尺寸仅属 920E 说明书；不得写入未选定的正式 IFC 产品包络""}",尺寸仅属 920E 说明书；不得写入未选定的正式 IFC 产品包络
A106-FIRE-OFFICIAL-003,ELEC,A-106,高新投三江复合式对照型号,official_product_web,https://www.sz-sanjiang.com/productdetail/zzzzzzzzzzzzzz.html,https://www.sz-sanjiang.com/productdetail/zzzzzzzzzzzzzz.html,,not_applicable_live_official_web,高新投三江官方产品页；2026-08-11 核对；产品型号和技术参数段,JTF-GDM-936 才是厂家页面明确标称的点型复合式感烟感温火灾探测器,厂家对复合式感烟感温产品使用独立型号,本项目应改选 JTF-GDM-936 或其当前产品、是否适用厨房以及与消防系统兼容性,verified_official_source_comparison_only,1.00,yes,no,,,,,elec-source-evidence.csv,"{""evidence_id"":""A106-FIRE-OFFICIAL-003"",""discipline"":""ELEC"",""sheet_id"":""A-106"",""decision_scope"":""高新投三江复合式对照型号"",""source_kind"":""official_product_web"",""source_document"":""https://www.sz-sanjiang.com/productdetail/zzzzzzzzzzzzzz.html"",""source_sha256"":""not_applicable_live_official_web"",""source_locator"":""高新投三江官方产品页；2026-08-11 核对；产品型号和技术参数段"",""evidence"":""JTF-GDM-936 才是厂家页面明确标称的点型复合式感烟感温火灾探测器"",""proves"":""厂家对复合式感烟感温产品使用独立型号"",""does_not_prove"":""本项目应改选 JTF-GDM-936 或其当前产品、是否适用厨房以及与消防系统兼容性"",""status"":""verified_official_source_comparison_only"",""confidence"":""1.00"",""review_required"":""yes"",""formal_ifc_write_allowed"":""no"",""notes"":""只作型号语义对照；不得自动用 JTF-GDM-936 替换用户候选""}",只作型号语义对照；不得自动用 JTF-GDM-936 替换用户候选
A106-GAS-OFFICIAL-001,ELEC,A-106,JT-GS838 候选系列,official_product_web,https://www.china-siter.cn/products_detail/27.html,https://www.china-siter.cn/products_detail/27.html,,not_applicable_live_official_web,赛特威尔官方产品页；2026-08-11 核对；产品描述与技术参数表,JT-GS838 系列为 AC 220V/50Hz 家用甲烷可燃气体探测器；Cat.1/NB-IoT；电磁阀输出；墙/顶安装；80×120×36 mm,用户候选属于厂家 JT-GS838 系列名称范围,精确后缀 C-NBAC-H05、当前型式认证/证书、当地燃气公司允许型号、移动安装条件或施工定位,verified_official_family_only,0.90,yes,no,,,,,elec-source-evidence.csv,"{""evidence_id"":""A106-GAS-OFFICIAL-001"",""discipline"":""ELEC"",""sheet_id"":""A-106"",""decision_scope"":""JT-GS838 候选系列"",""source_kind"":""official_product_web"",""source_document"":""https://www.china-siter.cn/products_detail/27.html"",""source_sha256"":""not_applicable_live_official_web"",""source_locator"":""赛特威尔官方产品页；2026-08-11 核对；产品描述与技术参数表"",""evidence"":""JT-GS838 系列为 AC 220V/50Hz 家用甲烷可燃气体探测器；Cat.1/NB-IoT；电磁阀输出；墙/顶安装；80×120×36 mm"",""proves"":""用户候选属于厂家 JT-GS838 系列名称范围"",""does_not_prove"":""精确后缀 C-NBAC-H05、当前型式认证/证书、当地燃气公司允许型号、移动安装条件或施工定位"",""status"":""verified_official_family_only"",""confidence"":""0.90"",""review_required"":""yes"",""formal_ifc_write_allowed"":""no"",""notes"":""系列页不等于精确 SKU 说明书；相关开孔、供电、通信和安装距离仍保持未关闭""}",系列页不等于精确 SKU 说明书；相关开孔、供电、通信和安装距离仍保持未关闭
RCP1-HVAC-IFACE-001,HVAC/PLUM,RCP-1/M-401,A02; A03 厂家接口,official_product_pdf,P02010Q,https://www.hisensehitachi.com/upload/accessory/20236/p1h2esc855pnidai1v7k10ha17rp4.pdf,tmp/pdfs/hitachi-p02010q/P02010Q.pdf,1ccd373984fd3ab58f0f48c93d2b9be39895e30c0022ed2d288c05540342e678,3; 5; 6,型号在封面范围内；第3页给出机体/吊装尺寸；第5页给出接管侧与18–50容量段气管φ12.7 mm、液管φ6.35 mm；第6页给出外径32 mm PVC排水与1/25–1/100坡度,设备族、机体尺寸及已列明的冷媒/排水接口条件,设备局部+X端面只作综合服务路线的接管侧候选；不得把端面中心当作三个独立厂家端口,official_model_family_match_human_port_coordinates_pending,0.90,yes,no,日立/海信日立,RPIZ-22FSLN5QDF/P 700x447x192,,,rcp1-hvac-equipment-interface-evidence.csv,"{""evidence_id"":""RCP1-HVAC-IFACE-001"",""equipment_ids"":""A02; A03"",""equipment_global_ids"":""1QBdVekDnBsOleyo9PM6rT; 06GpMzzWj1XQobAhD35cgU"",""ifc_type_global_id"":""10_Arew0nAGOoYjFDTyzcn"",""ifc_type_name"":""AC700F"",""ifc_model_text"":""RPIZ-22FSLN5QDF/P 700x447x192"",""nominal_body_width_mm"":""700"",""nominal_body_depth_mm"":""447"",""nominal_body_height_mm"":""192"",""capacity_group"":""18-50"",""gas_pipe_od_mm"":""12.7"",""liquid_pipe_od_mm"":""6.35"",""drain_pipe_od_mm"":""32"",""drain_slope_min"":""1/100"",""drain_slope_max"":""1/25"",""connection_side_basis"":""equipment_local_positive_x_existing_connector_geometry"",""port_coordinate_status"":""diagram_available_variant_selection_pending"",""source_document"":""P02010Q"",""source_url"":""https://www.hisensehitachi.com/upload/accessory/20236/p1h2esc855pnidai1v7k10ha17rp4.pdf"",""source_sha256"":""1ccd373984fd3ab58f0f48c93d2b9be39895e30c0022ed2d288c05540342e678"",""pdf_page"":""3; 5; 6"",""evidence"":""型号在封面范围内；第3页给出机体/吊装尺寸；第5页给出接管侧与18–50容量段气管φ12.7 mm、液管φ6.35 mm；第6页给出外径32 mm PVC排水与1/25–1/100坡度"",""status"":""official_model_family_match_human_port_coordinates_pending"",""confidence"":""0.90"",""review_required"":""yes"",""formal_ifc_write_allowed"":""no"",""notes"":""设备局部+X端面只作综合服务路线的接管侧候选；不得把端面中心当作三个独立厂家端口""}",设备局部+X端面只作综合服务路线的接管侧候选；不得把端面中心当作三个独立厂家端口
RCP1-HVAC-IFACE-002,HVAC/PLUM,RCP-1/M-401,A01; A04 厂家接口,official_product_pdf,P02010Q,https://www.hisensehitachi.com/upload/accessory/20236/p1h2esc855pnidai1v7k10ha17rp4.pdf,tmp/pdfs/hitachi-p02010q/P02010Q.pdf,1ccd373984fd3ab58f0f48c93d2b9be39895e30c0022ed2d288c05540342e678,3; 5; 6,型号在封面范围内；接管侧、18–50容量段冷媒管径及排水要求可作后续接口深化依据,设备族、机体尺寸及已列明的冷媒/排水接口条件,当前批次未生成A01/A04路线，不自动复制A02/A03控制点,official_model_family_match_not_yet_applied_to_routes,0.90,yes,no,日立/海信日立,RPIZ-22FSLN5QD/P 700x447x192,,,rcp1-hvac-equipment-interface-evidence.csv,"{""evidence_id"":""RCP1-HVAC-IFACE-002"",""equipment_ids"":""A01; A04"",""equipment_global_ids"":""33chLv3TzEOhKalIJJAPNF; 1PUCikoaP5fgiYt8sJd8$6"",""ifc_type_global_id"":""2dvNw761v4cgkv5QvrQtre"",""ifc_type_name"":""AC700"",""ifc_model_text"":""RPIZ-22FSLN5QD/P 700x447x192"",""nominal_body_width_mm"":""700"",""nominal_body_depth_mm"":""447"",""nominal_body_height_mm"":""192"",""capacity_group"":""18-50"",""gas_pipe_od_mm"":""12.7"",""liquid_pipe_od_mm"":""6.35"",""drain_pipe_od_mm"":""32"",""drain_slope_min"":""1/100"",""drain_slope_max"":""1/25"",""connection_side_basis"":""equipment_local_positive_x_existing_connector_geometry"",""port_coordinate_status"":""diagram_available_variant_selection_pending"",""source_document"":""P02010Q"",""source_url"":""https://www.hisensehitachi.com/upload/accessory/20236/p1h2esc855pnidai1v7k10ha17rp4.pdf"",""source_sha256"":""1ccd373984fd3ab58f0f48c93d2b9be39895e30c0022ed2d288c05540342e678"",""pdf_page"":""3; 5; 6"",""evidence"":""型号在封面范围内；接管侧、18–50容量段冷媒管径及排水要求可作后续接口深化依据"",""status"":""official_model_family_match_not_yet_applied_to_routes"",""confidence"":""0.90"",""review_required"":""yes"",""formal_ifc_write_allowed"":""no"",""notes"":""当前批次未生成A01/A04路线，不自动复制A02/A03控制点""}",当前批次未生成A01/A04路线，不自动复制A02/A03控制点
RCP1-HVAC-IFACE-003,HVAC/PLUM,RCP-1/M-401,A05 厂家接口,official_product_pdf,P01530Q,https://www.hisensehitachi.com/upload/accessory/202527/P01530Q.pdf,tmp/pdfs/hitachi-p01530q/P01530Q.pdf,c4134b5a7bb5dde92cd6765890696d3322c5740b567d0c220a0fe9d79c4e1075,12,尺寸表的50–71容量段为a1220/b1180/c447/d410/h192，但IFC型号文本缺少现有官方资料常见的D，不能视为完全匹配,设备族、机体尺寸及已列明的冷媒/排水接口条件,不得以相近型号资料替代最终厂家接口、风量、功率或检修要求,model_text_mismatch_requires_confirmation,0.60,yes,no,日立/海信日立,RPIZ-71FSLN5Q/P 1180x447x192,,,rcp1-hvac-equipment-interface-evidence.csv,"{""evidence_id"":""RCP1-HVAC-IFACE-003"",""equipment_ids"":""A05"",""equipment_global_ids"":""1yW7DASIz8qA$2j8z9tdl2"",""ifc_type_global_id"":""0greWYU5v9BBjuI$1v0flf"",""ifc_type_name"":""AC1180"",""ifc_model_text"":""RPIZ-71FSLN5Q/P 1180x447x192"",""nominal_body_width_mm"":""1180"",""nominal_body_depth_mm"":""447"",""nominal_body_height_mm"":""192"",""capacity_group"":""63-71"",""gas_pipe_od_mm"":"""",""liquid_pipe_od_mm"":"""",""drain_pipe_od_mm"":"""",""drain_slope_min"":"""",""drain_slope_max"":"""",""connection_side_basis"":""unresolved"",""port_coordinate_status"":""unresolved_exact_model_required"",""source_document"":""P01530Q"",""source_url"":""https://www.hisensehitachi.com/upload/accessory/202527/P01530Q.pdf"",""source_sha256"":""c4134b5a7bb5dde92cd6765890696d3322c5740b567d0c220a0fe9d79c4e1075"",""pdf_page"":""12"",""evidence"":""尺寸表的50–71容量段为a1220/b1180/c447/d410/h192，但IFC型号文本缺少现有官方资料常见的D，不能视为完全匹配"",""status"":""model_text_mismatch_requires_confirmation"",""confidence"":""0.60"",""review_required"":""yes"",""formal_ifc_write_allowed"":""no"",""notes"":""不得以相近型号资料替代最终厂家接口、风量、功率或检修要求""}",不得以相近型号资料替代最终厂家接口、风量、功率或检修要求
RCP1-HVAC-IFACE-004,HVAC/PLUM,RCP-1/M-401,A06 厂家接口,legacy_model_evidence,2504_lowpoly.blend,,/Users/jiaxinchen/Documents/Projects/仁恒-滨海湾/Blender文件/2504_lowpoly.blend,a8e0a94ef766667ad3749b96c158afdd538a330009b135e49ed461d1634c78ed,,东侧第6台设备位置已由旧blend与当前三台正式设备平移基准确认，但没有正式GlobalId或设备类型,设备族、机体尺寸及已列明的冷媒/排水接口条件,机位不是设计备选；补正式IFC身份后才能关联厂家接口模板,formal_identity_missing,0.95,yes,no,,,,,rcp1-hvac-equipment-interface-evidence.csv,"{""evidence_id"":""RCP1-HVAC-IFACE-004"",""equipment_ids"":""A06"",""equipment_global_ids"":"""",""ifc_type_global_id"":"""",""ifc_type_name"":"""",""ifc_model_text"":"""",""nominal_body_width_mm"":"""",""nominal_body_depth_mm"":"""",""nominal_body_height_mm"":"""",""capacity_group"":"""",""gas_pipe_od_mm"":"""",""liquid_pipe_od_mm"":"""",""drain_pipe_od_mm"":"""",""drain_slope_min"":"""",""drain_slope_max"":"""",""connection_side_basis"":""unresolved"",""port_coordinate_status"":""formal_ifc_identity_required"",""source_document"":""2504_lowpoly.blend"",""source_url"":"""",""source_sha256"":""a8e0a94ef766667ad3749b96c158afdd538a330009b135e49ed461d1634c78ed"",""pdf_page"":"""",""evidence"":""东侧第6台设备位置已由旧blend与当前三台正式设备平移基准确认，但没有正式GlobalId或设备类型"",""status"":""formal_identity_missing"",""confidence"":""0.95"",""review_required"":""yes"",""formal_ifc_write_allowed"":""no"",""notes"":""机位不是设计备选；补正式IFC身份后才能关联厂家接口模板""}",机位不是设计备选；补正式IFC身份后才能关联厂家接口模板
IFC-FORMAL-001,MULTI,,正式 IFC 对象身份与既有几何,formal_ifc,2504 GBTB Yanlord Zhuhai.ifc,,2504 GBTB Yanlord Zhuhai.ifc,9a4dac0fceaa4d274c604e59f0c73d187b6db7aaece0a028f51d8d036449df1c,GlobalId / type assignment / spatial containment,正式 IFC 当前对象身份与类型,IFC 中对象存在、GlobalId、类型与当前容器,最终产品选型或厂家安装要求,verified_formal_source,1.00,no,no,,,,,,,由设备真源审计器逐次校验哈希
FUR-SRC-SHE01,INT1,S-701,SHE01 产品身份,official_product_web,https://www.baxter.it/en/products/rafiki-accessories,https://www.baxter.it/en/products/rafiki-accessories,,not_applicable_live_official_web,official product page,用户确认产品链接；Baxter 官方页面将 Rafiki 标识为 bookcase,厂家与产品系列身份,项目最终规格、五金配置与安装尺寸,verified_official_source,1.00,no,no,Baxter,Rafiki,,,,,由原家具产品登记迁移
FUR-SRC-Libelle,INT1,S-701,Libelle 产品身份,official_product_web,https://www.baxter.it/en/products/libelle-accessories,https://www.baxter.it/en/products/libelle-accessories,,not_applicable_live_official_web,official product page,用户确认产品链接和使用意图；Baxter 官方页面将 Libelle 标识为可配置瓶架和储物单元的模块化书架,厂家与产品系列身份,项目最终规格、五金配置与安装尺寸,verified_official_source,1.00,no,no,Baxter,Libelle,,,,,由原家具产品登记迁移
FUR-SRC-WD01,INT1,S-701,WD01 产品身份,official_product_web,https://www.poliform.it/en/products/pivot/,https://www.poliform.it/en/products/pivot/,,not_applicable_live_official_web,official product page,用户确认“Pivot between wardrobe and wall: freestanding wardrobe and wall mounted Pivot”；IFC 类型 Description=Poliform Pivot Senzafine；官方 Pivot 页面证明其为可与 Poliform 衣柜系统集成的旋转门/开口系统,厂家与产品系列身份,项目最终规格、五金配置与安装尺寸,verified_official_source,1.00,no,no,Poliform,Senzafine + Pivot,,,,,由原家具产品登记迁移
FUR-SRC-WD01L,INT1,S-701,WD01L 产品身份,official_product_web,https://www.poliform.it/en/products/pivot/,https://www.poliform.it/en/products/pivot/,,not_applicable_live_official_web,official product page,用户确认“Pivot between wardrobe and wall: freestanding wardrobe and wall mounted Pivot”；IFC 类型 Description=Poliform Pivot Senzafine；官方 Pivot 页面证明其为可与 Poliform 衣柜系统集成的旋转门/开口系统,厂家与产品系列身份,项目最终规格、五金配置与安装尺寸,verified_official_source,1.00,no,no,Poliform,Senzafine + Pivot,,,,,由原家具产品登记迁移
FUR-SRC-WD02,INT1,S-701,WD02 产品身份,official_product_web,https://www.poliform.it/en/products/senzafine-wardrobe/,https://www.poliform.it/en/products/senzafine-wardrobe/,,not_applicable_live_official_web,official product page,用户确认产品链接；Poliform 官方页面将 Senzafine 标识为模块化衣柜系统,厂家与产品系列身份,项目最终规格、五金配置与安装尺寸,verified_official_source,1.00,no,no,Poliform,Senzafine,,,,,由原家具产品登记迁移
FUR-SRC-WD03,INT1,S-701,WD03 产品身份,official_product_web,https://www.poliform.it/en/products/senzafine-wardrobe/,https://www.poliform.it/en/products/senzafine-wardrobe/,,not_applicable_live_official_web,official product page,用户确认产品链接；Poliform 官方页面将 Senzafine 标识为模块化衣柜系统,厂家与产品系列身份,项目最终规格、五金配置与安装尺寸,verified_official_source,1.00,no,no,Poliform,Senzafine,,,,,由原家具产品登记迁移
FUR-SRC-BST01,INT1,S-701,BST01 产品身份,official_product_web,https://www.baxter.it/en/products/ninfea-tables-and-coffee-tables,https://www.baxter.it/en/products/ninfea-tables-and-coffee-tables,,not_applicable_live_official_web,official product page,用户确认产品链接；IFC 类型名 BST01 与官方页面的 Ninfea bedside table 品类一致；左右开口未在 IFC 类型名中记录,厂家与产品系列身份,项目最终规格、五金配置与安装尺寸,verified_official_source,1.00,no,no,Baxter,Ninfea,,,,,由原家具产品登记迁移
FUR-SRC-BST02,INT1,S-701,BST02 产品身份,official_product_web,https://www.baxter.it/en/products/beside-tables-and-coffee-tables,https://www.baxter.it/en/products/beside-tables-and-coffee-tables,,not_applicable_live_official_web,official product page,用户确认产品链接；Baxter 官方页面将 Beside 标识为 bedside table,厂家与产品系列身份,项目最终规格、五金配置与安装尺寸,verified_official_source,1.00,no,no,Baxter,Beside,,,,,由原家具产品登记迁移
FUR-SRC-BST03,INT1,S-701,BST03 产品身份,official_product_web,https://www.baxter.it/en/products/stone-beds,https://www.baxter.it/en/products/stone-beds,,not_applicable_live_official_web,official product page,用户确认为 Stone 系列 FREESTANDING BEDSIDE TABLE WITH L DRAWER；Baxter 官方页面列出该款床头柜,厂家与产品系列身份,项目最终规格、五金配置与安装尺寸,verified_official_source,1.00,no,no,Baxter,Stone,,,,,由原家具产品登记迁移
FUR-ROLE-SRC-ac1af453d928,INT1,INT1/S-701,BD600DW 安装角色,project_ifc_classification,2504 GBTB Yanlord Zhuhai.ifc,,2504 GBTB Yanlord Zhuhai.ifc,9a4dac0fceaa4d274c604e59f0c73d187b6db7aaece0a028f51d8d036449df1c,type_name=BD600DW,类型与 VVD 中 600×767×888 mm 几何共同识别为岛台固定柜体单元,installation_role=fixed_furniture,最终产品安装节点、连接件或现场完成状态,implemented,0.99,no,no,,BD600DW,,,furniture-installation-role.csv,"{""selector_kind"":""type_name"",""selector_value"":""BD600DW"",""installation_role"":""fixed_furniture"",""basis"":""类型与 VVD 中 600×767×888 mm 几何共同识别为岛台固定柜体单元"",""confidence"":""0.99"",""human_review_required"":""no"",""status"":""implemented""}",由原家具安装角色登记无损迁移
FUR-ROLE-SRC-facd5fffb5d0,INT1,INT1/S-701,BD600P 安装角色,project_ifc_classification,2504 GBTB Yanlord Zhuhai.ifc,,2504 GBTB Yanlord Zhuhai.ifc,9a4dac0fceaa4d274c604e59f0c73d187b6db7aaece0a028f51d8d036449df1c,type_name=BD600P,类型与 VVD 中 600×767×693 mm 几何共同识别为岛台固定柜体单元,installation_role=fixed_furniture,最终产品安装节点、连接件或现场完成状态,implemented,0.99,no,no,,BD600P,,,furniture-installation-role.csv,"{""selector_kind"":""type_name"",""selector_value"":""BD600P"",""installation_role"":""fixed_furniture"",""basis"":""类型与 VVD 中 600×767×693 mm 几何共同识别为岛台固定柜体单元"",""confidence"":""0.99"",""human_review_required"":""no"",""status"":""implemented""}",由原家具安装角色登记无损迁移
FUR-ROLE-SRC-2a281d2df076,INT1,INT1/S-701,BN1200 安装角色,project_ifc_classification,2504 GBTB Yanlord Zhuhai.ifc,,2504 GBTB Yanlord Zhuhai.ifc,9a4dac0fceaa4d274c604e59f0c73d187b6db7aaece0a028f51d8d036449df1c,type_name=BN1200,类型与 KITCHEN 中 617×1200×888 mm 几何共同识别为固定地柜,installation_role=fixed_furniture,最终产品安装节点、连接件或现场完成状态,implemented,0.99,no,no,,BN1200,,,furniture-installation-role.csv,"{""selector_kind"":""type_name"",""selector_value"":""BN1200"",""installation_role"":""fixed_furniture"",""basis"":""类型与 KITCHEN 中 617×1200×888 mm 几何共同识别为固定地柜"",""confidence"":""0.99"",""human_review_required"":""no"",""status"":""implemented""}",由原家具安装角色登记无损迁移
FUR-ROLE-SRC-b86cabfea99b,INT1,INT1/S-701,BN450 安装角色,project_ifc_classification,2504 GBTB Yanlord Zhuhai.ifc,,2504 GBTB Yanlord Zhuhai.ifc,9a4dac0fceaa4d274c604e59f0c73d187b6db7aaece0a028f51d8d036449df1c,type_name=BN450,类型与 KITCHEN 中 617×450×888 mm 几何共同识别为固定地柜,installation_role=fixed_furniture,最终产品安装节点、连接件或现场完成状态,implemented,0.99,no,no,,BN450,,,furniture-installation-role.csv,"{""selector_kind"":""type_name"",""selector_value"":""BN450"",""installation_role"":""fixed_furniture"",""basis"":""类型与 KITCHEN 中 617×450×888 mm 几何共同识别为固定地柜"",""confidence"":""0.99"",""human_review_required"":""no"",""status"":""implemented""}",由原家具安装角色登记无损迁移
FUR-ROLE-SRC-8d16f63cd607,INT1,INT1/S-701,BN900 安装角色,project_ifc_classification,2504 GBTB Yanlord Zhuhai.ifc,,2504 GBTB Yanlord Zhuhai.ifc,9a4dac0fceaa4d274c604e59f0c73d187b6db7aaece0a028f51d8d036449df1c,type_name=BN900,类型与 KITCHEN 中 617×900×888 mm 几何共同识别为固定地柜,installation_role=fixed_furniture,最终产品安装节点、连接件或现场完成状态,implemented,0.99,no,no,,BN900,,,furniture-installation-role.csv,"{""selector_kind"":""type_name"",""selector_value"":""BN900"",""installation_role"":""fixed_furniture"",""basis"":""类型与 KITCHEN 中 617×900×888 mm 几何共同识别为固定地柜"",""confidence"":""0.99"",""human_review_required"":""no"",""status"":""implemented""}",由原家具安装角色登记无损迁移
FUR-ROLE-SRC-9fc483e31a2a,INT1,INT1/S-701,BNW900C 安装角色,project_ifc_classification,2504 GBTB Yanlord Zhuhai.ifc,,2504 GBTB Yanlord Zhuhai.ifc,9a4dac0fceaa4d274c604e59f0c73d187b6db7aaece0a028f51d8d036449df1c,type_name=BNW900C,类型与 KITCHEN 中 1100×750×888 mm 几何共同识别为固定转角柜单元,installation_role=fixed_furniture,最终产品安装节点、连接件或现场完成状态,implemented,0.99,no,no,,BNW900C,,,furniture-installation-role.csv,"{""selector_kind"":""type_name"",""selector_value"":""BNW900C"",""installation_role"":""fixed_furniture"",""basis"":""类型与 KITCHEN 中 1100×750×888 mm 几何共同识别为固定转角柜单元"",""confidence"":""0.99"",""human_review_required"":""no"",""status"":""implemented""}",由原家具安装角色登记无损迁移
FUR-ROLE-SRC-707aa17747d8,INT1,INT1/S-701,BS1200P 安装角色,project_ifc_classification,2504 GBTB Yanlord Zhuhai.ifc,,2504 GBTB Yanlord Zhuhai.ifc,9a4dac0fceaa4d274c604e59f0c73d187b6db7aaece0a028f51d8d036449df1c,type_name=BS1200P,类型与 VVD 中 1200×331×693 mm 几何共同识别为岛台固定柜体单元,installation_role=fixed_furniture,最终产品安装节点、连接件或现场完成状态,implemented,0.99,no,no,,BS1200P,,,furniture-installation-role.csv,"{""selector_kind"":""type_name"",""selector_value"":""BS1200P"",""installation_role"":""fixed_furniture"",""basis"":""类型与 VVD 中 1200×331×693 mm 几何共同识别为岛台固定柜体单元"",""confidence"":""0.99"",""human_review_required"":""no"",""status"":""implemented""}",由原家具安装角色登记无损迁移
FUR-ROLE-SRC-777685e49639,INT1,INT1/S-701,BW1200 安装角色,project_ifc_classification,2504 GBTB Yanlord Zhuhai.ifc,,2504 GBTB Yanlord Zhuhai.ifc,9a4dac0fceaa4d274c604e59f0c73d187b6db7aaece0a028f51d8d036449df1c,type_name=BW1200,类型与 KITCHEN 中 1200×717×888 mm 几何共同识别为固定地柜,installation_role=fixed_furniture,最终产品安装节点、连接件或现场完成状态,implemented,0.99,no,no,,BW1200,,,furniture-installation-role.csv,"{""selector_kind"":""type_name"",""selector_value"":""BW1200"",""installation_role"":""fixed_furniture"",""basis"":""类型与 KITCHEN 中 1200×717×888 mm 几何共同识别为固定地柜"",""confidence"":""0.99"",""human_review_required"":""no"",""status"":""implemented""}",由原家具安装角色登记无损迁移
FUR-ROLE-SRC-4f435c4b8701,INT1,INT1/S-701,BW450 安装角色,project_ifc_classification,2504 GBTB Yanlord Zhuhai.ifc,,2504 GBTB Yanlord Zhuhai.ifc,9a4dac0fceaa4d274c604e59f0c73d187b6db7aaece0a028f51d8d036449df1c,type_name=BW450,类型与 KITCHEN 中 450×717×888 mm 几何共同识别为固定地柜,installation_role=fixed_furniture,最终产品安装节点、连接件或现场完成状态,implemented,0.99,no,no,,BW450,,,furniture-installation-role.csv,"{""selector_kind"":""type_name"",""selector_value"":""BW450"",""installation_role"":""fixed_furniture"",""basis"":""类型与 KITCHEN 中 450×717×888 mm 几何共同识别为固定地柜"",""confidence"":""0.99"",""human_review_required"":""no"",""status"":""implemented""}",由原家具安装角色登记无损迁移
FUR-ROLE-SRC-c54be9a54d2f,INT1,INT1/S-701,BW900 安装角色,project_ifc_classification,2504 GBTB Yanlord Zhuhai.ifc,,2504 GBTB Yanlord Zhuhai.ifc,9a4dac0fceaa4d274c604e59f0c73d187b6db7aaece0a028f51d8d036449df1c,type_name=BW900,类型与 KITCHEN 中 900×717×888 mm 几何共同识别为固定地柜,installation_role=fixed_furniture,最终产品安装节点、连接件或现场完成状态,implemented,0.99,no,no,,BW900,,,furniture-installation-role.csv,"{""selector_kind"":""type_name"",""selector_value"":""BW900"",""installation_role"":""fixed_furniture"",""basis"":""类型与 KITCHEN 中 900×717×888 mm 几何共同识别为固定地柜"",""confidence"":""0.99"",""human_review_required"":""no"",""status"":""implemented""}",由原家具安装角色登记无损迁移
FUR-ROLE-SRC-ee3c462e0a75,INT1,INT1/S-701,CAB-A 安装角色,project_ifc_classification,2504 GBTB Yanlord Zhuhai.ifc,,2504 GBTB Yanlord Zhuhai.ifc,9a4dac0fceaa4d274c604e59f0c73d187b6db7aaece0a028f51d8d036449df1c,type_name=CAB-A,类型与 VVD 中 617×600×2383 mm 全高几何共同识别为固定高柜,installation_role=fixed_furniture,最终产品安装节点、连接件或现场完成状态,implemented,0.99,no,no,,CAB-A,,,furniture-installation-role.csv,"{""selector_kind"":""type_name"",""selector_value"":""CAB-A"",""installation_role"":""fixed_furniture"",""basis"":""类型与 VVD 中 617×600×2383 mm 全高几何共同识别为固定高柜"",""confidence"":""0.99"",""human_review_required"":""no"",""status"":""implemented""}",由原家具安装角色登记无损迁移
FUR-ROLE-SRC-76c64e8de6b5,INT1,INT1/S-701,D600P 安装角色,project_ifc_classification,2504 GBTB Yanlord Zhuhai.ifc,,2504 GBTB Yanlord Zhuhai.ifc,9a4dac0fceaa4d274c604e59f0c73d187b6db7aaece0a028f51d8d036449df1c,type_name=D600P,类型与 VVD 中 600×19×587 mm 薄板几何共同识别为固定柜门板,installation_role=fixed_furniture,最终产品安装节点、连接件或现场完成状态,implemented,0.99,no,no,,D600P,,,furniture-installation-role.csv,"{""selector_kind"":""type_name"",""selector_value"":""D600P"",""installation_role"":""fixed_furniture"",""basis"":""类型与 VVD 中 600×19×587 mm 薄板几何共同识别为固定柜门板"",""confidence"":""0.99"",""human_review_required"":""no"",""status"":""implemented""}",由原家具安装角色登记无损迁移
FUR-ROLE-SRC-3bf990fecc5c,INT1,INT1/S-701,FRE01 安装角色,project_ifc_classification,2504 GBTB Yanlord Zhuhai.ifc,,2504 GBTB Yanlord Zhuhai.ifc,9a4dac0fceaa4d274c604e59f0c73d187b6db7aaece0a028f51d8d036449df1c,type_name=FRE01,类型、VVD 容器与 617×600×1523 mm 柜体包络共同证明安装位置受控,installation_role=fixed_furniture,最终产品安装节点、连接件或现场完成状态,implemented,0.99,no,no,,FRE01,,,furniture-installation-role.csv,"{""selector_kind"":""type_name"",""selector_value"":""FRE01"",""installation_role"":""fixed_furniture"",""basis"":""类型、VVD 容器与 617×600×1523 mm 柜体包络共同证明安装位置受控"",""confidence"":""0.99"",""human_review_required"":""no"",""status"":""implemented""}",由原家具安装角色登记无损迁移
FUR-ROLE-SRC-285701a98ac5,INT1,INT1/S-701,FRE02 安装角色,project_ifc_classification,2504 GBTB Yanlord Zhuhai.ifc,,2504 GBTB Yanlord Zhuhai.ifc,9a4dac0fceaa4d274c604e59f0c73d187b6db7aaece0a028f51d8d036449df1c,type_name=FRE02,类型、VVD 容器与 617×600×860 mm 柜体包络共同证明安装位置受控,installation_role=fixed_furniture,最终产品安装节点、连接件或现场完成状态,implemented,0.99,no,no,,FRE02,,,furniture-installation-role.csv,"{""selector_kind"":""type_name"",""selector_value"":""FRE02"",""installation_role"":""fixed_furniture"",""basis"":""类型、VVD 容器与 617×600×860 mm 柜体包络共同证明安装位置受控"",""confidence"":""0.99"",""human_review_required"":""no"",""status"":""implemented""}",由原家具安装角色登记无损迁移
FUR-ROLE-SRC-0b252fa6a7af,INT1,INT1/S-701,FRI01 安装角色,project_ifc_classification,2504 GBTB Yanlord Zhuhai.ifc,,2504 GBTB Yanlord Zhuhai.ifc,9a4dac0fceaa4d274c604e59f0c73d187b6db7aaece0a028f51d8d036449df1c,type_name=FRI01,类型、VVD 容器与 617×600×1523 mm 柜体包络共同证明安装位置受控,installation_role=fixed_furniture,最终产品安装节点、连接件或现场完成状态,implemented,0.99,no,no,,FRI01,,,furniture-installation-role.csv,"{""selector_kind"":""type_name"",""selector_value"":""FRI01"",""installation_role"":""fixed_furniture"",""basis"":""类型、VVD 容器与 617×600×1523 mm 柜体包络共同证明安装位置受控"",""confidence"":""0.99"",""human_review_required"":""no"",""status"":""implemented""}",由原家具安装角色登记无损迁移
FUR-ROLE-SRC-29655a725411,INT1,INT1/S-701,FRI02 安装角色,project_ifc_classification,2504 GBTB Yanlord Zhuhai.ifc,,2504 GBTB Yanlord Zhuhai.ifc,9a4dac0fceaa4d274c604e59f0c73d187b6db7aaece0a028f51d8d036449df1c,type_name=FRI02,类型、VVD 容器与 617×600×860 mm 柜体包络共同证明安装位置受控,installation_role=fixed_furniture,最终产品安装节点、连接件或现场完成状态,implemented,0.99,no,no,,FRI02,,,furniture-installation-role.csv,"{""selector_kind"":""type_name"",""selector_value"":""FRI02"",""installation_role"":""fixed_furniture"",""basis"":""类型、VVD 容器与 617×600×860 mm 柜体包络共同证明安装位置受控"",""confidence"":""0.99"",""human_review_required"":""no"",""status"":""implemented""}",由原家具安装角色登记无损迁移
FUR-ROLE-SRC-480b2e28aff0,INT1,INT1/S-701,GP01 安装角色,project_ifc_classification,2504 GBTB Yanlord Zhuhai.ifc,,2504 GBTB Yanlord Zhuhai.ifc,9a4dac0fceaa4d274c604e59f0c73d187b6db7aaece0a028f51d8d036449df1c,type_name=GP01,类型、NBW 容器与 670×30×2365 mm 全高薄板几何共同识别为固定板件,installation_role=fixed_furniture,最终产品安装节点、连接件或现场完成状态,implemented,0.99,no,no,,GP01,,,furniture-installation-role.csv,"{""selector_kind"":""type_name"",""selector_value"":""GP01"",""installation_role"":""fixed_furniture"",""basis"":""类型、NBW 容器与 670×30×2365 mm 全高薄板几何共同识别为固定板件"",""confidence"":""0.99"",""human_review_required"":""no"",""status"":""implemented""}",由原家具安装角色登记无损迁移
FUR-ROLE-SRC-81479cf0c9fe,INT1,INT1/S-701,GP01S 安装角色,project_ifc_classification,2504 GBTB Yanlord Zhuhai.ifc,,2504 GBTB Yanlord Zhuhai.ifc,9a4dac0fceaa4d274c604e59f0c73d187b6db7aaece0a028f51d8d036449df1c,type_name=GP01S,类型、NBW 容器与 520×100×2400 mm 全高几何共同识别为固定板件,installation_role=fixed_furniture,最终产品安装节点、连接件或现场完成状态,implemented,0.99,no,no,,GP01S,,,furniture-installation-role.csv,"{""selector_kind"":""type_name"",""selector_value"":""GP01S"",""installation_role"":""fixed_furniture"",""basis"":""类型、NBW 容器与 520×100×2400 mm 全高几何共同识别为固定板件"",""confidence"":""0.99"",""human_review_required"":""no"",""status"":""implemented""}",由原家具安装角色登记无损迁移
FUR-ROLE-SRC-4a1237247c6a,INT1,INT1/S-701,H08 安装角色,project_ifc_classification,2504 GBTB Yanlord Zhuhai.ifc,,2504 GBTB Yanlord Zhuhai.ifc,9a4dac0fceaa4d274c604e59f0c73d187b6db7aaece0a028f51d8d036449df1c,type_name=H08,用户确认 H08 为柜子把手并固定安装,installation_role=fixed_furniture,最终产品安装节点、连接件或现场完成状态,implemented,1.00,no,no,,H08,,,furniture-installation-role.csv,"{""selector_kind"":""type_name"",""selector_value"":""H08"",""installation_role"":""fixed_furniture"",""basis"":""用户确认 H08 为柜子把手并固定安装"",""confidence"":""1.00"",""human_review_required"":""no"",""status"":""implemented""}",由原家具安装角色登记无损迁移
FUR-ROLE-SRC-5d81a30c45ba,INT1,INT1/S-701,H09 安装角色,project_ifc_classification,2504 GBTB Yanlord Zhuhai.ifc,,2504 GBTB Yanlord Zhuhai.ifc,9a4dac0fceaa4d274c604e59f0c73d187b6db7aaece0a028f51d8d036449df1c,type_name=H09,与已确认 H08 同系列且具有相同 55×48×2323 mm 柜门把手几何,installation_role=fixed_furniture,最终产品安装节点、连接件或现场完成状态,implemented,0.99,no,no,,H09,,,furniture-installation-role.csv,"{""selector_kind"":""type_name"",""selector_value"":""H09"",""installation_role"":""fixed_furniture"",""basis"":""与已确认 H08 同系列且具有相同 55×48×2323 mm 柜门把手几何"",""confidence"":""0.99"",""human_review_required"":""no"",""status"":""implemented""}",由原家具安装角色登记无损迁移
FUR-ROLE-SRC-710779d5e112,INT1,INT1/S-701,HC01 安装角色,project_ifc_classification,2504 GBTB Yanlord Zhuhai.ifc,,2504 GBTB Yanlord Zhuhai.ifc,9a4dac0fceaa4d274c604e59f0c73d187b6db7aaece0a028f51d8d036449df1c,type_name=HC01,类型、KITCHEN 容器与 47×47×50 mm 五金几何共同识别为固定柜体五金,installation_role=fixed_furniture,最终产品安装节点、连接件或现场完成状态,implemented,0.99,no,no,,HC01,,,furniture-installation-role.csv,"{""selector_kind"":""type_name"",""selector_value"":""HC01"",""installation_role"":""fixed_furniture"",""basis"":""类型、KITCHEN 容器与 47×47×50 mm 五金几何共同识别为固定柜体五金"",""confidence"":""0.99"",""human_review_required"":""no"",""status"":""implemented""}",由原家具安装角色登记无损迁移
FUR-ROLE-SRC-44dc573a968b,INT1,INT1/S-701,HC02 安装角色,project_ifc_classification,2504 GBTB Yanlord Zhuhai.ifc,,2504 GBTB Yanlord Zhuhai.ifc,9a4dac0fceaa4d274c604e59f0c73d187b6db7aaece0a028f51d8d036449df1c,type_name=HC02,类型、KITCHEN 容器与 78×80×50 mm 五金几何共同识别为固定柜体五金,installation_role=fixed_furniture,最终产品安装节点、连接件或现场完成状态,implemented,0.99,no,no,,HC02,,,furniture-installation-role.csv,"{""selector_kind"":""type_name"",""selector_value"":""HC02"",""installation_role"":""fixed_furniture"",""basis"":""类型、KITCHEN 容器与 78×80×50 mm 五金几何共同识别为固定柜体五金"",""confidence"":""0.99"",""human_review_required"":""no"",""status"":""implemented""}",由原家具安装角色登记无损迁移
FUR-ROLE-SRC-1e42d0dee4f3,INT1,INT1/S-701,HD1200 安装角色,project_ifc_classification,2504 GBTB Yanlord Zhuhai.ifc,,2504 GBTB Yanlord Zhuhai.ifc,9a4dac0fceaa4d274c604e59f0c73d187b6db7aaece0a028f51d8d036449df1c,type_name=HD1200,类型、KITCHEN 容器与 1200×47×50 mm 条状几何共同识别为固定柜体五金,installation_role=fixed_furniture,最终产品安装节点、连接件或现场完成状态,implemented,0.99,no,no,,HD1200,,,furniture-installation-role.csv,"{""selector_kind"":""type_name"",""selector_value"":""HD1200"",""installation_role"":""fixed_furniture"",""basis"":""类型、KITCHEN 容器与 1200×47×50 mm 条状几何共同识别为固定柜体五金"",""confidence"":""0.99"",""human_review_required"":""no"",""status"":""implemented""}",由原家具安装角色登记无损迁移
FUR-ROLE-SRC-f6a7a110e14f,INT1,INT1/S-701,HD450 安装角色,project_ifc_classification,2504 GBTB Yanlord Zhuhai.ifc,,2504 GBTB Yanlord Zhuhai.ifc,9a4dac0fceaa4d274c604e59f0c73d187b6db7aaece0a028f51d8d036449df1c,type_name=HD450,类型、KITCHEN 容器与 450×47×50 mm 条状几何共同识别为固定柜体五金,installation_role=fixed_furniture,最终产品安装节点、连接件或现场完成状态,implemented,0.99,no,no,,HD450,,,furniture-installation-role.csv,"{""selector_kind"":""type_name"",""selector_value"":""HD450"",""installation_role"":""fixed_furniture"",""basis"":""类型、KITCHEN 容器与 450×47×50 mm 条状几何共同识别为固定柜体五金"",""confidence"":""0.99"",""human_review_required"":""no"",""status"":""implemented""}",由原家具安装角色登记无损迁移
FUR-ROLE-SRC-2adec8773b7b,INT1,INT1/S-701,HD600 安装角色,project_ifc_classification,2504 GBTB Yanlord Zhuhai.ifc,,2504 GBTB Yanlord Zhuhai.ifc,9a4dac0fceaa4d274c604e59f0c73d187b6db7aaece0a028f51d8d036449df1c,type_name=HD600,类型、KITCHEN 容器与 600×47×50 mm 条状几何共同识别为固定柜体五金,installation_role=fixed_furniture,最终产品安装节点、连接件或现场完成状态,implemented,0.99,no,no,,HD600,,,furniture-installation-role.csv,"{""selector_kind"":""type_name"",""selector_value"":""HD600"",""installation_role"":""fixed_furniture"",""basis"":""类型、KITCHEN 容器与 600×47×50 mm 条状几何共同识别为固定柜体五金"",""confidence"":""0.99"",""human_review_required"":""no"",""status"":""implemented""}",由原家具安装角色登记无损迁移
FUR-ROLE-SRC-2d622a9790d3,INT1,INT1/S-701,HD900 安装角色,project_ifc_classification,2504 GBTB Yanlord Zhuhai.ifc,,2504 GBTB Yanlord Zhuhai.ifc,9a4dac0fceaa4d274c604e59f0c73d187b6db7aaece0a028f51d8d036449df1c,type_name=HD900,类型、KITCHEN 容器与 900×47×50 mm 条状几何共同识别为固定柜体五金,installation_role=fixed_furniture,最终产品安装节点、连接件或现场完成状态,implemented,0.99,no,no,,HD900,,,furniture-installation-role.csv,"{""selector_kind"":""type_name"",""selector_value"":""HD900"",""installation_role"":""fixed_furniture"",""basis"":""类型、KITCHEN 容器与 900×47×50 mm 条状几何共同识别为固定柜体五金"",""confidence"":""0.99"",""human_review_required"":""no"",""status"":""implemented""}",由原家具安装角色登记无损迁移
FUR-ROLE-SRC-da2263c37835,INT1,INT1/S-701,HIMA01 安装角色,project_ifc_classification,2504 GBTB Yanlord Zhuhai.ifc,,2504 GBTB Yanlord Zhuhai.ifc,9a4dac0fceaa4d274c604e59f0c73d187b6db7aaece0a028f51d8d036449df1c,type_name=HIMA01,类型、BATHM 容器与 826×1685×999 mm 几何共同识别为主卫固定柜体,installation_role=fixed_furniture,最终产品安装节点、连接件或现场完成状态,implemented,0.99,no,no,,HIMA01,,,furniture-installation-role.csv,"{""selector_kind"":""type_name"",""selector_value"":""HIMA01"",""installation_role"":""fixed_furniture"",""basis"":""类型、BATHM 容器与 826×1685×999 mm 几何共同识别为主卫固定柜体"",""confidence"":""0.99"",""human_review_required"":""no"",""status"":""implemented""}",由原家具安装角色登记无损迁移
FUR-ROLE-SRC-8dfd30236337,INT1,INT1/S-701,HL 安装角色,project_ifc_classification,2504 GBTB Yanlord Zhuhai.ifc,,2504 GBTB Yanlord Zhuhai.ifc,9a4dac0fceaa4d274c604e59f0c73d187b6db7aaece0a028f51d8d036449df1c,type_name=HL,类型、VVD 容器与 53×30×2323 mm 全高条状几何共同识别为固定柜体五金,installation_role=fixed_furniture,最终产品安装节点、连接件或现场完成状态,implemented,0.99,no,no,,HL,,,furniture-installation-role.csv,"{""selector_kind"":""type_name"",""selector_value"":""HL"",""installation_role"":""fixed_furniture"",""basis"":""类型、VVD 容器与 53×30×2323 mm 全高条状几何共同识别为固定柜体五金"",""confidence"":""0.99"",""human_review_required"":""no"",""status"":""implemented""}",由原家具安装角色登记无损迁移
FUR-ROLE-SRC-033ca04bbd17,INT1,INT1/S-701,HP 安装角色,project_ifc_classification,2504 GBTB Yanlord Zhuhai.ifc,,2504 GBTB Yanlord Zhuhai.ifc,9a4dac0fceaa4d274c604e59f0c73d187b6db7aaece0a028f51d8d036449df1c,type_name=HP,类型、VVD 容器与 55×360×2323 mm 全高几何共同识别为固定柜体部件,installation_role=fixed_furniture,最终产品安装节点、连接件或现场完成状态,implemented,0.99,no,no,,HP,,,furniture-installation-role.csv,"{""selector_kind"":""type_name"",""selector_value"":""HP"",""installation_role"":""fixed_furniture"",""basis"":""类型、VVD 容器与 55×360×2323 mm 全高几何共同识别为固定柜体部件"",""confidence"":""0.99"",""human_review_required"":""no"",""status"":""implemented""}",由原家具安装角色登记无损迁移
FUR-ROLE-SRC-93cc989216af,INT1,INT1/S-701,Libelle 安装角色,project_ifc_classification,2504 GBTB Yanlord Zhuhai.ifc,,2504 GBTB Yanlord Zhuhai.ifc,9a4dac0fceaa4d274c604e59f0c73d187b6db7aaece0a028f51d8d036449df1c,type_name=Libelle,IfcFurnitureType.SHELF、KITCHEN 容器与 1342×337×2400 mm 全高层架几何共同证明固定安装,installation_role=fixed_furniture,最终产品安装节点、连接件或现场完成状态,implemented,0.99,no,no,,Libelle,,,furniture-installation-role.csv,"{""selector_kind"":""type_name"",""selector_value"":""Libelle"",""installation_role"":""fixed_furniture"",""basis"":""IfcFurnitureType.SHELF、KITCHEN 容器与 1342×337×2400 mm 全高层架几何共同证明固定安装"",""confidence"":""0.99"",""human_review_required"":""no"",""status"":""implemented""}",由原家具安装角色登记无损迁移
FUR-ROLE-SRC-d65509fd42c3,INT1,INT1/S-701,PAN01 安装角色,project_ifc_classification,2504 GBTB Yanlord Zhuhai.ifc,,2504 GBTB Yanlord Zhuhai.ifc,9a4dac0fceaa4d274c604e59f0c73d187b6db7aaece0a028f51d8d036449df1c,type_name=PAN01,类型、VVD 容器与 617×300×2383 mm 全高几何共同识别为固定柜体板件,installation_role=fixed_furniture,最终产品安装节点、连接件或现场完成状态,implemented,0.99,no,no,,PAN01,,,furniture-installation-role.csv,"{""selector_kind"":""type_name"",""selector_value"":""PAN01"",""installation_role"":""fixed_furniture"",""basis"":""类型、VVD 容器与 617×300×2383 mm 全高几何共同识别为固定柜体板件"",""confidence"":""0.99"",""human_review_required"":""no"",""status"":""implemented""}",由原家具安装角色登记无损迁移
FUR-ROLE-SRC-f6d5349c02e3,INT1,INT1/S-701,POT1200 安装角色,project_ifc_classification,2504 GBTB Yanlord Zhuhai.ifc,,2504 GBTB Yanlord Zhuhai.ifc,9a4dac0fceaa4d274c604e59f0c73d187b6db7aaece0a028f51d8d036449df1c,type_name=POT1200,类型、VVD 容器与 1200×300×179 mm 几何共同识别为固定柜体内部单元,installation_role=fixed_furniture,最终产品安装节点、连接件或现场完成状态,implemented,0.99,no,no,,POT1200,,,furniture-installation-role.csv,"{""selector_kind"":""type_name"",""selector_value"":""POT1200"",""installation_role"":""fixed_furniture"",""basis"":""类型、VVD 容器与 1200×300×179 mm 几何共同识别为固定柜体内部单元"",""confidence"":""0.99"",""human_review_required"":""no"",""status"":""implemented""}",由原家具安装角色登记无损迁移
FUR-ROLE-SRC-b9971d78f419,INT1,INT1/S-701,POT600 安装角色,project_ifc_classification,2504 GBTB Yanlord Zhuhai.ifc,,2504 GBTB Yanlord Zhuhai.ifc,9a4dac0fceaa4d274c604e59f0c73d187b6db7aaece0a028f51d8d036449df1c,type_name=POT600,类型、VVD 容器与 600×300×179 mm 几何共同识别为固定柜体内部单元,installation_role=fixed_furniture,最终产品安装节点、连接件或现场完成状态,implemented,0.99,no,no,,POT600,,,furniture-installation-role.csv,"{""selector_kind"":""type_name"",""selector_value"":""POT600"",""installation_role"":""fixed_furniture"",""basis"":""类型、VVD 容器与 600×300×179 mm 几何共同识别为固定柜体内部单元"",""confidence"":""0.99"",""human_review_required"":""no"",""status"":""implemented""}",由原家具安装角色登记无损迁移
FUR-ROLE-SRC-b69eaad9f039,INT1,INT1/S-701,SB01 安装角色,project_ifc_classification,2504 GBTB Yanlord Zhuhai.ifc,,2504 GBTB Yanlord Zhuhai.ifc,9a4dac0fceaa4d274c604e59f0c73d187b6db7aaece0a028f51d8d036449df1c,type_name=SB01,类型、VVD 容器与 16 mm 薄板几何共同识别为固定柜体侧板,installation_role=fixed_furniture,最终产品安装节点、连接件或现场完成状态,implemented,0.99,no,no,,SB01,,,furniture-installation-role.csv,"{""selector_kind"":""type_name"",""selector_value"":""SB01"",""installation_role"":""fixed_furniture"",""basis"":""类型、VVD 容器与 16 mm 薄板几何共同识别为固定柜体侧板"",""confidence"":""0.99"",""human_review_required"":""no"",""status"":""implemented""}",由原家具安装角色登记无损迁移
FUR-ROLE-SRC-6a08a071fa9e,INT1,INT1/S-701,SB02 安装角色,project_ifc_classification,2504 GBTB Yanlord Zhuhai.ifc,,2504 GBTB Yanlord Zhuhai.ifc,9a4dac0fceaa4d274c604e59f0c73d187b6db7aaece0a028f51d8d036449df1c,type_name=SB02,类型、VVD 容器与 16 mm 薄板几何共同识别为固定柜体侧板,installation_role=fixed_furniture,最终产品安装节点、连接件或现场完成状态,implemented,0.99,no,no,,SB02,,,furniture-installation-role.csv,"{""selector_kind"":""type_name"",""selector_value"":""SB02"",""installation_role"":""fixed_furniture"",""basis"":""类型、VVD 容器与 16 mm 薄板几何共同识别为固定柜体侧板"",""confidence"":""0.99"",""human_review_required"":""no"",""status"":""implemented""}",由原家具安装角色登记无损迁移
FUR-ROLE-SRC-6deab3f093e7,INT1,INT1/S-701,SB03 安装角色,project_ifc_classification,2504 GBTB Yanlord Zhuhai.ifc,,2504 GBTB Yanlord Zhuhai.ifc,9a4dac0fceaa4d274c604e59f0c73d187b6db7aaece0a028f51d8d036449df1c,type_name=SB03,用户确认 SB03 为柜子侧板并固定安装,installation_role=fixed_furniture,最终产品安装节点、连接件或现场完成状态,implemented,1.00,no,no,,SB03,,,furniture-installation-role.csv,"{""selector_kind"":""type_name"",""selector_value"":""SB03"",""installation_role"":""fixed_furniture"",""basis"":""用户确认 SB03 为柜子侧板并固定安装"",""confidence"":""1.00"",""human_review_required"":""no"",""status"":""implemented""}",由原家具安装角色登记无损迁移
FUR-ROLE-SRC-d440237eebf7,INT1,INT1/S-701,SHE01 安装角色,project_ifc_classification,2504 GBTB Yanlord Zhuhai.ifc,,2504 GBTB Yanlord Zhuhai.ifc,9a4dac0fceaa4d274c604e59f0c73d187b6db7aaece0a028f51d8d036449df1c,type_name=SHE01,IfcFurnitureType.SHELF、LIVING 容器与 203×839×2146 mm 全高层架几何共同证明固定安装,installation_role=fixed_furniture,最终产品安装节点、连接件或现场完成状态,implemented,0.99,no,no,,SHE01,,,furniture-installation-role.csv,"{""selector_kind"":""type_name"",""selector_value"":""SHE01"",""installation_role"":""fixed_furniture"",""basis"":""IfcFurnitureType.SHELF、LIVING 容器与 203×839×2146 mm 全高层架几何共同证明固定安装"",""confidence"":""0.99"",""human_review_required"":""no"",""status"":""implemented""}",由原家具安装角色登记无损迁移
FUR-ROLE-SRC-303704981d05,INT1,INT1/S-701,SIS04 安装角色,project_ifc_classification,2504 GBTB Yanlord Zhuhai.ifc,,2504 GBTB Yanlord Zhuhai.ifc,9a4dac0fceaa4d274c604e59f0c73d187b6db7aaece0a028f51d8d036449df1c,type_name=SIS04,类型、KITCHEN 容器与 369×1962×722 mm 高位柜体几何共同证明固定安装,installation_role=fixed_furniture,最终产品安装节点、连接件或现场完成状态,implemented,0.99,no,no,,SIS04,,,furniture-installation-role.csv,"{""selector_kind"":""type_name"",""selector_value"":""SIS04"",""installation_role"":""fixed_furniture"",""basis"":""类型、KITCHEN 容器与 369×1962×722 mm 高位柜体几何共同证明固定安装"",""confidence"":""0.99"",""human_review_required"":""no"",""status"":""implemented""}",由原家具安装角色登记无损迁移
FUR-ROLE-SRC-14ae5ab8677c,INT1,INT1/S-701,SKI03 安装角色,project_ifc_classification,2504 GBTB Yanlord Zhuhai.ifc,,2504 GBTB Yanlord Zhuhai.ifc,9a4dac0fceaa4d274c604e59f0c73d187b6db7aaece0a028f51d8d036449df1c,type_name=SKI03,用户确认 SKI03 为柜子踢脚板并固定安装,installation_role=fixed_furniture,最终产品安装节点、连接件或现场完成状态,implemented,1.00,no,no,,SKI03,,,furniture-installation-role.csv,"{""selector_kind"":""type_name"",""selector_value"":""SKI03"",""installation_role"":""fixed_furniture"",""basis"":""用户确认 SKI03 为柜子踢脚板并固定安装"",""confidence"":""1.00"",""human_review_required"":""no"",""status"":""implemented""}",由原家具安装角色登记无损迁移
FUR-ROLE-SRC-90aa3e70bc89,INT1,INT1/S-701,SKI04 安装角色,project_ifc_classification,2504 GBTB Yanlord Zhuhai.ifc,,2504 GBTB Yanlord Zhuhai.ifc,9a4dac0fceaa4d274c604e59f0c73d187b6db7aaece0a028f51d8d036449df1c,type_name=SKI04,与已确认 SKI03 同系列且具有 2400×16×60 mm 踢脚板几何,installation_role=fixed_furniture,最终产品安装节点、连接件或现场完成状态,implemented,0.99,no,no,,SKI04,,,furniture-installation-role.csv,"{""selector_kind"":""type_name"",""selector_value"":""SKI04"",""installation_role"":""fixed_furniture"",""basis"":""与已确认 SKI03 同系列且具有 2400×16×60 mm 踢脚板几何"",""confidence"":""0.99"",""human_review_required"":""no"",""status"":""implemented""}",由原家具安装角色登记无损迁移
FUR-ROLE-SRC-81e2a3340e3c,INT1,INT1/S-701,W06L 安装角色,project_ifc_classification,2504 GBTB Yanlord Zhuhai.ifc,,2504 GBTB Yanlord Zhuhai.ifc,9a4dac0fceaa4d274c604e59f0c73d187b6db7aaece0a028f51d8d036449df1c,type_name=W06L,类型、KITCHEN 容器与 1100×750×60 mm 薄板几何共同识别为固定柜体板件,installation_role=fixed_furniture,最终产品安装节点、连接件或现场完成状态,implemented,0.99,no,no,,W06L,,,furniture-installation-role.csv,"{""selector_kind"":""type_name"",""selector_value"":""W06L"",""installation_role"":""fixed_furniture"",""basis"":""类型、KITCHEN 容器与 1100×750×60 mm 薄板几何共同识别为固定柜体板件"",""confidence"":""0.99"",""human_review_required"":""no"",""status"":""implemented""}",由原家具安装角色登记无损迁移
FUR-ROLE-SRC-f38485b1b36b,INT1,INT1/S-701,WD01 安装角色,project_ifc_classification,2504 GBTB Yanlord Zhuhai.ifc,,2504 GBTB Yanlord Zhuhai.ifc,9a4dac0fceaa4d274c604e59f0c73d187b6db7aaece0a028f51d8d036449df1c,type_name=WD01,类型、BEDM 容器与 674×1203×2390 mm 全高几何共同识别为固定衣柜单元,installation_role=fixed_furniture,最终产品安装节点、连接件或现场完成状态,implemented,0.99,no,no,,WD01,,,furniture-installation-role.csv,"{""selector_kind"":""type_name"",""selector_value"":""WD01"",""installation_role"":""fixed_furniture"",""basis"":""类型、BEDM 容器与 674×1203×2390 mm 全高几何共同识别为固定衣柜单元"",""confidence"":""0.99"",""human_review_required"":""no"",""status"":""implemented""}",由原家具安装角色登记无损迁移
FUR-ROLE-SRC-aea62f5752cb,INT1,INT1/S-701,WD01L 安装角色,project_ifc_classification,2504 GBTB Yanlord Zhuhai.ifc,,2504 GBTB Yanlord Zhuhai.ifc,9a4dac0fceaa4d274c604e59f0c73d187b6db7aaece0a028f51d8d036449df1c,type_name=WD01L,类型、BEDM 容器与 674×603×2390 mm 全高几何共同识别为固定衣柜单元,installation_role=fixed_furniture,最终产品安装节点、连接件或现场完成状态,implemented,0.99,no,no,,WD01L,,,furniture-installation-role.csv,"{""selector_kind"":""type_name"",""selector_value"":""WD01L"",""installation_role"":""fixed_furniture"",""basis"":""类型、BEDM 容器与 674×603×2390 mm 全高几何共同识别为固定衣柜单元"",""confidence"":""0.99"",""human_review_required"":""no"",""status"":""implemented""}",由原家具安装角色登记无损迁移
FUR-ROLE-SRC-a5ac9900ee5a,INT1,INT1/S-701,WD02 安装角色,project_ifc_classification,2504 GBTB Yanlord Zhuhai.ifc,,2504 GBTB Yanlord Zhuhai.ifc,9a4dac0fceaa4d274c604e59f0c73d187b6db7aaece0a028f51d8d036449df1c,type_name=WD02,类型、LIVING 容器与 628×600×2393 mm 全高几何共同识别为固定柜体单元,installation_role=fixed_furniture,最终产品安装节点、连接件或现场完成状态,implemented,0.99,no,no,,WD02,,,furniture-installation-role.csv,"{""selector_kind"":""type_name"",""selector_value"":""WD02"",""installation_role"":""fixed_furniture"",""basis"":""类型、LIVING 容器与 628×600×2393 mm 全高几何共同识别为固定柜体单元"",""confidence"":""0.99"",""human_review_required"":""no"",""status"":""implemented""}",由原家具安装角色登记无损迁移
FUR-ROLE-SRC-29240b0b53cb,INT1,INT1/S-701,WD03 安装角色,project_ifc_classification,2504 GBTB Yanlord Zhuhai.ifc,,2504 GBTB Yanlord Zhuhai.ifc,9a4dac0fceaa4d274c604e59f0c73d187b6db7aaece0a028f51d8d036449df1c,type_name=WD03,类型、BEDG 容器与 1313×586×2390 mm 全高几何共同识别为固定衣柜单元,installation_role=fixed_furniture,最终产品安装节点、连接件或现场完成状态,implemented,0.99,no,no,,WD03,,,furniture-installation-role.csv,"{""selector_kind"":""type_name"",""selector_value"":""WD03"",""installation_role"":""fixed_furniture"",""basis"":""类型、BEDG 容器与 1313×586×2390 mm 全高几何共同识别为固定衣柜单元"",""confidence"":""0.99"",""human_review_required"":""no"",""status"":""implemented""}",由原家具安装角色登记无损迁移
FUR-ROLE-SRC-dba93f7d76bf,INT1,INT1/S-701,BST01 安装角色,project_ifc_classification,2504 GBTB Yanlord Zhuhai.ifc,,2504 GBTB Yanlord Zhuhai.ifc,9a4dac0fceaa4d274c604e59f0c73d187b6db7aaece0a028f51d8d036449df1c,type_name=BST01,类型、BEDM 容器与 399×399×450 mm 几何共同识别为活动床头柜,installation_role=loose_furniture,最终产品安装节点、连接件或现场完成状态,implemented,0.99,no,no,,BST01,,,furniture-installation-role.csv,"{""selector_kind"":""type_name"",""selector_value"":""BST01"",""installation_role"":""loose_furniture"",""basis"":""类型、BEDM 容器与 399×399×450 mm 几何共同识别为活动床头柜"",""confidence"":""0.99"",""human_review_required"":""no"",""status"":""implemented""}",由原家具安装角色登记无损迁移
FUR-ROLE-SRC-53bbe15616e1,INT1,INT1/S-701,BST02 安装角色,project_ifc_classification,2504 GBTB Yanlord Zhuhai.ifc,,2504 GBTB Yanlord Zhuhai.ifc,9a4dac0fceaa4d274c604e59f0c73d187b6db7aaece0a028f51d8d036449df1c,type_name=BST02,类型、BEDM 容器与 578×560×250 mm 几何共同识别为活动床头柜,installation_role=loose_furniture,最终产品安装节点、连接件或现场完成状态,implemented,0.99,no,no,,BST02,,,furniture-installation-role.csv,"{""selector_kind"":""type_name"",""selector_value"":""BST02"",""installation_role"":""loose_furniture"",""basis"":""类型、BEDM 容器与 578×560×250 mm 几何共同识别为活动床头柜"",""confidence"":""0.99"",""human_review_required"":""no"",""status"":""implemented""}",由原家具安装角色登记无损迁移
FUR-ROLE-SRC-8b2b41684309,INT1,INT1/S-701,BST03 安装角色,project_ifc_classification,2504 GBTB Yanlord Zhuhai.ifc,,2504 GBTB Yanlord Zhuhai.ifc,9a4dac0fceaa4d274c604e59f0c73d187b6db7aaece0a028f51d8d036449df1c,type_name=BST03,类型、BEDG 容器与 462×462×466 mm 几何共同识别为活动床头柜,installation_role=loose_furniture,最终产品安装节点、连接件或现场完成状态,implemented,0.99,no,no,,BST03,,,furniture-installation-role.csv,"{""selector_kind"":""type_name"",""selector_value"":""BST03"",""installation_role"":""loose_furniture"",""basis"":""类型、BEDG 容器与 462×462×466 mm 几何共同识别为活动床头柜"",""confidence"":""0.99"",""human_review_required"":""no"",""status"":""implemented""}",由原家具安装角色登记无损迁移
FUR-ROLE-SRC-2e0c7dfb150a,INT1,INT1/S-701,19MpdkWqXC7uhUNhLQgrce 安装角色,project_ifc_classification,2504 GBTB Yanlord Zhuhai.ifc,,2504 GBTB Yanlord Zhuhai.ifc,9a4dac0fceaa4d274c604e59f0c73d187b6db7aaece0a028f51d8d036449df1c,global_id=19MpdkWqXC7uhUNhLQgrce,对象名 505 UP V1.LP.S、LIVING 容器与 2912×436×2380 mm 全高柜体几何共同证明固定安装,installation_role=fixed_furniture,最终产品安装节点、连接件或现场完成状态,implemented,0.99,no,no,,19MpdkWqXC7uhUNhLQgrce,,,furniture-installation-role.csv,"{""selector_kind"":""global_id"",""selector_value"":""19MpdkWqXC7uhUNhLQgrce"",""installation_role"":""fixed_furniture"",""basis"":""对象名 505 UP V1.LP.S、LIVING 容器与 2912×436×2380 mm 全高柜体几何共同证明固定安装"",""confidence"":""0.99"",""human_review_required"":""no"",""status"":""implemented""}",由原家具安装角色登记无损迁移
FUR-ROLE-SRC-34648f4c3ff7,INT1,INT1/S-701,1W$zPXJs93UfXs41zQw4oi 安装角色,project_ifc_classification,2504 GBTB Yanlord Zhuhai.ifc,,2504 GBTB Yanlord Zhuhai.ifc,9a4dac0fceaa4d274c604e59f0c73d187b6db7aaece0a028f51d8d036449df1c,global_id=1W$zPXJs93UfXs41zQw4oi,对象名 VVD Island worktop board 明确为岛台固定台面板,installation_role=fixed_furniture,最终产品安装节点、连接件或现场完成状态,implemented,1.00,no,no,,1W$zPXJs93UfXs41zQw4oi,,,furniture-installation-role.csv,"{""selector_kind"":""global_id"",""selector_value"":""1W$zPXJs93UfXs41zQw4oi"",""installation_role"":""fixed_furniture"",""basis"":""对象名 VVD Island worktop board 明确为岛台固定台面板"",""confidence"":""1.00"",""human_review_required"":""no"",""status"":""implemented""}",由原家具安装角色登记无损迁移
FUR-ROLE-SRC-2a7cfd77b897,INT1,INT1/S-701,34ibuNihL8HQ7qG1pk9Bvn 安装角色,project_ifc_classification,2504 GBTB Yanlord Zhuhai.ifc,,2504 GBTB Yanlord Zhuhai.ifc,9a4dac0fceaa4d274c604e59f0c73d187b6db7aaece0a028f51d8d036449df1c,global_id=34ibuNihL8HQ7qG1pk9Bvn,对象名 VVD Island Inner Sideboard 明确为岛台固定侧板,installation_role=fixed_furniture,最终产品安装节点、连接件或现场完成状态,implemented,1.00,no,no,,34ibuNihL8HQ7qG1pk9Bvn,,,furniture-installation-role.csv,"{""selector_kind"":""global_id"",""selector_value"":""34ibuNihL8HQ7qG1pk9Bvn"",""installation_role"":""fixed_furniture"",""basis"":""对象名 VVD Island Inner Sideboard 明确为岛台固定侧板"",""confidence"":""1.00"",""human_review_required"":""no"",""status"":""implemented""}",由原家具安装角色登记无损迁移
