candidate_reference,space_global_id,space_long_name,space_name,current_reference,centre_x_mm,centre_y_mm,centre_z_mm,clockwise_angle_deg,basis,confidence,review_required,status,formal_ifc_write_allowed
R01,36NNomu9TDP9xkhh6D2l8K,玄关,SPACE-MERGED-016-玄关,R01,4950.000,-700.000,1400.000,0.000000,用户确认玄关为 R01；按 22 个 Space 世界包围盒中心相对总体中心的顺时针极角排序,1.00,no,implemented,no
R02,3_0Iqe4h98T8fmNcI7e34S,走廊,SPACE-MERGED-015-走廊,R02,450.000,-550.000,1400.000,12.859002,用户确认玄关为 R01；按 22 个 Space 世界包围盒中心相对总体中心的顺时针极角排序,1.00,no,implemented,no
R03,3_nZ2R79H1KBJ9M4f8Yxuj,西厨,SPACE-MERGED-008-西厨,R03,1600.000,-2450.000,1400.000,38.568071,用户确认玄关为 R01；按 22 个 Space 世界包围盒中心相对总体中心的顺时针极角排序,1.00,no,implemented,no
R04,2fhEbDfK1EkhJwlPikNm$b,中厨,SPACE-MERGED-007-中厨,R04,1600.000,-4500.000,1400.000,55.793430,用户确认玄关为 R01；按 22 个 Space 世界包围盒中心相对总体中心的顺时针极角排序,1.00,no,implemented,no
R05,31dqi6CKf5xBgtPCp1BqUZ,中厨飘窗,SPACE-CELL-07-08-U-J,R05,1600.000,-5650.000,1400.000,61.060142,用户确认玄关为 R01；按 22 个 Space 世界包围盒中心相对总体中心的顺时针极角排序,1.00,no,implemented,no
R06,3AlgzRX3jCvPS420cah9Qn,餐厅飘窗,SPACE-CELL-05-06-J-K,R06,-1250.000,-4900.000,1400.000,90.062195,用户确认玄关为 R01；按 22 个 Space 世界包围盒中心相对总体中心的顺时针极角排序,1.00,no,implemented,no
R07,2JnxeB$or6D8nffRg7GQbf,餐厅,SPACE-MERGED-004-餐厅,R07,-1250.000,-2850.000,1400.000,94.266066,用户确认玄关为 R01；按 22 个 Space 世界包围盒中心相对总体中心的顺时针极角排序,1.00,no,implemented,no
R08,2Ipk_EVoLERRYRYxRXZV5U,主卧飘窗,SPACE-CELL-01-02-J-K,R08,-4500.000,-4900.000,1400.000,122.429170,用户确认玄关为 R01；按 22 个 Space 世界包围盒中心相对总体中心的顺时针极角排序,1.00,no,implemented,no
R09,3gHz6U6BfFXgV6PnRzfOf$,主卧,SPACE-MERGED-001-主卧,R09,-4500.000,-2850.000,1400.000,138.347894,用户确认玄关为 R01；按 22 个 Space 世界包围盒中心相对总体中心的顺时针极角排序,1.00,no,implemented,no
R10,1W_zE37d90uejTDgSPX_vS,主卧入口,SPACE-CELL-02-05-N-O,R10,-3600.000,-550.000,1400.000,166.146738,用户确认玄关为 R01；按 22 个 Space 世界包围盒中心相对总体中心的顺时针极角排序,1.00,no,implemented,no
R11,3qDKVXWy5FxAT1_mcfnS37,主卫干区,SPACE-CELL-01-02-N-O,R11,-5700.000,-550.000,1400.000,169.654495,用户确认玄关为 R01；按 22 个 Space 世界包围盒中心相对总体中心的顺时针极角排序,1.00,no,implemented,no
R12,3a4COIs5X7lgDirMBDT4Vs,主卫湿区,SPACE-MERGED-002-主卫湿区,R12,-5700.000,1400.000,1400.000,191.796734,用户确认玄关为 R01；按 22 个 Space 世界包围盒中心相对总体中心的顺时针极角排序,1.00,no,implemented,no
R13,2QIFZrZIr8GQwOQOo0KVFP,主卫湿区飘窗,SPACE-CELL-01-02-P-Q,R13,-5700.000,3000.000,1400.000,206.961781,用户确认玄关为 R01；按 22 个 Space 世界包围盒中心相对总体中心的顺时针极角排序,1.00,no,implemented,no
R14,0WyQ2Z9pX5qgwfdTOZwAkw,次卧,SPACE-MERGED-003-次卧,R14,-3300.000,1700.000,1400.000,210.548154,用户确认玄关为 R01；按 22 个 Space 世界包围盒中心相对总体中心的顺时针极角排序,1.00,no,implemented,no
R15,004pVXwHv1W8qavLfulRuQ,次卧飘窗,SPACE-CELL-02-05-Q-R,R15,-3300.000,3600.000,1400.000,230.440947,用户确认玄关为 R01；按 22 个 Space 世界包围盒中心相对总体中心的顺时针极角排序,1.00,no,implemented,no
R16,25Lcecvwn9lg6g3QKgRlJU,客卫干区,SPACE-CELL-06-07-O-T,R16,-950.000,710.000,1400.000,253.078308,用户确认玄关为 R01；按 22 个 Space 世界包围盒中心相对总体中心的顺时针极角排序,1.00,no,implemented,no
R17,3bF9ub5u5FFgmXQtSgfWnW,客卫,SPACE-MERGED-006-客卫,R17,-950.000,2310.000,1400.000,260.437857,用户确认玄关为 R01；按 22 个 Space 世界包围盒中心相对总体中心的顺时针极角排序,1.00,no,implemented,no
R18,3I284j2FzFG9RguqlzYOH2,客卫飘窗,SPACE-CELL-06-07-Q-R,R18,-950.000,3600.000,1400.000,261.808188,用户确认玄关为 R01；按 22 个 Space 世界包围盒中心相对总体中心的顺时针极角排序,1.00,no,implemented,no
R19,3duvnJsPDAxQ6DrC$1LE7S,阳台,SPACE-MERGED-014-阳台,R19,1900.000,4050.000,1400.000,297.017007,用户确认玄关为 R01；按 22 个 Space 世界包围盒中心相对总体中心的顺时针极角排序,1.00,no,implemented,no
R20,2wgBPVUpv2DvcZCfbe6fdv,客厅,SPACE-MERGED-009-客厅,R20,1900.000,1700.000,1400.000,319.940950,用户确认玄关为 R01；按 22 个 Space 世界包围盒中心相对总体中心的顺时针极角排序,1.00,no,implemented,no
R21,31XjLjEb14IRdtHOXVjDVW,书房飘窗,SPACE-CELL-11-13-Q-R,R21,5250.000,3600.000,1400.000,322.607244,用户确认玄关为 R01；按 22 个 Space 世界包围盒中心相对总体中心的顺时针极角排序,1.00,no,implemented,no
R22,0XmeOOraz9tP2_CetH7YYh,书房,SPACE-MERGED-013-书房,R22,5250.000,1700.000,1400.000,337.447398,用户确认玄关为 R01；按 22 个 Space 世界包围盒中心相对总体中心的顺时针极角排序,1.00,no,implemented,no
